ISO-10303-21;
HEADER;
/* Generated by software containing ST-Developer
 * from STEP Tools, Inc. (www.steptools.com) 
 */

FILE_DESCRIPTION(
/* description */ (''),
/* implementation_level */ '2;1');

FILE_NAME(
/* name */ 'MacroPadCase.step',
/* time_stamp */ '2025-11-23T21:44:59+01:00',
/* author */ (''),
/* organization */ (''),
/* preprocessor_version */ 'ST-DEVELOPER v20.1',
/* originating_system */ 'Autodesk Translation Framework v14.21.0.0',
/* authorisation */ '');

FILE_SCHEMA (('AUTOMOTIVE_DESIGN { 1 0 10303 214 3 1 1 }'));
ENDSEC;

DATA;
#10=MECHANICAL_DESIGN_GEOMETRIC_PRESENTATION_REPRESENTATION('',(#17),#13772);
#11=ITEM_DEFINED_TRANSFORMATION($,$,#6864,#7034);
#12=(
REPRESENTATION_RELATIONSHIP($,$,#13783,#13782)
REPRESENTATION_RELATIONSHIP_WITH_TRANSFORMATION(#11)
SHAPE_REPRESENTATION_RELATIONSHIP()
);
#13=CONTEXT_DEPENDENT_SHAPE_REPRESENTATION(#12,#13781);
#14=NEXT_ASSEMBLY_USAGE_OCCURRENCE('IDKCase?:1','IDKCase?:1',
'IDKCase?:1',#13785,#13786,'IDKCase?:1');
#15=SHAPE_REPRESENTATION_RELATIONSHIP('SRR','None',#13783,#16);
#16=ADVANCED_BREP_SHAPE_REPRESENTATION('',(#18),#13771);
#17=STYLED_ITEM('',(#13796),#18);
#18=MANIFOLD_SOLID_BREP('Body1',#6850);
#19=CYLINDRICAL_SURFACE('',#6988,5.);
#20=CYLINDRICAL_SURFACE('',#6999,5.);
#21=CYLINDRICAL_SURFACE('',#7000,5.);
#22=CYLINDRICAL_SURFACE('',#7002,5.);
#23=CYLINDRICAL_SURFACE('',#7009,3.);
#24=CYLINDRICAL_SURFACE('',#7011,3.);
#25=CYLINDRICAL_SURFACE('',#7013,3.00000000000001);
#26=CYLINDRICAL_SURFACE('',#7015,3.);
#27=CYLINDRICAL_SURFACE('',#7022,1.7);
#28=CYLINDRICAL_SURFACE('',#7025,1.7);
#29=CYLINDRICAL_SURFACE('',#7028,1.7);
#30=CYLINDRICAL_SURFACE('',#7031,1.7);
#31=CIRCLE('',#6974,5.);
#32=CIRCLE('',#6975,5.);
#33=CIRCLE('',#6976,5.);
#34=CIRCLE('',#6977,5.);
#35=CIRCLE('',#6978,3.);
#36=CIRCLE('',#6979,3.);
#37=CIRCLE('',#6980,3.);
#38=CIRCLE('',#6981,3.00000000000001);
#39=CIRCLE('',#6989,5.);
#40=CIRCLE('',#6991,5.);
#41=CIRCLE('',#6992,5.);
#42=CIRCLE('',#6993,5.);
#43=CIRCLE('',#6994,1.7);
#44=CIRCLE('',#6995,1.7);
#45=CIRCLE('',#6996,1.7);
#46=CIRCLE('',#6997,1.7);
#47=CIRCLE('',#7010,3.);
#48=CIRCLE('',#7012,3.);
#49=CIRCLE('',#7014,3.00000000000001);
#50=CIRCLE('',#7016,3.);
#51=CIRCLE('',#7023,1.7);
#52=CIRCLE('',#7026,1.7);
#53=CIRCLE('',#7029,1.7);
#54=CIRCLE('',#7032,1.7);
#55=FACE_BOUND('',#1182,.T.);
#56=FACE_BOUND('',#1240,.T.);
#57=FACE_BOUND('',#1279,.T.);
#58=FACE_BOUND('',#1331,.T.);
#59=FACE_BOUND('',#1417,.T.);
#60=FACE_BOUND('',#1457,.T.);
#61=FACE_BOUND('',#1458,.T.);
#62=FACE_BOUND('',#1460,.T.);
#63=FACE_BOUND('',#1461,.T.);
#64=FACE_BOUND('',#1462,.T.);
#65=FACE_BOUND('',#1463,.T.);
#66=FACE_BOUND('',#1464,.T.);
#67=FACE_BOUND('',#1465,.T.);
#68=FACE_BOUND('',#1466,.T.);
#69=FACE_BOUND('',#1467,.T.);
#70=FACE_BOUND('',#1468,.T.);
#71=FACE_BOUND('',#1469,.T.);
#72=FACE_BOUND('',#1470,.T.);
#73=FACE_BOUND('',#1471,.T.);
#74=FACE_BOUND('',#1472,.T.);
#75=FACE_BOUND('',#1473,.T.);
#76=FACE_BOUND('',#1474,.T.);
#77=FACE_BOUND('',#1475,.T.);
#78=FACE_BOUND('',#1476,.T.);
#79=FACE_BOUND('',#1477,.T.);
#80=FACE_BOUND('',#1478,.T.);
#81=FACE_BOUND('',#1487,.T.);
#82=FACE_BOUND('',#1488,.T.);
#83=FACE_BOUND('',#1489,.T.);
#84=FACE_BOUND('',#1490,.T.);
#85=FACE_BOUND('',#1513,.T.);
#86=FACE_BOUND('',#1516,.T.);
#87=FACE_BOUND('',#1519,.T.);
#88=FACE_BOUND('',#1522,.T.);
#89=B_SPLINE_CURVE_WITH_KNOTS('',3,(#7950,#7951,#7952,#7953,#7954),
 .UNSPECIFIED.,.F.,.F.,(4,1,4),(0.,0.0210752868846736,0.0435357079108796),
 .UNSPECIFIED.);
#90=B_SPLINE_CURVE_WITH_KNOTS('',3,(#7957,#7958,#7959,#7960,#7961),
 .UNSPECIFIED.,.F.,.F.,(4,1,4),(0.,0.0210752868846736,0.0435357079108796),
 .UNSPECIFIED.);
#91=B_SPLINE_CURVE_WITH_KNOTS('',3,(#7973,#7974,#7975,#7976,#7977),
 .UNSPECIFIED.,.F.,.F.,(4,1,4),(0.,0.0119598562353681,0.0246830107757546),
 .UNSPECIFIED.);
#92=B_SPLINE_CURVE_WITH_KNOTS('',3,(#7980,#7981,#7982,#7983,#7984),
 .UNSPECIFIED.,.F.,.F.,(4,1,4),(0.,0.0119598562353681,0.0246830107757546),
 .UNSPECIFIED.);
#93=B_SPLINE_CURVE_WITH_KNOTS('',3,(#7996,#7997,#7998,#7999,#8000),
 .UNSPECIFIED.,.F.,.F.,(4,1,4),(0.,0.0116027315793526,0.0231949398736087),
 .UNSPECIFIED.);
#94=B_SPLINE_CURVE_WITH_KNOTS('',3,(#8003,#8004,#8005,#8006,#8007),
 .UNSPECIFIED.,.F.,.F.,(4,1,4),(0.,0.0116027315793526,0.0231949398736087),
 .UNSPECIFIED.);
#95=B_SPLINE_CURVE_WITH_KNOTS('',3,(#8019,#8020,#8021,#8022,#8023),
 .UNSPECIFIED.,.F.,.F.,(4,1,4),(0.,0.0147731198645125,0.028425872130812),
 .UNSPECIFIED.);
#96=B_SPLINE_CURVE_WITH_KNOTS('',3,(#8026,#8027,#8028,#8029,#8030),
 .UNSPECIFIED.,.F.,.F.,(4,1,4),(0.,0.0147731198645125,0.028425872130812),
 .UNSPECIFIED.);
#97=B_SPLINE_CURVE_WITH_KNOTS('',3,(#8048,#8049,#8050,#8051,#8052),
 .UNSPECIFIED.,.F.,.F.,(4,1,4),(0.,0.0190086055122729,0.0400653186187899),
 .UNSPECIFIED.);
#98=B_SPLINE_CURVE_WITH_KNOTS('',3,(#8055,#8056,#8057,#8058,#8059),
 .UNSPECIFIED.,.F.,.F.,(4,1,4),(0.,0.0190086055122729,0.0400653186187899),
 .UNSPECIFIED.);
#99=B_SPLINE_CURVE_WITH_KNOTS('',3,(#8071,#8072,#8073,#8074,#8075),
 .UNSPECIFIED.,.F.,.F.,(4,1,4),(0.,0.0125611057733368,0.0250527143808696),
 .UNSPECIFIED.);
#100=B_SPLINE_CURVE_WITH_KNOTS('',3,(#8078,#8079,#8080,#8081,#8082),
 .UNSPECIFIED.,.F.,.F.,(4,1,4),(0.,0.0125611057733368,0.0250527143808696),
 .UNSPECIFIED.);
#101=B_SPLINE_CURVE_WITH_KNOTS('',3,(#8094,#8095,#8096,#8097,#8098),
 .UNSPECIFIED.,.F.,.F.,(4,1,4),(0.,0.0227362255889586,0.0386715357127468),
 .UNSPECIFIED.);
#102=B_SPLINE_CURVE_WITH_KNOTS('',3,(#8101,#8102,#8103,#8104,#8105),
 .UNSPECIFIED.,.F.,.F.,(4,1,4),(0.,0.0227362255889586,0.0386715357127468),
 .UNSPECIFIED.);
#103=B_SPLINE_CURVE_WITH_KNOTS('',3,(#8173,#8174,#8175,#8176,#8177),
 .UNSPECIFIED.,.F.,.F.,(4,1,4),(0.,0.0178944520920547,0.0407631939533183),
 .UNSPECIFIED.);
#104=B_SPLINE_CURVE_WITH_KNOTS('',3,(#8180,#8181,#8182,#8183,#8184),
 .UNSPECIFIED.,.F.,.F.,(4,1,4),(0.,0.0178944520920547,0.0407631939533183),
 .UNSPECIFIED.);
#105=B_SPLINE_CURVE_WITH_KNOTS('',3,(#8196,#8197,#8198,#8199,#8200),
 .UNSPECIFIED.,.F.,.F.,(4,1,4),(0.,0.0158958915448403,0.0312889576988737),
 .UNSPECIFIED.);
#106=B_SPLINE_CURVE_WITH_KNOTS('',3,(#8203,#8204,#8205,#8206,#8207),
 .UNSPECIFIED.,.F.,.F.,(4,1,4),(0.,0.0158958915448403,0.0312889576988737),
 .UNSPECIFIED.);
#107=B_SPLINE_CURVE_WITH_KNOTS('',3,(#8219,#8220,#8221,#8222,#8223),
 .UNSPECIFIED.,.F.,.F.,(4,1,4),(0.,0.0160262506056083,0.0322425710046781),
 .UNSPECIFIED.);
#108=B_SPLINE_CURVE_WITH_KNOTS('',3,(#8226,#8227,#8228,#8229,#8230),
 .UNSPECIFIED.,.F.,.F.,(4,1,4),(0.,0.0160262506056083,0.0322425710046781),
 .UNSPECIFIED.);
#109=B_SPLINE_CURVE_WITH_KNOTS('',3,(#8242,#8243,#8244,#8245,#8246),
 .UNSPECIFIED.,.F.,.F.,(4,1,4),(0.,0.0172618275093881,0.0369302539925132),
 .UNSPECIFIED.);
#110=B_SPLINE_CURVE_WITH_KNOTS('',3,(#8249,#8250,#8251,#8252,#8253),
 .UNSPECIFIED.,.F.,.F.,(4,1,4),(0.,0.0172618275093881,0.0369302539925132),
 .UNSPECIFIED.);
#111=B_SPLINE_CURVE_WITH_KNOTS('',3,(#8265,#8266,#8267,#8268,#8269),
 .UNSPECIFIED.,.F.,.F.,(4,1,4),(0.,0.0240528935775011,0.042701985060103),
 .UNSPECIFIED.);
#112=B_SPLINE_CURVE_WITH_KNOTS('',3,(#8272,#8273,#8274,#8275,#8276),
 .UNSPECIFIED.,.F.,.F.,(4,1,4),(0.,0.0240528935775011,0.042701985060103),
 .UNSPECIFIED.);
#113=B_SPLINE_CURVE_WITH_KNOTS('',3,(#8306,#8307,#8308,#8309,#8310),
 .UNSPECIFIED.,.F.,.F.,(4,1,4),(0.,0.0213563265870407,0.049559446522481),
 .UNSPECIFIED.);
#114=B_SPLINE_CURVE_WITH_KNOTS('',3,(#8313,#8314,#8315,#8316,#8317),
 .UNSPECIFIED.,.F.,.F.,(4,1,4),(0.,0.0213563265870407,0.049559446522481),
 .UNSPECIFIED.);
#115=B_SPLINE_CURVE_WITH_KNOTS('',3,(#8329,#8330,#8331,#8332,#8333),
 .UNSPECIFIED.,.F.,.F.,(4,1,4),(0.,0.0190162160358446,0.0371297047809018),
 .UNSPECIFIED.);
#116=B_SPLINE_CURVE_WITH_KNOTS('',3,(#8336,#8337,#8338,#8339,#8340),
 .UNSPECIFIED.,.F.,.F.,(4,1,4),(0.,0.0190162160358446,0.0371297047809018),
 .UNSPECIFIED.);
#117=B_SPLINE_CURVE_WITH_KNOTS('',3,(#8352,#8353,#8354,#8355,#8356),
 .UNSPECIFIED.,.F.,.F.,(4,1,4),(0.,0.0226863852123818,0.0433476164901692),
 .UNSPECIFIED.);
#118=B_SPLINE_CURVE_WITH_KNOTS('',3,(#8359,#8360,#8361,#8362,#8363),
 .UNSPECIFIED.,.F.,.F.,(4,1,4),(0.,0.0226863852123818,0.0433476164901692),
 .UNSPECIFIED.);
#119=B_SPLINE_CURVE_WITH_KNOTS('',3,(#8375,#8376,#8377,#8378,#8379),
 .UNSPECIFIED.,.F.,.F.,(4,1,4),(0.,0.0367760345718843,0.0734585994480697),
 .UNSPECIFIED.);
#120=B_SPLINE_CURVE_WITH_KNOTS('',3,(#8382,#8383,#8384,#8385,#8386),
 .UNSPECIFIED.,.F.,.F.,(4,1,4),(0.,0.0367760345718843,0.0734585994480697),
 .UNSPECIFIED.);
#121=B_SPLINE_CURVE_WITH_KNOTS('',3,(#8421,#8422,#8423,#8424,#8425),
 .UNSPECIFIED.,.F.,.F.,(4,1,4),(0.,0.023086770169517,0.0469250274953972),
 .UNSPECIFIED.);
#122=B_SPLINE_CURVE_WITH_KNOTS('',3,(#8429,#8430,#8431,#8432,#8433),
 .UNSPECIFIED.,.F.,.F.,(4,1,4),(0.,0.023086770169517,0.0469250274953972),
 .UNSPECIFIED.);
#123=B_SPLINE_CURVE_WITH_KNOTS('',3,(#8446,#8447,#8448,#8449,#8450),
 .UNSPECIFIED.,.F.,.F.,(4,1,4),(0.,0.0247614994153072,0.0485171987372488),
 .UNSPECIFIED.);
#124=B_SPLINE_CURVE_WITH_KNOTS('',3,(#8453,#8454,#8455,#8456,#8457),
 .UNSPECIFIED.,.F.,.F.,(4,1,4),(0.,0.0247614994153072,0.0485171987372488),
 .UNSPECIFIED.);
#125=B_SPLINE_CURVE_WITH_KNOTS('',3,(#8469,#8470,#8471,#8472,#8473),
 .UNSPECIFIED.,.F.,.F.,(4,1,4),(0.,0.0389147012217483,0.0686611970469627),
 .UNSPECIFIED.);
#126=B_SPLINE_CURVE_WITH_KNOTS('',3,(#8476,#8477,#8478,#8479,#8480),
 .UNSPECIFIED.,.F.,.F.,(4,1,4),(0.,0.0389147012217483,0.0686611970469627),
 .UNSPECIFIED.);
#127=B_SPLINE_CURVE_WITH_KNOTS('',3,(#8492,#8493,#8494,#8495,#8496),
 .UNSPECIFIED.,.F.,.F.,(4,1,4),(0.,0.0279705160106589,0.0635474467972632),
 .UNSPECIFIED.);
#128=B_SPLINE_CURVE_WITH_KNOTS('',3,(#8499,#8500,#8501,#8502,#8503),
 .UNSPECIFIED.,.F.,.F.,(4,1,4),(0.,0.0279705160106589,0.0635474467972632),
 .UNSPECIFIED.);
#129=B_SPLINE_CURVE_WITH_KNOTS('',3,(#8515,#8516,#8517,#8518,#8519),
 .UNSPECIFIED.,.F.,.F.,(4,1,4),(0.,0.0228704502343504,0.0467241161243286),
 .UNSPECIFIED.);
#130=B_SPLINE_CURVE_WITH_KNOTS('',3,(#8522,#8523,#8524,#8525,#8526),
 .UNSPECIFIED.,.F.,.F.,(4,1,4),(0.,0.0228704502343504,0.0467241161243286),
 .UNSPECIFIED.);
#131=B_SPLINE_CURVE_WITH_KNOTS('',3,(#8538,#8539,#8540,#8541,#8542),
 .UNSPECIFIED.,.F.,.F.,(4,1,4),(0.,0.0246647602616353,0.0476108580777309),
 .UNSPECIFIED.);
#132=B_SPLINE_CURVE_WITH_KNOTS('',3,(#8545,#8546,#8547,#8548,#8549),
 .UNSPECIFIED.,.F.,.F.,(4,1,4),(0.,0.0246647602616353,0.0476108580777309),
 .UNSPECIFIED.);
#133=B_SPLINE_CURVE_WITH_KNOTS('',3,(#8561,#8562,#8563,#8564,#8565),
 .UNSPECIFIED.,.F.,.F.,(4,1,4),(0.,0.0367411799975707,0.0658444052941088),
 .UNSPECIFIED.);
#134=B_SPLINE_CURVE_WITH_KNOTS('',3,(#8568,#8569,#8570,#8571,#8572),
 .UNSPECIFIED.,.F.,.F.,(4,1,4),(0.,0.0367411799975707,0.0658444052941088),
 .UNSPECIFIED.);
#135=B_SPLINE_CURVE_WITH_KNOTS('',3,(#8583,#8584,#8585,#8586,#8587),
 .UNSPECIFIED.,.F.,.F.,(4,1,4),(0.,0.028637956058411,0.066261717015164),
 .UNSPECIFIED.);
#136=B_SPLINE_CURVE_WITH_KNOTS('',3,(#8588,#8589,#8590,#8591,#8592),
 .UNSPECIFIED.,.F.,.F.,(4,1,4),(0.,0.028637956058411,0.066261717015164),
 .UNSPECIFIED.);
#137=B_SPLINE_CURVE_WITH_KNOTS('',3,(#8625,#8626,#8627,#8628,#8629),
 .UNSPECIFIED.,.F.,.F.,(4,1,4),(0.,0.0168723984097842,0.0332207723568835),
 .UNSPECIFIED.);
#138=B_SPLINE_CURVE_WITH_KNOTS('',3,(#8632,#8633,#8634,#8635,#8636),
 .UNSPECIFIED.,.F.,.F.,(4,1,4),(0.,0.0168723984097842,0.0332207723568835),
 .UNSPECIFIED.);
#139=B_SPLINE_CURVE_WITH_KNOTS('',3,(#8648,#8649,#8650,#8651,#8652),
 .UNSPECIFIED.,.F.,.F.,(4,1,4),(0.,0.018686127233509,0.0362454103568826),
 .UNSPECIFIED.);
#140=B_SPLINE_CURVE_WITH_KNOTS('',3,(#8655,#8656,#8657,#8658,#8659),
 .UNSPECIFIED.,.F.,.F.,(4,1,4),(0.,0.018686127233509,0.0362454103568826),
 .UNSPECIFIED.);
#141=B_SPLINE_CURVE_WITH_KNOTS('',3,(#8671,#8672,#8673,#8674,#8675),
 .UNSPECIFIED.,.F.,.F.,(4,1,4),(0.,0.0252940726258354,0.0510658810011012),
 .UNSPECIFIED.);
#142=B_SPLINE_CURVE_WITH_KNOTS('',3,(#8678,#8679,#8680,#8681,#8682),
 .UNSPECIFIED.,.F.,.F.,(4,1,4),(0.,0.0252940726258354,0.0510658810011012),
 .UNSPECIFIED.);
#143=B_SPLINE_CURVE_WITH_KNOTS('',3,(#8694,#8695,#8696,#8697,#8698),
 .UNSPECIFIED.,.F.,.F.,(4,1,4),(0.,0.0270484014205804,0.0526728781235558),
 .UNSPECIFIED.);
#144=B_SPLINE_CURVE_WITH_KNOTS('',3,(#8701,#8702,#8703,#8704,#8705),
 .UNSPECIFIED.,.F.,.F.,(4,1,4),(0.,0.0270484014205804,0.0526728781235558),
 .UNSPECIFIED.);
#145=B_SPLINE_CURVE_WITH_KNOTS('',3,(#8717,#8718,#8719,#8720,#8721),
 .UNSPECIFIED.,.F.,.F.,(4,1,4),(0.,0.0311465692726121,0.0603137212152745),
 .UNSPECIFIED.);
#146=B_SPLINE_CURVE_WITH_KNOTS('',3,(#8724,#8725,#8726,#8727,#8728),
 .UNSPECIFIED.,.F.,.F.,(4,1,4),(0.,0.0311465692726121,0.0603137212152745),
 .UNSPECIFIED.);
#147=B_SPLINE_CURVE_WITH_KNOTS('',3,(#8740,#8741,#8742,#8743,#8744),
 .UNSPECIFIED.,.F.,.F.,(4,1,4),(0.,0.0290242892788218,0.0606039822412707),
 .UNSPECIFIED.);
#148=B_SPLINE_CURVE_WITH_KNOTS('',3,(#8747,#8748,#8749,#8750,#8751),
 .UNSPECIFIED.,.F.,.F.,(4,1,4),(0.,0.0290242892788218,0.0606039822412707),
 .UNSPECIFIED.);
#149=B_SPLINE_CURVE_WITH_KNOTS('',3,(#8763,#8764,#8765,#8766,#8767),
 .UNSPECIFIED.,.F.,.F.,(4,1,4),(0.,0.0258568597260034,0.0528741796321256),
 .UNSPECIFIED.);
#150=B_SPLINE_CURVE_WITH_KNOTS('',3,(#8770,#8771,#8772,#8773,#8774),
 .UNSPECIFIED.,.F.,.F.,(4,1,4),(0.,0.0258568597260034,0.0528741796321256),
 .UNSPECIFIED.);
#151=B_SPLINE_CURVE_WITH_KNOTS('',3,(#8786,#8787,#8788,#8789,#8790),
 .UNSPECIFIED.,.F.,.F.,(4,1,4),(0.,0.0251960500242747,0.0504390662256991),
 .UNSPECIFIED.);
#152=B_SPLINE_CURVE_WITH_KNOTS('',3,(#8793,#8794,#8795,#8796,#8797),
 .UNSPECIFIED.,.F.,.F.,(4,1,4),(0.,0.0251960500242747,0.0504390662256991),
 .UNSPECIFIED.);
#153=B_SPLINE_CURVE_WITH_KNOTS('',3,(#8809,#8810,#8811,#8812,#8813),
 .UNSPECIFIED.,.F.,.F.,(4,1,4),(0.,0.0352103928902709,0.0713743272912954),
 .UNSPECIFIED.);
#154=B_SPLINE_CURVE_WITH_KNOTS('',3,(#8816,#8817,#8818,#8819,#8820),
 .UNSPECIFIED.,.F.,.F.,(4,1,4),(0.,0.0352103928902709,0.0713743272912954),
 .UNSPECIFIED.);
#155=B_SPLINE_CURVE_WITH_KNOTS('',3,(#8916,#8917,#8918,#8919,#8920),
 .UNSPECIFIED.,.F.,.F.,(4,1,4),(0.,0.0201769567983146,0.039304555318043),
 .UNSPECIFIED.);
#156=B_SPLINE_CURVE_WITH_KNOTS('',3,(#8924,#8925,#8926,#8927,#8928),
 .UNSPECIFIED.,.F.,.F.,(4,1,4),(0.,0.0201769567983146,0.039304555318043),
 .UNSPECIFIED.);
#157=B_SPLINE_CURVE_WITH_KNOTS('',3,(#8941,#8942,#8943,#8944,#8945),
 .UNSPECIFIED.,.F.,.F.,(4,1,4),(0.,0.0244050970221797,0.0493576575033539),
 .UNSPECIFIED.);
#158=B_SPLINE_CURVE_WITH_KNOTS('',3,(#8948,#8949,#8950,#8951,#8952),
 .UNSPECIFIED.,.F.,.F.,(4,1,4),(0.,0.0244050970221797,0.0493576575033539),
 .UNSPECIFIED.);
#159=B_SPLINE_CURVE_WITH_KNOTS('',3,(#8964,#8965,#8966,#8967,#8968),
 .UNSPECIFIED.,.F.,.F.,(4,1,4),(0.,0.0380389784905514,0.0667769453418261),
 .UNSPECIFIED.);
#160=B_SPLINE_CURVE_WITH_KNOTS('',3,(#8971,#8972,#8973,#8974,#8975),
 .UNSPECIFIED.,.F.,.F.,(4,1,4),(0.,0.0380389784905514,0.0667769453418261),
 .UNSPECIFIED.);
#161=B_SPLINE_CURVE_WITH_KNOTS('',3,(#8987,#8988,#8989,#8990,#8991),
 .UNSPECIFIED.,.F.,.F.,(4,1,4),(0.,0.028873969655896,0.0664982348459091),
 .UNSPECIFIED.);
#162=B_SPLINE_CURVE_WITH_KNOTS('',3,(#8994,#8995,#8996,#8997,#8998),
 .UNSPECIFIED.,.F.,.F.,(4,1,4),(0.,0.028873969655896,0.0664982348459091),
 .UNSPECIFIED.);
#163=B_SPLINE_CURVE_WITH_KNOTS('',3,(#9010,#9011,#9012,#9013,#9014),
 .UNSPECIFIED.,.F.,.F.,(4,1,4),(0.,0.025710098179899,0.0506914787695767),
 .UNSPECIFIED.);
#164=B_SPLINE_CURVE_WITH_KNOTS('',3,(#9017,#9018,#9019,#9020,#9021),
 .UNSPECIFIED.,.F.,.F.,(4,1,4),(0.,0.025710098179899,0.0506914787695767),
 .UNSPECIFIED.);
#165=B_SPLINE_CURVE_WITH_KNOTS('',3,(#9033,#9034,#9035,#9036,#9037),
 .UNSPECIFIED.,.F.,.F.,(4,1,4),(0.,0.0165715405359735,0.0338554662492104),
 .UNSPECIFIED.);
#166=B_SPLINE_CURVE_WITH_KNOTS('',3,(#9040,#9041,#9042,#9043,#9044),
 .UNSPECIFIED.,.F.,.F.,(4,1,4),(0.,0.0165715405359735,0.0338554662492104),
 .UNSPECIFIED.);
#167=B_SPLINE_CURVE_WITH_KNOTS('',3,(#9056,#9057,#9058,#9059,#9060),
 .UNSPECIFIED.,.F.,.F.,(4,1,4),(0.,0.0204515023101603,0.0380850071283673),
 .UNSPECIFIED.);
#168=B_SPLINE_CURVE_WITH_KNOTS('',3,(#9063,#9064,#9065,#9066,#9067),
 .UNSPECIFIED.,.F.,.F.,(4,1,4),(0.,0.0204515023101603,0.0380850071283673),
 .UNSPECIFIED.);
#169=B_SPLINE_CURVE_WITH_KNOTS('',3,(#9085,#9086,#9087,#9088,#9089),
 .UNSPECIFIED.,.F.,.F.,(4,1,4),(0.,0.0284694602845458,0.0594486218086421),
 .UNSPECIFIED.);
#170=B_SPLINE_CURVE_WITH_KNOTS('',3,(#9092,#9093,#9094,#9095,#9096),
 .UNSPECIFIED.,.F.,.F.,(4,1,4),(0.,0.0284694602845458,0.0594486218086421),
 .UNSPECIFIED.);
#171=B_SPLINE_CURVE_WITH_KNOTS('',3,(#9108,#9109,#9110,#9111,#9112),
 .UNSPECIFIED.,.F.,.F.,(4,1,4),(0.,0.0324892249269716,0.0615161158826511),
 .UNSPECIFIED.);
#172=B_SPLINE_CURVE_WITH_KNOTS('',3,(#9115,#9116,#9117,#9118,#9119),
 .UNSPECIFIED.,.F.,.F.,(4,1,4),(0.,0.0324892249269716,0.0615161158826511),
 .UNSPECIFIED.);
#173=B_SPLINE_CURVE_WITH_KNOTS('',3,(#9131,#9132,#9133,#9134,#9135),
 .UNSPECIFIED.,.F.,.F.,(4,1,4),(0.,0.0267856582431552,0.0539732513823315),
 .UNSPECIFIED.);
#174=B_SPLINE_CURVE_WITH_KNOTS('',3,(#9138,#9139,#9140,#9141,#9142),
 .UNSPECIFIED.,.F.,.F.,(4,1,4),(0.,0.0267856582431552,0.0539732513823315),
 .UNSPECIFIED.);
#175=B_SPLINE_CURVE_WITH_KNOTS('',3,(#9154,#9155,#9156,#9157,#9158),
 .UNSPECIFIED.,.F.,.F.,(4,1,4),(0.,0.0273839055697542,0.0539301293413411),
 .UNSPECIFIED.);
#176=B_SPLINE_CURVE_WITH_KNOTS('',3,(#9161,#9162,#9163,#9164,#9165),
 .UNSPECIFIED.,.F.,.F.,(4,1,4),(0.,0.0273839055697542,0.0539301293413411),
 .UNSPECIFIED.);
#177=B_SPLINE_CURVE_WITH_KNOTS('',3,(#9177,#9178,#9179,#9180,#9181),
 .UNSPECIFIED.,.F.,.F.,(4,1,4),(0.,0.0331265721192453,0.0630328833062707),
 .UNSPECIFIED.);
#178=B_SPLINE_CURVE_WITH_KNOTS('',3,(#9184,#9185,#9186,#9187,#9188),
 .UNSPECIFIED.,.F.,.F.,(4,1,4),(0.,0.0331265721192453,0.0630328833062707),
 .UNSPECIFIED.);
#179=B_SPLINE_CURVE_WITH_KNOTS('',3,(#9200,#9201,#9202,#9203,#9204),
 .UNSPECIFIED.,.F.,.F.,(4,1,4),(0.,0.040893942608542,0.0894847136867335),
 .UNSPECIFIED.);
#180=B_SPLINE_CURVE_WITH_KNOTS('',3,(#9207,#9208,#9209,#9210,#9211),
 .UNSPECIFIED.,.F.,.F.,(4,1,4),(0.,0.040893942608542,0.0894847136867335),
 .UNSPECIFIED.);
#181=B_SPLINE_CURVE_WITH_KNOTS('',3,(#9223,#9224,#9225,#9226,#9227),
 .UNSPECIFIED.,.F.,.F.,(4,1,4),(0.,0.0408920505476426,0.0792310576578898),
 .UNSPECIFIED.);
#182=B_SPLINE_CURVE_WITH_KNOTS('',3,(#9230,#9231,#9232,#9233,#9234),
 .UNSPECIFIED.,.F.,.F.,(4,1,4),(0.,0.0408920505476426,0.0792310576578898),
 .UNSPECIFIED.);
#183=B_SPLINE_CURVE_WITH_KNOTS('',3,(#9246,#9247,#9248,#9249,#9250),
 .UNSPECIFIED.,.F.,.F.,(4,1,4),(0.,0.0315356698611114,0.0647788702219936),
 .UNSPECIFIED.);
#184=B_SPLINE_CURVE_WITH_KNOTS('',3,(#9253,#9254,#9255,#9256,#9257),
 .UNSPECIFIED.,.F.,.F.,(4,1,4),(0.,0.0315356698611114,0.0647788702219936),
 .UNSPECIFIED.);
#185=B_SPLINE_CURVE_WITH_KNOTS('',3,(#9269,#9270,#9271,#9272,#9273),
 .UNSPECIFIED.,.F.,.F.,(4,1,4),(0.,0.0350134830811218,0.0671137397224085),
 .UNSPECIFIED.);
#186=B_SPLINE_CURVE_WITH_KNOTS('',3,(#9276,#9277,#9278,#9279,#9280),
 .UNSPECIFIED.,.F.,.F.,(4,1,4),(0.,0.0350134830811218,0.0671137397224085),
 .UNSPECIFIED.);
#187=B_SPLINE_CURVE_WITH_KNOTS('',3,(#9297,#9298,#9299,#9300,#9301),
 .UNSPECIFIED.,.F.,.F.,(4,1,4),(0.,0.0206373899262529,0.0455581565130235),
 .UNSPECIFIED.);
#188=B_SPLINE_CURVE_WITH_KNOTS('',3,(#9302,#9303,#9304,#9305,#9306),
 .UNSPECIFIED.,.F.,.F.,(4,1,4),(0.,0.0206373899262529,0.0455581565130235),
 .UNSPECIFIED.);
#189=B_SPLINE_CURVE_WITH_KNOTS('',3,(#9320,#9321,#9322,#9323,#9324),
 .UNSPECIFIED.,.F.,.F.,(4,1,4),(0.,0.0228494306439829,0.0483672121229203),
 .UNSPECIFIED.);
#190=B_SPLINE_CURVE_WITH_KNOTS('',3,(#9328,#9329,#9330,#9331,#9332),
 .UNSPECIFIED.,.F.,.F.,(4,1,4),(0.,0.0228494306439829,0.0483672121229203),
 .UNSPECIFIED.);
#191=B_SPLINE_CURVE_WITH_KNOTS('',3,(#9345,#9346,#9347,#9348,#9349),
 .UNSPECIFIED.,.F.,.F.,(4,1,4),(0.,0.0243282229821019,0.047000069044086),
 .UNSPECIFIED.);
#192=B_SPLINE_CURVE_WITH_KNOTS('',3,(#9352,#9353,#9354,#9355,#9356),
 .UNSPECIFIED.,.F.,.F.,(4,1,4),(0.,0.0243282229821019,0.047000069044086),
 .UNSPECIFIED.);
#193=B_SPLINE_CURVE_WITH_KNOTS('',3,(#9368,#9369,#9370,#9371,#9372),
 .UNSPECIFIED.,.F.,.F.,(4,1,4),(0.,0.036573647157224,0.0654589498434301),
 .UNSPECIFIED.);
#194=B_SPLINE_CURVE_WITH_KNOTS('',3,(#9375,#9376,#9377,#9378,#9379),
 .UNSPECIFIED.,.F.,.F.,(4,1,4),(0.,0.036573647157224,0.0654589498434301),
 .UNSPECIFIED.);
#195=B_SPLINE_CURVE_WITH_KNOTS('',3,(#9391,#9392,#9393,#9394,#9395),
 .UNSPECIFIED.,.F.,.F.,(4,1,4),(0.,0.0295487105860977,0.0676841120597427),
 .UNSPECIFIED.);
#196=B_SPLINE_CURVE_WITH_KNOTS('',3,(#9398,#9399,#9400,#9401,#9402),
 .UNSPECIFIED.,.F.,.F.,(4,1,4),(0.,0.0295487105860977,0.0676841120597427),
 .UNSPECIFIED.);
#197=B_SPLINE_CURVE_WITH_KNOTS('',3,(#9414,#9415,#9416,#9417,#9418),
 .UNSPECIFIED.,.F.,.F.,(4,1,4),(0.,0.0233756826607561,0.0481483713286497),
 .UNSPECIFIED.);
#198=B_SPLINE_CURVE_WITH_KNOTS('',3,(#9421,#9422,#9423,#9424,#9425),
 .UNSPECIFIED.,.F.,.F.,(4,1,4),(0.,0.0233756826607561,0.0481483713286497),
 .UNSPECIFIED.);
#199=B_SPLINE_CURVE_WITH_KNOTS('',3,(#9437,#9438,#9439,#9440,#9441),
 .UNSPECIFIED.,.F.,.F.,(4,1,4),(0.,0.0240573619885692,0.046969153271006),
 .UNSPECIFIED.);
#200=B_SPLINE_CURVE_WITH_KNOTS('',3,(#9444,#9445,#9446,#9447,#9448),
 .UNSPECIFIED.,.F.,.F.,(4,1,4),(0.,0.0240573619885692,0.046969153271006),
 .UNSPECIFIED.);
#201=B_SPLINE_CURVE_WITH_KNOTS('',3,(#9460,#9461,#9462,#9463,#9464),
 .UNSPECIFIED.,.F.,.F.,(4,1,4),(0.,0.0367231372614016,0.065253604416956),
 .UNSPECIFIED.);
#202=B_SPLINE_CURVE_WITH_KNOTS('',3,(#9467,#9468,#9469,#9470,#9471),
 .UNSPECIFIED.,.F.,.F.,(4,1,4),(0.,0.0367231372614016,0.065253604416956),
 .UNSPECIFIED.);
#203=B_SPLINE_CURVE_WITH_KNOTS('',3,(#9482,#9483,#9484,#9485,#9486),
 .UNSPECIFIED.,.F.,.F.,(4,1,4),(0.,0.030212225093204,0.0674513053112547),
 .UNSPECIFIED.);
#204=B_SPLINE_CURVE_WITH_KNOTS('',3,(#9487,#9488,#9489,#9490,#9491),
 .UNSPECIFIED.,.F.,.F.,(4,1,4),(0.,0.030212225093204,0.0674513053112547),
 .UNSPECIFIED.);
#205=B_SPLINE_CURVE_WITH_KNOTS('',3,(#9512,#9513,#9514,#9515,#9516),
 .UNSPECIFIED.,.F.,.F.,(4,1,4),(0.,0.01597005735125,0.0312181705634528),
 .UNSPECIFIED.);
#206=B_SPLINE_CURVE_WITH_KNOTS('',3,(#9519,#9520,#9521,#9522,#9523),
 .UNSPECIFIED.,.F.,.F.,(4,1,4),(0.,0.01597005735125,0.0312181705634528),
 .UNSPECIFIED.);
#207=B_SPLINE_CURVE_WITH_KNOTS('',3,(#9535,#9536,#9537,#9538,#9539),
 .UNSPECIFIED.,.F.,.F.,(4,1,4),(0.,0.0175789036282521,0.0342128919793911),
 .UNSPECIFIED.);
#208=B_SPLINE_CURVE_WITH_KNOTS('',3,(#9542,#9543,#9544,#9545,#9546),
 .UNSPECIFIED.,.F.,.F.,(4,1,4),(0.,0.0175789036282521,0.0342128919793911),
 .UNSPECIFIED.);
#209=B_SPLINE_CURVE_WITH_KNOTS('',3,(#9558,#9559,#9560,#9561,#9562),
 .UNSPECIFIED.,.F.,.F.,(4,1,4),(0.,0.0257215905117399,0.0505595502219851),
 .UNSPECIFIED.);
#210=B_SPLINE_CURVE_WITH_KNOTS('',3,(#9565,#9566,#9567,#9568,#9569),
 .UNSPECIFIED.,.F.,.F.,(4,1,4),(0.,0.0257215905117399,0.0505595502219851),
 .UNSPECIFIED.);
#211=B_SPLINE_CURVE_WITH_KNOTS('',3,(#9581,#9582,#9583,#9584,#9585),
 .UNSPECIFIED.,.F.,.F.,(4,1,4),(0.,0.0277815744835096,0.0543339574084134),
 .UNSPECIFIED.);
#212=B_SPLINE_CURVE_WITH_KNOTS('',3,(#9588,#9589,#9590,#9591,#9592),
 .UNSPECIFIED.,.F.,.F.,(4,1,4),(0.,0.0277815744835096,0.0543339574084134),
 .UNSPECIFIED.);
#213=B_SPLINE_CURVE_WITH_KNOTS('',3,(#9604,#9605,#9606,#9607,#9608),
 .UNSPECIFIED.,.F.,.F.,(4,1,4),(0.,0.0318343964692513,0.061589299941224),
 .UNSPECIFIED.);
#214=B_SPLINE_CURVE_WITH_KNOTS('',3,(#9611,#9612,#9613,#9614,#9615),
 .UNSPECIFIED.,.F.,.F.,(4,1,4),(0.,0.0318343964692513,0.061589299941224),
 .UNSPECIFIED.);
#215=B_SPLINE_CURVE_WITH_KNOTS('',3,(#9627,#9628,#9629,#9630,#9631),
 .UNSPECIFIED.,.F.,.F.,(4,1,4),(0.,0.0285290451799665,0.05850355034362),
 .UNSPECIFIED.);
#216=B_SPLINE_CURVE_WITH_KNOTS('',3,(#9634,#9635,#9636,#9637,#9638),
 .UNSPECIFIED.,.F.,.F.,(4,1,4),(0.,0.0285290451799665,0.05850355034362),
 .UNSPECIFIED.);
#217=B_SPLINE_CURVE_WITH_KNOTS('',3,(#9650,#9651,#9652,#9653,#9654),
 .UNSPECIFIED.,.F.,.F.,(4,1,4),(0.,0.025432567922984,0.0522084970674985),
 .UNSPECIFIED.);
#218=B_SPLINE_CURVE_WITH_KNOTS('',3,(#9657,#9658,#9659,#9660,#9661),
 .UNSPECIFIED.,.F.,.F.,(4,1,4),(0.,0.025432567922984,0.0522084970674985),
 .UNSPECIFIED.);
#219=B_SPLINE_CURVE_WITH_KNOTS('',3,(#9673,#9674,#9675,#9676,#9677),
 .UNSPECIFIED.,.F.,.F.,(4,1,4),(0.,0.0264372921520731,0.0517500159317143),
 .UNSPECIFIED.);
#220=B_SPLINE_CURVE_WITH_KNOTS('',3,(#9680,#9681,#9682,#9683,#9684),
 .UNSPECIFIED.,.F.,.F.,(4,1,4),(0.,0.0264372921520731,0.0517500159317143),
 .UNSPECIFIED.);
#221=B_SPLINE_CURVE_WITH_KNOTS('',3,(#9696,#9697,#9698,#9699,#9700),
 .UNSPECIFIED.,.F.,.F.,(4,1,4),(0.,0.0176549735645057,0.0374601273517579),
 .UNSPECIFIED.);
#222=B_SPLINE_CURVE_WITH_KNOTS('',3,(#9703,#9704,#9705,#9706,#9707),
 .UNSPECIFIED.,.F.,.F.,(4,1,4),(0.,0.0176549735645057,0.0374601273517579),
 .UNSPECIFIED.);
#223=B_SPLINE_CURVE_WITH_KNOTS('',3,(#9719,#9720,#9721,#9722,#9723),
 .UNSPECIFIED.,.F.,.F.,(4,1,4),(0.,0.0192363684878506,0.036790475943282),
 .UNSPECIFIED.);
#224=B_SPLINE_CURVE_WITH_KNOTS('',3,(#9726,#9727,#9728,#9729,#9730),
 .UNSPECIFIED.,.F.,.F.,(4,1,4),(0.,0.0192363684878506,0.036790475943282),
 .UNSPECIFIED.);
#225=B_SPLINE_CURVE_WITH_KNOTS('',3,(#9765,#9766,#9767,#9768,#9769),
 .UNSPECIFIED.,.F.,.F.,(4,1,4),(0.,0.0160785127734628,0.0375146360863731),
 .UNSPECIFIED.);
#226=B_SPLINE_CURVE_WITH_KNOTS('',3,(#9773,#9774,#9775,#9776,#9777),
 .UNSPECIFIED.,.F.,.F.,(4,1,4),(0.,0.0160785127734628,0.0375146360863731),
 .UNSPECIFIED.);
#227=B_SPLINE_CURVE_WITH_KNOTS('',3,(#9790,#9791,#9792,#9793,#9794),
 .UNSPECIFIED.,.F.,.F.,(4,1,4),(0.,0.0181165288458266,0.0356778890976309),
 .UNSPECIFIED.);
#228=B_SPLINE_CURVE_WITH_KNOTS('',3,(#9797,#9798,#9799,#9800,#9801),
 .UNSPECIFIED.,.F.,.F.,(4,1,4),(0.,0.0181165288458266,0.0356778890976309),
 .UNSPECIFIED.);
#229=B_SPLINE_CURVE_WITH_KNOTS('',3,(#9813,#9814,#9815,#9816,#9817),
 .UNSPECIFIED.,.F.,.F.,(4,1,4),(0.,0.020240139970371,0.0393166759960459),
 .UNSPECIFIED.);
#230=B_SPLINE_CURVE_WITH_KNOTS('',3,(#9820,#9821,#9822,#9823,#9824),
 .UNSPECIFIED.,.F.,.F.,(4,1,4),(0.,0.020240139970371,0.0393166759960459),
 .UNSPECIFIED.);
#231=B_SPLINE_CURVE_WITH_KNOTS('',3,(#9836,#9837,#9838,#9839,#9840),
 .UNSPECIFIED.,.F.,.F.,(4,1,4),(0.,0.0155870773005885,0.0346494041911972),
 .UNSPECIFIED.);
#232=B_SPLINE_CURVE_WITH_KNOTS('',3,(#9843,#9844,#9845,#9846,#9847),
 .UNSPECIFIED.,.F.,.F.,(4,1,4),(0.,0.0155870773005885,0.0346494041911972),
 .UNSPECIFIED.);
#233=B_SPLINE_CURVE_WITH_KNOTS('',3,(#9859,#9860,#9861,#9862,#9863),
 .UNSPECIFIED.,.F.,.F.,(4,1,4),(0.,0.0137909600754128,0.0276501291107445),
 .UNSPECIFIED.);
#234=B_SPLINE_CURVE_WITH_KNOTS('',3,(#9866,#9867,#9868,#9869,#9870),
 .UNSPECIFIED.,.F.,.F.,(4,1,4),(0.,0.0137909600754128,0.0276501291107445),
 .UNSPECIFIED.);
#235=B_SPLINE_CURVE_WITH_KNOTS('',3,(#9882,#9883,#9884,#9885,#9886),
 .UNSPECIFIED.,.F.,.F.,(4,1,4),(0.,0.00915624417888567,0.0184280352200637),
 .UNSPECIFIED.);
#236=B_SPLINE_CURVE_WITH_KNOTS('',3,(#9889,#9890,#9891,#9892,#9893),
 .UNSPECIFIED.,.F.,.F.,(4,1,4),(0.,0.00915624417888567,0.0184280352200637),
 .UNSPECIFIED.);
#237=B_SPLINE_CURVE_WITH_KNOTS('',3,(#9905,#9906,#9907,#9908,#9909),
 .UNSPECIFIED.,.F.,.F.,(4,1,4),(0.,0.00974325983667173,0.0190370411206109),
 .UNSPECIFIED.);
#238=B_SPLINE_CURVE_WITH_KNOTS('',3,(#9912,#9913,#9914,#9915,#9916),
 .UNSPECIFIED.,.F.,.F.,(4,1,4),(0.,0.00974325983667173,0.0190370411206109),
 .UNSPECIFIED.);
#239=B_SPLINE_CURVE_WITH_KNOTS('',3,(#9928,#9929,#9930,#9931,#9932),
 .UNSPECIFIED.,.F.,.F.,(4,1,4),(0.,0.0196990079093554,0.0330181005084464),
 .UNSPECIFIED.);
#240=B_SPLINE_CURVE_WITH_KNOTS('',3,(#9935,#9936,#9937,#9938,#9939),
 .UNSPECIFIED.,.F.,.F.,(4,1,4),(0.,0.0196990079093554,0.0330181005084464),
 .UNSPECIFIED.);
#241=B_SPLINE_CURVE_WITH_KNOTS('',3,(#9951,#9952,#9953,#9954,#9955),
 .UNSPECIFIED.,.F.,.F.,(4,1,4),(0.,0.0261865721240278,0.0618507615735755),
 .UNSPECIFIED.);
#242=B_SPLINE_CURVE_WITH_KNOTS('',3,(#9958,#9959,#9960,#9961,#9962),
 .UNSPECIFIED.,.F.,.F.,(4,1,4),(0.,0.0261865721240278,0.0618507615735755),
 .UNSPECIFIED.);
#243=B_SPLINE_CURVE_WITH_KNOTS('',3,(#9986,#9987,#9988,#9989,#9990),
 .UNSPECIFIED.,.F.,.F.,(4,1,4),(0.,0.0137801063707021,0.0278031254389668),
 .UNSPECIFIED.);
#244=B_SPLINE_CURVE_WITH_KNOTS('',3,(#9993,#9994,#9995,#9996,#9997),
 .UNSPECIFIED.,.F.,.F.,(4,1,4),(0.,0.0137801063707021,0.0278031254389668),
 .UNSPECIFIED.);
#245=B_SPLINE_CURVE_WITH_KNOTS('',3,(#10009,#10010,#10011,#10012,#10013),
 .UNSPECIFIED.,.F.,.F.,(4,1,4),(0.,0.0419294400690162,0.0650443425972673),
 .UNSPECIFIED.);
#246=B_SPLINE_CURVE_WITH_KNOTS('',3,(#10016,#10017,#10018,#10019,#10020),
 .UNSPECIFIED.,.F.,.F.,(4,1,4),(0.,0.0419294400690162,0.0650443425972673),
 .UNSPECIFIED.);
#247=B_SPLINE_CURVE_WITH_KNOTS('',3,(#10038,#10039,#10040,#10041,#10042),
 .UNSPECIFIED.,.F.,.F.,(4,1,4),(0.,0.0132712605043424,0.0340471705030758),
 .UNSPECIFIED.);
#248=B_SPLINE_CURVE_WITH_KNOTS('',3,(#10045,#10046,#10047,#10048,#10049),
 .UNSPECIFIED.,.F.,.F.,(4,1,4),(0.,0.0132712605043424,0.0340471705030758),
 .UNSPECIFIED.);
#249=B_SPLINE_CURVE_WITH_KNOTS('',3,(#10061,#10062,#10063,#10064,#10065),
 .UNSPECIFIED.,.F.,.F.,(4,1,4),(0.,0.0132102201132302,0.027762784815833),
 .UNSPECIFIED.);
#250=B_SPLINE_CURVE_WITH_KNOTS('',3,(#10068,#10069,#10070,#10071,#10072),
 .UNSPECIFIED.,.F.,.F.,(4,1,4),(0.,0.0132102201132302,0.027762784815833),
 .UNSPECIFIED.);
#251=B_SPLINE_CURVE_WITH_KNOTS('',3,(#10084,#10085,#10086,#10087,#10088),
 .UNSPECIFIED.,.F.,.F.,(4,1,4),(0.,0.0168054342342834,0.030678258916243),
 .UNSPECIFIED.);
#252=B_SPLINE_CURVE_WITH_KNOTS('',3,(#10091,#10092,#10093,#10094,#10095),
 .UNSPECIFIED.,.F.,.F.,(4,1,4),(0.,0.0168054342342834,0.030678258916243),
 .UNSPECIFIED.);
#253=B_SPLINE_CURVE_WITH_KNOTS('',3,(#10107,#10108,#10109,#10110,#10111),
 .UNSPECIFIED.,.F.,.F.,(4,1,4),(0.,0.0252746614631924,0.0458723189966757),
 .UNSPECIFIED.);
#254=B_SPLINE_CURVE_WITH_KNOTS('',3,(#10114,#10115,#10116,#10117,#10118),
 .UNSPECIFIED.,.F.,.F.,(4,1,4),(0.,0.0252746614631924,0.0458723189966757),
 .UNSPECIFIED.);
#255=B_SPLINE_CURVE_WITH_KNOTS('',3,(#10130,#10131,#10132,#10133,#10134),
 .UNSPECIFIED.,.F.,.F.,(4,1,4),(0.,0.0236807354089817,0.0500976519562805),
 .UNSPECIFIED.);
#256=B_SPLINE_CURVE_WITH_KNOTS('',3,(#10137,#10138,#10139,#10140,#10141),
 .UNSPECIFIED.,.F.,.F.,(4,1,4),(0.,0.0236807354089817,0.0500976519562805),
 .UNSPECIFIED.);
#257=B_SPLINE_CURVE_WITH_KNOTS('',3,(#10153,#10154,#10155,#10156,#10157),
 .UNSPECIFIED.,.F.,.F.,(4,1,4),(0.,0.018648911463724,0.0396063300232658),
 .UNSPECIFIED.);
#258=B_SPLINE_CURVE_WITH_KNOTS('',3,(#10160,#10161,#10162,#10163,#10164),
 .UNSPECIFIED.,.F.,.F.,(4,1,4),(0.,0.018648911463724,0.0396063300232658),
 .UNSPECIFIED.);
#259=B_SPLINE_CURVE_WITH_KNOTS('',3,(#10176,#10177,#10178,#10179,#10180),
 .UNSPECIFIED.,.F.,.F.,(4,1,4),(0.,0.0218854206963163,0.040964764428304),
 .UNSPECIFIED.);
#260=B_SPLINE_CURVE_WITH_KNOTS('',3,(#10183,#10184,#10185,#10186,#10187),
 .UNSPECIFIED.,.F.,.F.,(4,1,4),(0.,0.0218854206963163,0.040964764428304),
 .UNSPECIFIED.);
#261=B_SPLINE_CURVE_WITH_KNOTS('',3,(#10205,#10206,#10207,#10208,#10209),
 .UNSPECIFIED.,.F.,.F.,(4,1,4),(0.,0.016583346029991,0.0376042607727115),
 .UNSPECIFIED.);
#262=B_SPLINE_CURVE_WITH_KNOTS('',3,(#10212,#10213,#10214,#10215,#10216),
 .UNSPECIFIED.,.F.,.F.,(4,1,4),(0.,0.016583346029991,0.0376042607727115),
 .UNSPECIFIED.);
#263=B_SPLINE_CURVE_WITH_KNOTS('',3,(#10228,#10229,#10230,#10231,#10232),
 .UNSPECIFIED.,.F.,.F.,(4,1,4),(0.,0.0227012655142505,0.0398984735548026),
 .UNSPECIFIED.);
#264=B_SPLINE_CURVE_WITH_KNOTS('',3,(#10235,#10236,#10237,#10238,#10239),
 .UNSPECIFIED.,.F.,.F.,(4,1,4),(0.,0.0227012655142505,0.0398984735548026),
 .UNSPECIFIED.);
#265=B_SPLINE_CURVE_WITH_KNOTS('',3,(#10251,#10252,#10253,#10254,#10255),
 .UNSPECIFIED.,.F.,.F.,(4,1,4),(0.,0.0198891375444365,0.0444909676855025),
 .UNSPECIFIED.);
#266=B_SPLINE_CURVE_WITH_KNOTS('',3,(#10258,#10259,#10260,#10261,#10262),
 .UNSPECIFIED.,.F.,.F.,(4,1,4),(0.,0.0198891375444365,0.0444909676855025),
 .UNSPECIFIED.);
#267=B_SPLINE_CURVE_WITH_KNOTS('',3,(#10274,#10275,#10276,#10277,#10278),
 .UNSPECIFIED.,.F.,.F.,(4,1,4),(0.,0.0193614640425064,0.0341389353644452),
 .UNSPECIFIED.);
#268=B_SPLINE_CURVE_WITH_KNOTS('',3,(#10281,#10282,#10283,#10284,#10285),
 .UNSPECIFIED.,.F.,.F.,(4,1,4),(0.,0.0193614640425064,0.0341389353644452),
 .UNSPECIFIED.);
#269=B_SPLINE_CURVE_WITH_KNOTS('',3,(#10297,#10298,#10299,#10300,#10301),
 .UNSPECIFIED.,.F.,.F.,(4,1,4),(0.,0.00619222469777536,0.00962028871560506),
 .UNSPECIFIED.);
#270=B_SPLINE_CURVE_WITH_KNOTS('',3,(#10304,#10305,#10306,#10307,#10308),
 .UNSPECIFIED.,.F.,.F.,(4,1,4),(0.,0.00619222469777536,0.00962028871560506),
 .UNSPECIFIED.);
#271=B_SPLINE_CURVE_WITH_KNOTS('',3,(#10320,#10321,#10322,#10323,#10324),
 .UNSPECIFIED.,.F.,.F.,(4,1,4),(0.,0.0391644471532374,0.0669834471950825),
 .UNSPECIFIED.);
#272=B_SPLINE_CURVE_WITH_KNOTS('',3,(#10327,#10328,#10329,#10330,#10331),
 .UNSPECIFIED.,.F.,.F.,(4,1,4),(0.,0.0391644471532374,0.0669834471950825),
 .UNSPECIFIED.);
#273=B_SPLINE_CURVE_WITH_KNOTS('',3,(#10343,#10344,#10345,#10346,#10347),
 .UNSPECIFIED.,.F.,.F.,(4,1,4),(0.,0.0138963049349133,0.0332210433096214),
 .UNSPECIFIED.);
#274=B_SPLINE_CURVE_WITH_KNOTS('',3,(#10350,#10351,#10352,#10353,#10354),
 .UNSPECIFIED.,.F.,.F.,(4,1,4),(0.,0.0138963049349133,0.0332210433096214),
 .UNSPECIFIED.);
#275=B_SPLINE_CURVE_WITH_KNOTS('',3,(#10366,#10367,#10368,#10369,#10370),
 .UNSPECIFIED.,.F.,.F.,(4,1,4),(0.,0.0143382105897979,0.0292189726993326),
 .UNSPECIFIED.);
#276=B_SPLINE_CURVE_WITH_KNOTS('',3,(#10373,#10374,#10375,#10376,#10377),
 .UNSPECIFIED.,.F.,.F.,(4,1,4),(0.,0.0143382105897979,0.0292189726993326),
 .UNSPECIFIED.);
#277=B_SPLINE_CURVE_WITH_KNOTS('',3,(#10389,#10390,#10391,#10392,#10393),
 .UNSPECIFIED.,.F.,.F.,(4,1,4),(0.,0.0145561358041569,0.0286789028307024),
 .UNSPECIFIED.);
#278=B_SPLINE_CURVE_WITH_KNOTS('',3,(#10396,#10397,#10398,#10399,#10400),
 .UNSPECIFIED.,.F.,.F.,(4,1,4),(0.,0.0145561358041569,0.0286789028307024),
 .UNSPECIFIED.);
#279=B_SPLINE_CURVE_WITH_KNOTS('',3,(#10412,#10413,#10414,#10415,#10416),
 .UNSPECIFIED.,.F.,.F.,(4,1,4),(0.,0.0153787572105388,0.0302989560727614),
 .UNSPECIFIED.);
#280=B_SPLINE_CURVE_WITH_KNOTS('',3,(#10419,#10420,#10421,#10422,#10423),
 .UNSPECIFIED.,.F.,.F.,(4,1,4),(0.,0.0153787572105388,0.0302989560727614),
 .UNSPECIFIED.);
#281=B_SPLINE_CURVE_WITH_KNOTS('',3,(#10435,#10436,#10437,#10438,#10439),
 .UNSPECIFIED.,.F.,.F.,(4,1,4),(0.,0.024601156937691,0.0498501665115245),
 .UNSPECIFIED.);
#282=B_SPLINE_CURVE_WITH_KNOTS('',3,(#10442,#10443,#10444,#10445,#10446),
 .UNSPECIFIED.,.F.,.F.,(4,1,4),(0.,0.024601156937691,0.0498501665115245),
 .UNSPECIFIED.);
#283=B_SPLINE_CURVE_WITH_KNOTS('',3,(#10458,#10459,#10460,#10461,#10462),
 .UNSPECIFIED.,.F.,.F.,(4,1,4),(0.,0.0319686107483122,0.0587793099161843),
 .UNSPECIFIED.);
#284=B_SPLINE_CURVE_WITH_KNOTS('',3,(#10465,#10466,#10467,#10468,#10469),
 .UNSPECIFIED.,.F.,.F.,(4,1,4),(0.,0.0319686107483122,0.0587793099161843),
 .UNSPECIFIED.);
#285=B_SPLINE_CURVE_WITH_KNOTS('',3,(#10481,#10482,#10483,#10484,#10485),
 .UNSPECIFIED.,.F.,.F.,(4,1,4),(0.,0.0203417985711583,0.0414188571374854),
 .UNSPECIFIED.);
#286=B_SPLINE_CURVE_WITH_KNOTS('',3,(#10488,#10489,#10490,#10491,#10492),
 .UNSPECIFIED.,.F.,.F.,(4,1,4),(0.,0.0203417985711583,0.0414188571374854),
 .UNSPECIFIED.);
#287=B_SPLINE_CURVE_WITH_KNOTS('',3,(#10504,#10505,#10506,#10507,#10508),
 .UNSPECIFIED.,.F.,.F.,(4,1,4),(0.,0.0249664824710618,0.0465875655575503),
 .UNSPECIFIED.);
#288=B_SPLINE_CURVE_WITH_KNOTS('',3,(#10511,#10512,#10513,#10514,#10515),
 .UNSPECIFIED.,.F.,.F.,(4,1,4),(0.,0.0249664824710618,0.0465875655575503),
 .UNSPECIFIED.);
#289=B_SPLINE_CURVE_WITH_KNOTS('',3,(#10526,#10527,#10528,#10529,#10530),
 .UNSPECIFIED.,.F.,.F.,(4,1,4),(0.,0.0132930127327617,0.0279129207791806),
 .UNSPECIFIED.);
#290=B_SPLINE_CURVE_WITH_KNOTS('',3,(#10531,#10532,#10533,#10534,#10535),
 .UNSPECIFIED.,.F.,.F.,(4,1,4),(0.,0.0132930127327617,0.0279129207791806),
 .UNSPECIFIED.);
#291=B_SPLINE_CURVE_WITH_KNOTS('',3,(#10622,#10623,#10624,#10625,#10626),
 .UNSPECIFIED.,.F.,.F.,(4,1,4),(0.,0.0160785127734628,0.0375146360863731),
 .UNSPECIFIED.);
#292=B_SPLINE_CURVE_WITH_KNOTS('',3,(#10630,#10631,#10632,#10633,#10634),
 .UNSPECIFIED.,.F.,.F.,(4,1,4),(0.,0.0160785127734628,0.0375146360863731),
 .UNSPECIFIED.);
#293=B_SPLINE_CURVE_WITH_KNOTS('',3,(#10647,#10648,#10649,#10650,#10651),
 .UNSPECIFIED.,.F.,.F.,(4,1,4),(0.,0.0181165288458266,0.0356780245380746),
 .UNSPECIFIED.);
#294=B_SPLINE_CURVE_WITH_KNOTS('',3,(#10654,#10655,#10656,#10657,#10658),
 .UNSPECIFIED.,.F.,.F.,(4,1,4),(0.,0.0181165288458266,0.0356780245380746),
 .UNSPECIFIED.);
#295=B_SPLINE_CURVE_WITH_KNOTS('',3,(#10670,#10671,#10672,#10673,#10674),
 .UNSPECIFIED.,.F.,.F.,(4,1,4),(0.,0.020240139970371,0.0393164541266084),
 .UNSPECIFIED.);
#296=B_SPLINE_CURVE_WITH_KNOTS('',3,(#10677,#10678,#10679,#10680,#10681),
 .UNSPECIFIED.,.F.,.F.,(4,1,4),(0.,0.020240139970371,0.0393164541266084),
 .UNSPECIFIED.);
#297=B_SPLINE_CURVE_WITH_KNOTS('',3,(#10693,#10694,#10695,#10696,#10697),
 .UNSPECIFIED.,.F.,.F.,(4,1,4),(0.,0.0155870773005885,0.0346496406232261),
 .UNSPECIFIED.);
#298=B_SPLINE_CURVE_WITH_KNOTS('',3,(#10700,#10701,#10702,#10703,#10704),
 .UNSPECIFIED.,.F.,.F.,(4,1,4),(0.,0.0155870773005885,0.0346496406232261),
 .UNSPECIFIED.);
#299=B_SPLINE_CURVE_WITH_KNOTS('',3,(#10716,#10717,#10718,#10719,#10720),
 .UNSPECIFIED.,.F.,.F.,(4,1,4),(0.,0.0137909600754128,0.0276501291107445),
 .UNSPECIFIED.);
#300=B_SPLINE_CURVE_WITH_KNOTS('',3,(#10723,#10724,#10725,#10726,#10727),
 .UNSPECIFIED.,.F.,.F.,(4,1,4),(0.,0.0137909600754128,0.0276501291107445),
 .UNSPECIFIED.);
#301=B_SPLINE_CURVE_WITH_KNOTS('',3,(#10739,#10740,#10741,#10742,#10743),
 .UNSPECIFIED.,.F.,.F.,(4,1,4),(0.,0.00915624417888567,0.0184280352200637),
 .UNSPECIFIED.);
#302=B_SPLINE_CURVE_WITH_KNOTS('',3,(#10746,#10747,#10748,#10749,#10750),
 .UNSPECIFIED.,.F.,.F.,(4,1,4),(0.,0.00915624417888567,0.0184280352200637),
 .UNSPECIFIED.);
#303=B_SPLINE_CURVE_WITH_KNOTS('',3,(#10762,#10763,#10764,#10765,#10766),
 .UNSPECIFIED.,.F.,.F.,(4,1,4),(0.,0.00974325983667173,0.0190370411206109),
 .UNSPECIFIED.);
#304=B_SPLINE_CURVE_WITH_KNOTS('',3,(#10769,#10770,#10771,#10772,#10773),
 .UNSPECIFIED.,.F.,.F.,(4,1,4),(0.,0.00974325983667173,0.0190370411206109),
 .UNSPECIFIED.);
#305=B_SPLINE_CURVE_WITH_KNOTS('',3,(#10785,#10786,#10787,#10788,#10789),
 .UNSPECIFIED.,.F.,.F.,(4,1,4),(0.,0.019699242580662,0.033018107146329),
 .UNSPECIFIED.);
#306=B_SPLINE_CURVE_WITH_KNOTS('',3,(#10792,#10793,#10794,#10795,#10796),
 .UNSPECIFIED.,.F.,.F.,(4,1,4),(0.,0.019699242580662,0.033018107146329),
 .UNSPECIFIED.);
#307=B_SPLINE_CURVE_WITH_KNOTS('',3,(#10808,#10809,#10810,#10811,#10812),
 .UNSPECIFIED.,.F.,.F.,(4,1,4),(0.,0.0261868003589391,0.0618509898084868),
 .UNSPECIFIED.);
#308=B_SPLINE_CURVE_WITH_KNOTS('',3,(#10815,#10816,#10817,#10818,#10819),
 .UNSPECIFIED.,.F.,.F.,(4,1,4),(0.,0.0261868003589391,0.0618509898084868),
 .UNSPECIFIED.);
#309=B_SPLINE_CURVE_WITH_KNOTS('',3,(#10843,#10844,#10845,#10846,#10847),
 .UNSPECIFIED.,.F.,.F.,(4,1,4),(0.,0.0137801670023933,0.0278030873474151),
 .UNSPECIFIED.);
#310=B_SPLINE_CURVE_WITH_KNOTS('',3,(#10850,#10851,#10852,#10853,#10854),
 .UNSPECIFIED.,.F.,.F.,(4,1,4),(0.,0.0137801670023933,0.0278030873474151),
 .UNSPECIFIED.);
#311=B_SPLINE_CURVE_WITH_KNOTS('',3,(#10866,#10867,#10868,#10869,#10870),
 .UNSPECIFIED.,.F.,.F.,(4,1,4),(0.,0.0419294400690162,0.0650443425972673),
 .UNSPECIFIED.);
#312=B_SPLINE_CURVE_WITH_KNOTS('',3,(#10873,#10874,#10875,#10876,#10877),
 .UNSPECIFIED.,.F.,.F.,(4,1,4),(0.,0.0419294400690162,0.0650443425972673),
 .UNSPECIFIED.);
#313=B_SPLINE_CURVE_WITH_KNOTS('',3,(#10895,#10896,#10897,#10898,#10899),
 .UNSPECIFIED.,.F.,.F.,(4,1,4),(0.,0.0132712356939024,0.0340471456926359),
 .UNSPECIFIED.);
#314=B_SPLINE_CURVE_WITH_KNOTS('',3,(#10902,#10903,#10904,#10905,#10906),
 .UNSPECIFIED.,.F.,.F.,(4,1,4),(0.,0.0132712356939024,0.0340471456926359),
 .UNSPECIFIED.);
#315=B_SPLINE_CURVE_WITH_KNOTS('',3,(#10918,#10919,#10920,#10921,#10922),
 .UNSPECIFIED.,.F.,.F.,(4,1,4),(0.,0.0132102201132302,0.0277628585760259),
 .UNSPECIFIED.);
#316=B_SPLINE_CURVE_WITH_KNOTS('',3,(#10925,#10926,#10927,#10928,#10929),
 .UNSPECIFIED.,.F.,.F.,(4,1,4),(0.,0.0132102201132302,0.0277628585760259),
 .UNSPECIFIED.);
#317=B_SPLINE_CURVE_WITH_KNOTS('',3,(#10941,#10942,#10943,#10944,#10945),
 .UNSPECIFIED.,.F.,.F.,(4,1,4),(0.,0.0168054342342834,0.030678258916243),
 .UNSPECIFIED.);
#318=B_SPLINE_CURVE_WITH_KNOTS('',3,(#10948,#10949,#10950,#10951,#10952),
 .UNSPECIFIED.,.F.,.F.,(4,1,4),(0.,0.0168054342342834,0.030678258916243),
 .UNSPECIFIED.);
#319=B_SPLINE_CURVE_WITH_KNOTS('',3,(#10964,#10965,#10966,#10967,#10968),
 .UNSPECIFIED.,.F.,.F.,(4,1,4),(0.,0.0252748993811118,0.0458723253728258),
 .UNSPECIFIED.);
#320=B_SPLINE_CURVE_WITH_KNOTS('',3,(#10971,#10972,#10973,#10974,#10975),
 .UNSPECIFIED.,.F.,.F.,(4,1,4),(0.,0.0252748993811118,0.0458723253728258),
 .UNSPECIFIED.);
#321=B_SPLINE_CURVE_WITH_KNOTS('',3,(#10987,#10988,#10989,#10990,#10991),
 .UNSPECIFIED.,.F.,.F.,(4,1,4),(0.,0.0236807354089817,0.0500976519562805),
 .UNSPECIFIED.);
#322=B_SPLINE_CURVE_WITH_KNOTS('',3,(#10994,#10995,#10996,#10997,#10998),
 .UNSPECIFIED.,.F.,.F.,(4,1,4),(0.,0.0236807354089817,0.0500976519562805),
 .UNSPECIFIED.);
#323=B_SPLINE_CURVE_WITH_KNOTS('',3,(#11010,#11011,#11012,#11013,#11014),
 .UNSPECIFIED.,.F.,.F.,(4,1,4),(0.,0.018648911463724,0.0396063300232658),
 .UNSPECIFIED.);
#324=B_SPLINE_CURVE_WITH_KNOTS('',3,(#11017,#11018,#11019,#11020,#11021),
 .UNSPECIFIED.,.F.,.F.,(4,1,4),(0.,0.018648911463724,0.0396063300232658),
 .UNSPECIFIED.);
#325=B_SPLINE_CURVE_WITH_KNOTS('',3,(#11033,#11034,#11035,#11036,#11037),
 .UNSPECIFIED.,.F.,.F.,(4,1,4),(0.,0.0218853499153632,0.0409646936473509),
 .UNSPECIFIED.);
#326=B_SPLINE_CURVE_WITH_KNOTS('',3,(#11040,#11041,#11042,#11043,#11044),
 .UNSPECIFIED.,.F.,.F.,(4,1,4),(0.,0.0218853499153632,0.0409646936473509),
 .UNSPECIFIED.);
#327=B_SPLINE_CURVE_WITH_KNOTS('',3,(#11062,#11063,#11064,#11065,#11066),
 .UNSPECIFIED.,.F.,.F.,(4,1,4),(0.,0.016583346029991,0.0376041751852709),
 .UNSPECIFIED.);
#328=B_SPLINE_CURVE_WITH_KNOTS('',3,(#11069,#11070,#11071,#11072,#11073),
 .UNSPECIFIED.,.F.,.F.,(4,1,4),(0.,0.016583346029991,0.0376041751852709),
 .UNSPECIFIED.);
#329=B_SPLINE_CURVE_WITH_KNOTS('',3,(#11085,#11086,#11087,#11088,#11089),
 .UNSPECIFIED.,.F.,.F.,(4,1,4),(0.,0.0227012655142505,0.0398984735548026),
 .UNSPECIFIED.);
#330=B_SPLINE_CURVE_WITH_KNOTS('',3,(#11092,#11093,#11094,#11095,#11096),
 .UNSPECIFIED.,.F.,.F.,(4,1,4),(0.,0.0227012655142505,0.0398984735548026),
 .UNSPECIFIED.);
#331=B_SPLINE_CURVE_WITH_KNOTS('',3,(#11108,#11109,#11110,#11111,#11112),
 .UNSPECIFIED.,.F.,.F.,(4,1,4),(0.,0.0198891375444365,0.0444909676855025),
 .UNSPECIFIED.);
#332=B_SPLINE_CURVE_WITH_KNOTS('',3,(#11115,#11116,#11117,#11118,#11119),
 .UNSPECIFIED.,.F.,.F.,(4,1,4),(0.,0.0198891375444365,0.0444909676855025),
 .UNSPECIFIED.);
#333=B_SPLINE_CURVE_WITH_KNOTS('',3,(#11131,#11132,#11133,#11134,#11135),
 .UNSPECIFIED.,.F.,.F.,(4,1,4),(0.,0.019361496171556,0.0341389674934948),
 .UNSPECIFIED.);
#334=B_SPLINE_CURVE_WITH_KNOTS('',3,(#11138,#11139,#11140,#11141,#11142),
 .UNSPECIFIED.,.F.,.F.,(4,1,4),(0.,0.019361496171556,0.0341389674934948),
 .UNSPECIFIED.);
#335=B_SPLINE_CURVE_WITH_KNOTS('',3,(#11154,#11155,#11156,#11157,#11158),
 .UNSPECIFIED.,.F.,.F.,(4,1,4),(0.,0.00619221878138783,0.00962028635600847),
 .UNSPECIFIED.);
#336=B_SPLINE_CURVE_WITH_KNOTS('',3,(#11161,#11162,#11163,#11164,#11165),
 .UNSPECIFIED.,.F.,.F.,(4,1,4),(0.,0.00619221878138783,0.00962028635600847),
 .UNSPECIFIED.);
#337=B_SPLINE_CURVE_WITH_KNOTS('',3,(#11177,#11178,#11179,#11180,#11181),
 .UNSPECIFIED.,.F.,.F.,(4,1,4),(0.,0.0391642113930614,0.0669834425009423),
 .UNSPECIFIED.);
#338=B_SPLINE_CURVE_WITH_KNOTS('',3,(#11184,#11185,#11186,#11187,#11188),
 .UNSPECIFIED.,.F.,.F.,(4,1,4),(0.,0.0391642113930614,0.0669834425009423),
 .UNSPECIFIED.);
#339=B_SPLINE_CURVE_WITH_KNOTS('',3,(#11200,#11201,#11202,#11203,#11204),
 .UNSPECIFIED.,.F.,.F.,(4,1,4),(0.,0.013896538414953,0.033221276789661),
 .UNSPECIFIED.);
#340=B_SPLINE_CURVE_WITH_KNOTS('',3,(#11207,#11208,#11209,#11210,#11211),
 .UNSPECIFIED.,.F.,.F.,(4,1,4),(0.,0.013896538414953,0.033221276789661),
 .UNSPECIFIED.);
#341=B_SPLINE_CURVE_WITH_KNOTS('',3,(#11223,#11224,#11225,#11226,#11227),
 .UNSPECIFIED.,.F.,.F.,(4,1,4),(0.,0.0143384185822736,0.0292189565081779),
 .UNSPECIFIED.);
#342=B_SPLINE_CURVE_WITH_KNOTS('',3,(#11230,#11231,#11232,#11233,#11234),
 .UNSPECIFIED.,.F.,.F.,(4,1,4),(0.,0.0143384185822736,0.0292189565081779),
 .UNSPECIFIED.);
#343=B_SPLINE_CURVE_WITH_KNOTS('',3,(#11246,#11247,#11248,#11249,#11250),
 .UNSPECIFIED.,.F.,.F.,(4,1,4),(0.,0.0145559983765701,0.0286787654031155),
 .UNSPECIFIED.);
#344=B_SPLINE_CURVE_WITH_KNOTS('',3,(#11253,#11254,#11255,#11256,#11257),
 .UNSPECIFIED.,.F.,.F.,(4,1,4),(0.,0.0145559983765701,0.0286787654031155),
 .UNSPECIFIED.);
#345=B_SPLINE_CURVE_WITH_KNOTS('',3,(#11269,#11270,#11271,#11272,#11273),
 .UNSPECIFIED.,.F.,.F.,(4,1,4),(0.,0.0153787290544835,0.0302990149805885),
 .UNSPECIFIED.);
#346=B_SPLINE_CURVE_WITH_KNOTS('',3,(#11276,#11277,#11278,#11279,#11280),
 .UNSPECIFIED.,.F.,.F.,(4,1,4),(0.,0.0153787290544835,0.0302990149805885),
 .UNSPECIFIED.);
#347=B_SPLINE_CURVE_WITH_KNOTS('',3,(#11292,#11293,#11294,#11295,#11296),
 .UNSPECIFIED.,.F.,.F.,(4,1,4),(0.,0.0246010171194571,0.0498500266932906),
 .UNSPECIFIED.);
#348=B_SPLINE_CURVE_WITH_KNOTS('',3,(#11299,#11300,#11301,#11302,#11303),
 .UNSPECIFIED.,.F.,.F.,(4,1,4),(0.,0.0246010171194571,0.0498500266932906),
 .UNSPECIFIED.);
#349=B_SPLINE_CURVE_WITH_KNOTS('',3,(#11315,#11316,#11317,#11318,#11319),
 .UNSPECIFIED.,.F.,.F.,(4,1,4),(0.,0.031968374572063,0.0587792816489536),
 .UNSPECIFIED.);
#350=B_SPLINE_CURVE_WITH_KNOTS('',3,(#11322,#11323,#11324,#11325,#11326),
 .UNSPECIFIED.,.F.,.F.,(4,1,4),(0.,0.031968374572063,0.0587792816489536),
 .UNSPECIFIED.);
#351=B_SPLINE_CURVE_WITH_KNOTS('',3,(#11338,#11339,#11340,#11341,#11342),
 .UNSPECIFIED.,.F.,.F.,(4,1,4),(0.,0.0203415686160842,0.0414191022957769),
 .UNSPECIFIED.);
#352=B_SPLINE_CURVE_WITH_KNOTS('',3,(#11345,#11346,#11347,#11348,#11349),
 .UNSPECIFIED.,.F.,.F.,(4,1,4),(0.,0.0203415686160842,0.0414191022957769),
 .UNSPECIFIED.);
#353=B_SPLINE_CURVE_WITH_KNOTS('',3,(#11361,#11362,#11363,#11364,#11365),
 .UNSPECIFIED.,.F.,.F.,(4,1,4),(0.,0.0249664824710618,0.0465875655575503),
 .UNSPECIFIED.);
#354=B_SPLINE_CURVE_WITH_KNOTS('',3,(#11368,#11369,#11370,#11371,#11372),
 .UNSPECIFIED.,.F.,.F.,(4,1,4),(0.,0.0249664824710618,0.0465875655575503),
 .UNSPECIFIED.);
#355=B_SPLINE_CURVE_WITH_KNOTS('',3,(#11383,#11384,#11385,#11386,#11387),
 .UNSPECIFIED.,.F.,.F.,(4,1,4),(0.,0.0132929283141322,0.0279128363605511),
 .UNSPECIFIED.);
#356=B_SPLINE_CURVE_WITH_KNOTS('',3,(#11388,#11389,#11390,#11391,#11392),
 .UNSPECIFIED.,.F.,.F.,(4,1,4),(0.,0.0132929283141322,0.0279128363605511),
 .UNSPECIFIED.);
#357=B_SPLINE_CURVE_WITH_KNOTS('',3,(#11406,#11407,#11408,#11409,#11410),
 .UNSPECIFIED.,.F.,.F.,(4,1,4),(0.,0.0375792964712838,0.0678510935995164),
 .UNSPECIFIED.);
#358=B_SPLINE_CURVE_WITH_KNOTS('',3,(#11414,#11415,#11416,#11417,#11418),
 .UNSPECIFIED.,.F.,.F.,(4,1,4),(0.,0.0375792964712838,0.0678510935995164),
 .UNSPECIFIED.);
#359=B_SPLINE_CURVE_WITH_KNOTS('',3,(#11431,#11432,#11433,#11434,#11435),
 .UNSPECIFIED.,.F.,.F.,(4,1,4),(0.,0.0225982491949301,0.0469497047393309),
 .UNSPECIFIED.);
#360=B_SPLINE_CURVE_WITH_KNOTS('',3,(#11438,#11439,#11440,#11441,#11442),
 .UNSPECIFIED.,.F.,.F.,(4,1,4),(0.,0.0225982491949301,0.0469497047393309),
 .UNSPECIFIED.);
#361=B_SPLINE_CURVE_WITH_KNOTS('',3,(#11454,#11455,#11456,#11457,#11458),
 .UNSPECIFIED.,.F.,.F.,(4,1,4),(0.,0.0195021705428039,0.0403618054020611),
 .UNSPECIFIED.);
#362=B_SPLINE_CURVE_WITH_KNOTS('',3,(#11461,#11462,#11463,#11464,#11465),
 .UNSPECIFIED.,.F.,.F.,(4,1,4),(0.,0.0195021705428039,0.0403618054020611),
 .UNSPECIFIED.);
#363=B_SPLINE_CURVE_WITH_KNOTS('',3,(#11477,#11478,#11479,#11480,#11481),
 .UNSPECIFIED.,.F.,.F.,(4,1,4),(0.,0.0180809159217226,0.0367186377417879),
 .UNSPECIFIED.);
#364=B_SPLINE_CURVE_WITH_KNOTS('',3,(#11484,#11485,#11486,#11487,#11488),
 .UNSPECIFIED.,.F.,.F.,(4,1,4),(0.,0.0180809159217226,0.0367186377417879),
 .UNSPECIFIED.);
#365=B_SPLINE_CURVE_WITH_KNOTS('',3,(#11500,#11501,#11502,#11503,#11504),
 .UNSPECIFIED.,.F.,.F.,(4,1,4),(0.,0.0156789960990182,0.0331103327112367),
 .UNSPECIFIED.);
#366=B_SPLINE_CURVE_WITH_KNOTS('',3,(#11507,#11508,#11509,#11510,#11511),
 .UNSPECIFIED.,.F.,.F.,(4,1,4),(0.,0.0156789960990182,0.0331103327112367),
 .UNSPECIFIED.);
#367=B_SPLINE_CURVE_WITH_KNOTS('',3,(#11523,#11524,#11525,#11526,#11527),
 .UNSPECIFIED.,.F.,.F.,(4,1,4),(0.,0.0160212487174656,0.0313317174029639),
 .UNSPECIFIED.);
#368=B_SPLINE_CURVE_WITH_KNOTS('',3,(#11530,#11531,#11532,#11533,#11534),
 .UNSPECIFIED.,.F.,.F.,(4,1,4),(0.,0.0160212487174656,0.0313317174029639),
 .UNSPECIFIED.);
#369=B_SPLINE_CURVE_WITH_KNOTS('',3,(#11546,#11547,#11548,#11549,#11550),
 .UNSPECIFIED.,.F.,.F.,(4,1,4),(0.,0.0345077453684305,0.0571776159829592),
 .UNSPECIFIED.);
#370=B_SPLINE_CURVE_WITH_KNOTS('',3,(#11553,#11554,#11555,#11556,#11557),
 .UNSPECIFIED.,.F.,.F.,(4,1,4),(0.,0.0345077453684305,0.0571776159829592),
 .UNSPECIFIED.);
#371=B_SPLINE_CURVE_WITH_KNOTS('',3,(#11569,#11570,#11571,#11572,#11573),
 .UNSPECIFIED.,.F.,.F.,(4,1,4),(0.,0.011408287880327,0.0338750737487794),
 .UNSPECIFIED.);
#372=B_SPLINE_CURVE_WITH_KNOTS('',3,(#11576,#11577,#11578,#11579,#11580),
 .UNSPECIFIED.,.F.,.F.,(4,1,4),(0.,0.011408287880327,0.0338750737487794),
 .UNSPECIFIED.);
#373=B_SPLINE_CURVE_WITH_KNOTS('',3,(#11592,#11593,#11594,#11595,#11596),
 .UNSPECIFIED.,.F.,.F.,(4,1,4),(0.,0.00792635555508958,0.0173547893285658),
 .UNSPECIFIED.);
#374=B_SPLINE_CURVE_WITH_KNOTS('',3,(#11599,#11600,#11601,#11602,#11603),
 .UNSPECIFIED.,.F.,.F.,(4,1,4),(0.,0.00792635555508958,0.0173547893285658),
 .UNSPECIFIED.);
#375=B_SPLINE_CURVE_WITH_KNOTS('',3,(#11615,#11616,#11617,#11618,#11619),
 .UNSPECIFIED.,.F.,.F.,(4,1,4),(0.,0.00689671198558693,0.0138583388802261),
 .UNSPECIFIED.);
#376=B_SPLINE_CURVE_WITH_KNOTS('',3,(#11622,#11623,#11624,#11625,#11626),
 .UNSPECIFIED.,.F.,.F.,(4,1,4),(0.,0.00689671198558693,0.0138583388802261),
 .UNSPECIFIED.);
#377=B_SPLINE_CURVE_WITH_KNOTS('',3,(#11638,#11639,#11640,#11641,#11642),
 .UNSPECIFIED.,.F.,.F.,(4,1,4),(0.,0.0122104317879977,0.0230924828345452),
 .UNSPECIFIED.);
#378=B_SPLINE_CURVE_WITH_KNOTS('',3,(#11645,#11646,#11647,#11648,#11649),
 .UNSPECIFIED.,.F.,.F.,(4,1,4),(0.,0.0122104317879977,0.0230924828345452),
 .UNSPECIFIED.);
#379=B_SPLINE_CURVE_WITH_KNOTS('',3,(#11661,#11662,#11663,#11664,#11665),
 .UNSPECIFIED.,.F.,.F.,(4,1,4),(0.,0.0218437624361211,0.037630332682903),
 .UNSPECIFIED.);
#380=B_SPLINE_CURVE_WITH_KNOTS('',3,(#11668,#11669,#11670,#11671,#11672),
 .UNSPECIFIED.,.F.,.F.,(4,1,4),(0.,0.0218437624361211,0.037630332682903),
 .UNSPECIFIED.);
#381=B_SPLINE_CURVE_WITH_KNOTS('',3,(#11684,#11685,#11686,#11687,#11688),
 .UNSPECIFIED.,.F.,.F.,(4,1,4),(0.,0.0158552301795418,0.0350572604958878),
 .UNSPECIFIED.);
#382=B_SPLINE_CURVE_WITH_KNOTS('',3,(#11691,#11692,#11693,#11694,#11695),
 .UNSPECIFIED.,.F.,.F.,(4,1,4),(0.,0.0158552301795418,0.0350572604958878),
 .UNSPECIFIED.);
#383=B_SPLINE_CURVE_WITH_KNOTS('',3,(#11707,#11708,#11709,#11710,#11711),
 .UNSPECIFIED.,.F.,.F.,(4,1,4),(0.,0.0156857528327451,0.0303749386907902),
 .UNSPECIFIED.);
#384=B_SPLINE_CURVE_WITH_KNOTS('',3,(#11714,#11715,#11716,#11717,#11718),
 .UNSPECIFIED.,.F.,.F.,(4,1,4),(0.,0.0156857528327451,0.0303749386907902),
 .UNSPECIFIED.);
#385=B_SPLINE_CURVE_WITH_KNOTS('',3,(#11736,#11737,#11738,#11739,#11740),
 .UNSPECIFIED.,.F.,.F.,(4,1,4),(0.,0.0166375253360257,0.0362181343297749),
 .UNSPECIFIED.);
#386=B_SPLINE_CURVE_WITH_KNOTS('',3,(#11743,#11744,#11745,#11746,#11747),
 .UNSPECIFIED.,.F.,.F.,(4,1,4),(0.,0.0166375253360257,0.0362181343297749),
 .UNSPECIFIED.);
#387=B_SPLINE_CURVE_WITH_KNOTS('',3,(#11759,#11760,#11761,#11762,#11763),
 .UNSPECIFIED.,.F.,.F.,(4,1,4),(0.,0.0189112114064133,0.035193371545519),
 .UNSPECIFIED.);
#388=B_SPLINE_CURVE_WITH_KNOTS('',3,(#11766,#11767,#11768,#11769,#11770),
 .UNSPECIFIED.,.F.,.F.,(4,1,4),(0.,0.0189112114064133,0.035193371545519),
 .UNSPECIFIED.);
#389=B_SPLINE_CURVE_WITH_KNOTS('',3,(#11782,#11783,#11784,#11785,#11786),
 .UNSPECIFIED.,.F.,.F.,(4,1,4),(0.,0.0240899856666265,0.0457068536310479),
 .UNSPECIFIED.);
#390=B_SPLINE_CURVE_WITH_KNOTS('',3,(#11789,#11790,#11791,#11792,#11793),
 .UNSPECIFIED.,.F.,.F.,(4,1,4),(0.,0.0240899856666265,0.0457068536310479),
 .UNSPECIFIED.);
#391=B_SPLINE_CURVE_WITH_KNOTS('',3,(#11805,#11806,#11807,#11808,#11809),
 .UNSPECIFIED.,.F.,.F.,(4,1,4),(0.,0.0157236200485432,0.0322081398772847),
 .UNSPECIFIED.);
#392=B_SPLINE_CURVE_WITH_KNOTS('',3,(#11812,#11813,#11814,#11815,#11816),
 .UNSPECIFIED.,.F.,.F.,(4,1,4),(0.,0.0157236200485432,0.0322081398772847),
 .UNSPECIFIED.);
#393=B_SPLINE_CURVE_WITH_KNOTS('',3,(#11828,#11829,#11830,#11831,#11832),
 .UNSPECIFIED.,.F.,.F.,(4,1,4),(0.,0.0117235457606007,0.0258698894133989),
 .UNSPECIFIED.);
#394=B_SPLINE_CURVE_WITH_KNOTS('',3,(#11835,#11836,#11837,#11838,#11839),
 .UNSPECIFIED.,.F.,.F.,(4,1,4),(0.,0.0117235457606007,0.0258698894133989),
 .UNSPECIFIED.);
#395=B_SPLINE_CURVE_WITH_KNOTS('',3,(#11851,#11852,#11853,#11854,#11855),
 .UNSPECIFIED.,.F.,.F.,(4,1,4),(0.,0.0137869889556603,0.0275887429805065),
 .UNSPECIFIED.);
#396=B_SPLINE_CURVE_WITH_KNOTS('',3,(#11858,#11859,#11860,#11861,#11862),
 .UNSPECIFIED.,.F.,.F.,(4,1,4),(0.,0.0137869889556603,0.0275887429805065),
 .UNSPECIFIED.);
#397=B_SPLINE_CURVE_WITH_KNOTS('',3,(#11874,#11875,#11876,#11877,#11878),
 .UNSPECIFIED.,.F.,.F.,(4,1,4),(0.,0.0140905798053578,0.0279380227552139),
 .UNSPECIFIED.);
#398=B_SPLINE_CURVE_WITH_KNOTS('',3,(#11881,#11882,#11883,#11884,#11885),
 .UNSPECIFIED.,.F.,.F.,(4,1,4),(0.,0.0140905798053578,0.0279380227552139),
 .UNSPECIFIED.);
#399=B_SPLINE_CURVE_WITH_KNOTS('',3,(#11897,#11898,#11899,#11900,#11901),
 .UNSPECIFIED.,.F.,.F.,(4,1,4),(0.,0.0151551510861198,0.030559436676865),
 .UNSPECIFIED.);
#400=B_SPLINE_CURVE_WITH_KNOTS('',3,(#11904,#11905,#11906,#11907,#11908),
 .UNSPECIFIED.,.F.,.F.,(4,1,4),(0.,0.0151551510861198,0.030559436676865),
 .UNSPECIFIED.);
#401=B_SPLINE_CURVE_WITH_KNOTS('',3,(#11920,#11921,#11922,#11923,#11924),
 .UNSPECIFIED.,.F.,.F.,(4,1,4),(0.,0.0163898627651587,0.0318165903246275),
 .UNSPECIFIED.);
#402=B_SPLINE_CURVE_WITH_KNOTS('',3,(#11927,#11928,#11929,#11930,#11931),
 .UNSPECIFIED.,.F.,.F.,(4,1,4),(0.,0.0163898627651587,0.0318165903246275),
 .UNSPECIFIED.);
#403=B_SPLINE_CURVE_WITH_KNOTS('',3,(#11943,#11944,#11945,#11946,#11947),
 .UNSPECIFIED.,.F.,.F.,(4,1,4),(0.,0.0356047124871355,0.0589482164953991),
 .UNSPECIFIED.);
#404=B_SPLINE_CURVE_WITH_KNOTS('',3,(#11950,#11951,#11952,#11953,#11954),
 .UNSPECIFIED.,.F.,.F.,(4,1,4),(0.,0.0356047124871355,0.0589482164953991),
 .UNSPECIFIED.);
#405=B_SPLINE_CURVE_WITH_KNOTS('',3,(#11966,#11967,#11968,#11969,#11970),
 .UNSPECIFIED.,.F.,.F.,(4,1,4),(0.,0.0143287215341814,0.039739659610978),
 .UNSPECIFIED.);
#406=B_SPLINE_CURVE_WITH_KNOTS('',3,(#11973,#11974,#11975,#11976,#11977),
 .UNSPECIFIED.,.F.,.F.,(4,1,4),(0.,0.0143287215341814,0.039739659610978),
 .UNSPECIFIED.);
#407=B_SPLINE_CURVE_WITH_KNOTS('',3,(#11989,#11990,#11991,#11992,#11993),
 .UNSPECIFIED.,.F.,.F.,(4,1,4),(0.,0.011477693763532,0.0232373680097455),
 .UNSPECIFIED.);
#408=B_SPLINE_CURVE_WITH_KNOTS('',3,(#11996,#11997,#11998,#11999,#12000),
 .UNSPECIFIED.,.F.,.F.,(4,1,4),(0.,0.011477693763532,0.0232373680097455),
 .UNSPECIFIED.);
#409=B_SPLINE_CURVE_WITH_KNOTS('',3,(#12012,#12013,#12014,#12015,#12016),
 .UNSPECIFIED.,.F.,.F.,(4,1,4),(0.,0.0145225039196137,0.0278995604806262),
 .UNSPECIFIED.);
#410=B_SPLINE_CURVE_WITH_KNOTS('',3,(#12019,#12020,#12021,#12022,#12023),
 .UNSPECIFIED.,.F.,.F.,(4,1,4),(0.,0.0145225039196137,0.0278995604806262),
 .UNSPECIFIED.);
#411=B_SPLINE_CURVE_WITH_KNOTS('',3,(#12035,#12036,#12037,#12038,#12039),
 .UNSPECIFIED.,.F.,.F.,(4,1,4),(0.,0.0222516570982495,0.0396284835334249),
 .UNSPECIFIED.);
#412=B_SPLINE_CURVE_WITH_KNOTS('',3,(#12042,#12043,#12044,#12045,#12046),
 .UNSPECIFIED.,.F.,.F.,(4,1,4),(0.,0.0222516570982495,0.0396284835334249),
 .UNSPECIFIED.);
#413=B_SPLINE_CURVE_WITH_KNOTS('',3,(#12058,#12059,#12060,#12061,#12062),
 .UNSPECIFIED.,.F.,.F.,(4,1,4),(0.,0.0189465299153767,0.0415179534395665),
 .UNSPECIFIED.);
#414=B_SPLINE_CURVE_WITH_KNOTS('',3,(#12065,#12066,#12067,#12068,#12069),
 .UNSPECIFIED.,.F.,.F.,(4,1,4),(0.,0.0189465299153767,0.0415179534395665),
 .UNSPECIFIED.);
#415=B_SPLINE_CURVE_WITH_KNOTS('',3,(#12081,#12082,#12083,#12084,#12085),
 .UNSPECIFIED.,.F.,.F.,(4,1,4),(0.,0.020191211964336,0.0383442304070357),
 .UNSPECIFIED.);
#416=B_SPLINE_CURVE_WITH_KNOTS('',3,(#12088,#12089,#12090,#12091,#12092),
 .UNSPECIFIED.,.F.,.F.,(4,1,4),(0.,0.020191211964336,0.0383442304070357),
 .UNSPECIFIED.);
#417=B_SPLINE_CURVE_WITH_KNOTS('',3,(#12109,#12110,#12111,#12112,#12113),
 .UNSPECIFIED.,.F.,.F.,(4,1,4),(0.,0.0284249844880707,0.0604171710937772),
 .UNSPECIFIED.);
#418=B_SPLINE_CURVE_WITH_KNOTS('',3,(#12114,#12115,#12116,#12117,#12118),
 .UNSPECIFIED.,.F.,.F.,(4,1,4),(0.,0.0284249844880707,0.0604171710937772),
 .UNSPECIFIED.);
#419=B_SPLINE_CURVE_WITH_KNOTS('',3,(#12132,#12133,#12134,#12135,#12136),
 .UNSPECIFIED.,.F.,.F.,(4,1,4),(0.,0.00570625278106635,0.012976079811065),
 .UNSPECIFIED.);
#420=B_SPLINE_CURVE_WITH_KNOTS('',3,(#12140,#12141,#12142,#12143,#12144),
 .UNSPECIFIED.,.F.,.F.,(4,1,4),(0.,0.00570625278106635,0.012976079811065),
 .UNSPECIFIED.);
#421=B_SPLINE_CURVE_WITH_KNOTS('',3,(#12157,#12158,#12159,#12160,#12161),
 .UNSPECIFIED.,.F.,.F.,(4,1,4),(0.,0.00478309069677739,0.00968920181655928),
 .UNSPECIFIED.);
#422=B_SPLINE_CURVE_WITH_KNOTS('',3,(#12164,#12165,#12166,#12167,#12168),
 .UNSPECIFIED.,.F.,.F.,(4,1,4),(0.,0.00478309069677739,0.00968920181655928),
 .UNSPECIFIED.);
#423=B_SPLINE_CURVE_WITH_KNOTS('',3,(#12180,#12181,#12182,#12183,#12184),
 .UNSPECIFIED.,.F.,.F.,(4,1,4),(0.,0.0129525041519251,0.0204122223590431),
 .UNSPECIFIED.);
#424=B_SPLINE_CURVE_WITH_KNOTS('',3,(#12187,#12188,#12189,#12190,#12191),
 .UNSPECIFIED.,.F.,.F.,(4,1,4),(0.,0.0129525041519251,0.0204122223590431),
 .UNSPECIFIED.);
#425=B_SPLINE_CURVE_WITH_KNOTS('',3,(#12269,#12270,#12271,#12272,#12273),
 .UNSPECIFIED.,.F.,.F.,(4,1,4),(0.,0.0163901763145541,0.0438603503218748),
 .UNSPECIFIED.);
#426=B_SPLINE_CURVE_WITH_KNOTS('',3,(#12276,#12277,#12278,#12279,#12280),
 .UNSPECIFIED.,.F.,.F.,(4,1,4),(0.,0.0163901763145541,0.0438603503218748),
 .UNSPECIFIED.);
#427=B_SPLINE_CURVE_WITH_KNOTS('',3,(#12292,#12293,#12294,#12295,#12296),
 .UNSPECIFIED.,.F.,.F.,(4,1,4),(0.,0.0119377364715039,0.0231118517474334),
 .UNSPECIFIED.);
#428=B_SPLINE_CURVE_WITH_KNOTS('',3,(#12299,#12300,#12301,#12302,#12303),
 .UNSPECIFIED.,.F.,.F.,(4,1,4),(0.,0.0119377364715039,0.0231118517474334),
 .UNSPECIFIED.);
#429=B_SPLINE_CURVE_WITH_KNOTS('',3,(#12315,#12316,#12317,#12318,#12319),
 .UNSPECIFIED.,.F.,.F.,(4,1,4),(0.,0.0178741658497426,0.0320008661267258),
 .UNSPECIFIED.);
#430=B_SPLINE_CURVE_WITH_KNOTS('',3,(#12322,#12323,#12324,#12325,#12326),
 .UNSPECIFIED.,.F.,.F.,(4,1,4),(0.,0.0178741658497426,0.0320008661267258),
 .UNSPECIFIED.);
#431=B_SPLINE_CURVE_WITH_KNOTS('',3,(#12338,#12339,#12340,#12341,#12342),
 .UNSPECIFIED.,.F.,.F.,(4,1,4),(0.,0.0149370289264992,0.0280593930880297),
 .UNSPECIFIED.);
#432=B_SPLINE_CURVE_WITH_KNOTS('',3,(#12345,#12346,#12347,#12348,#12349),
 .UNSPECIFIED.,.F.,.F.,(4,1,4),(0.,0.0149370289264992,0.0280593930880297),
 .UNSPECIFIED.);
#433=B_SPLINE_CURVE_WITH_KNOTS('',3,(#12366,#12367,#12368,#12369,#12370),
 .UNSPECIFIED.,.F.,.F.,(4,1,4),(0.,0.00712008368304007,0.016238734705554),
 .UNSPECIFIED.);
#434=B_SPLINE_CURVE_WITH_KNOTS('',3,(#12371,#12372,#12373,#12374,#12375),
 .UNSPECIFIED.,.F.,.F.,(4,1,4),(0.,0.00712008368304007,0.016238734705554),
 .UNSPECIFIED.);
#435=B_SPLINE_CURVE_WITH_KNOTS('',3,(#12389,#12390,#12391,#12392,#12393),
 .UNSPECIFIED.,.F.,.F.,(4,1,4),(0.,0.0232560808484852,0.047465923583861),
 .UNSPECIFIED.);
#436=B_SPLINE_CURVE_WITH_KNOTS('',3,(#12397,#12398,#12399,#12400,#12401),
 .UNSPECIFIED.,.F.,.F.,(4,1,4),(0.,0.0232560808484852,0.047465923583861),
 .UNSPECIFIED.);
#437=B_SPLINE_CURVE_WITH_KNOTS('',3,(#12414,#12415,#12416,#12417,#12418),
 .UNSPECIFIED.,.F.,.F.,(4,1,4),(0.,0.0247344885442039,0.0484319074881081),
 .UNSPECIFIED.);
#438=B_SPLINE_CURVE_WITH_KNOTS('',3,(#12421,#12422,#12423,#12424,#12425),
 .UNSPECIFIED.,.F.,.F.,(4,1,4),(0.,0.0247344885442039,0.0484319074881081),
 .UNSPECIFIED.);
#439=B_SPLINE_CURVE_WITH_KNOTS('',3,(#12437,#12438,#12439,#12440,#12441),
 .UNSPECIFIED.,.F.,.F.,(4,1,4),(0.,0.0352719056791261,0.0637289668333581),
 .UNSPECIFIED.);
#440=B_SPLINE_CURVE_WITH_KNOTS('',3,(#12444,#12445,#12446,#12447,#12448),
 .UNSPECIFIED.,.F.,.F.,(4,1,4),(0.,0.0352719056791261,0.0637289668333581),
 .UNSPECIFIED.);
#441=B_SPLINE_CURVE_WITH_KNOTS('',3,(#12460,#12461,#12462,#12463,#12464),
 .UNSPECIFIED.,.F.,.F.,(4,1,4),(0.,0.0282118504181666,0.0646614922054497),
 .UNSPECIFIED.);
#442=B_SPLINE_CURVE_WITH_KNOTS('',3,(#12467,#12468,#12469,#12470,#12471),
 .UNSPECIFIED.,.F.,.F.,(4,1,4),(0.,0.0282118504181666,0.0646614922054497),
 .UNSPECIFIED.);
#443=B_SPLINE_CURVE_WITH_KNOTS('',3,(#12483,#12484,#12485,#12486,#12487),
 .UNSPECIFIED.,.F.,.F.,(4,1,4),(0.,0.023834905250959,0.0480187959131383),
 .UNSPECIFIED.);
#444=B_SPLINE_CURVE_WITH_KNOTS('',3,(#12490,#12491,#12492,#12493,#12494),
 .UNSPECIFIED.,.F.,.F.,(4,1,4),(0.,0.023834905250959,0.0480187959131383),
 .UNSPECIFIED.);
#445=B_SPLINE_CURVE_WITH_KNOTS('',3,(#12506,#12507,#12508,#12509,#12510),
 .UNSPECIFIED.,.F.,.F.,(4,1,4),(0.,0.0241492827178144,0.0480895333731904),
 .UNSPECIFIED.);
#446=B_SPLINE_CURVE_WITH_KNOTS('',3,(#12513,#12514,#12515,#12516,#12517),
 .UNSPECIFIED.,.F.,.F.,(4,1,4),(0.,0.0241492827178144,0.0480895333731904),
 .UNSPECIFIED.);
#447=B_SPLINE_CURVE_WITH_KNOTS('',3,(#12529,#12530,#12531,#12532,#12533),
 .UNSPECIFIED.,.F.,.F.,(4,1,4),(0.,0.037231371120035,0.0656703549089802),
 .UNSPECIFIED.);
#448=B_SPLINE_CURVE_WITH_KNOTS('',3,(#12536,#12537,#12538,#12539,#12540),
 .UNSPECIFIED.,.F.,.F.,(4,1,4),(0.,0.037231371120035,0.0656703549089802),
 .UNSPECIFIED.);
#449=B_SPLINE_CURVE_WITH_KNOTS('',3,(#12551,#12552,#12553,#12554,#12555),
 .UNSPECIFIED.,.F.,.F.,(4,1,4),(0.,0.0279391784215944,0.06266212980795),
 .UNSPECIFIED.);
#450=B_SPLINE_CURVE_WITH_KNOTS('',3,(#12556,#12557,#12558,#12559,#12560),
 .UNSPECIFIED.,.F.,.F.,(4,1,4),(0.,0.0279391784215944,0.06266212980795),
 .UNSPECIFIED.);
#451=B_SPLINE_CURVE_WITH_KNOTS('',3,(#12573,#12574,#12575,#12576,#12577),
 .UNSPECIFIED.,.F.,.F.,(4,1,4),(0.,0.035417857219555,0.0660484174071192),
 .UNSPECIFIED.);
#452=B_SPLINE_CURVE_WITH_KNOTS('',3,(#12581,#12582,#12583,#12584,#12585),
 .UNSPECIFIED.,.F.,.F.,(4,1,4),(0.,0.035417857219555,0.0660484174071192),
 .UNSPECIFIED.);
#453=B_SPLINE_CURVE_WITH_KNOTS('',3,(#12598,#12599,#12600,#12601,#12602),
 .UNSPECIFIED.,.F.,.F.,(4,1,4),(0.,0.0266341136222954,0.0569484440970154),
 .UNSPECIFIED.);
#454=B_SPLINE_CURVE_WITH_KNOTS('',3,(#12605,#12606,#12607,#12608,#12609),
 .UNSPECIFIED.,.F.,.F.,(4,1,4),(0.,0.0266341136222954,0.0569484440970154),
 .UNSPECIFIED.);
#455=B_SPLINE_CURVE_WITH_KNOTS('',3,(#12621,#12622,#12623,#12624,#12625),
 .UNSPECIFIED.,.F.,.F.,(4,1,4),(0.,0.0231856454331412,0.0473994259061698),
 .UNSPECIFIED.);
#456=B_SPLINE_CURVE_WITH_KNOTS('',3,(#12628,#12629,#12630,#12631,#12632),
 .UNSPECIFIED.,.F.,.F.,(4,1,4),(0.,0.0231856454331412,0.0473994259061698),
 .UNSPECIFIED.);
#457=B_SPLINE_CURVE_WITH_KNOTS('',3,(#12644,#12645,#12646,#12647,#12648),
 .UNSPECIFIED.,.F.,.F.,(4,1,4),(0.,0.0434346912414512,0.0730399336243023),
 .UNSPECIFIED.);
#458=B_SPLINE_CURVE_WITH_KNOTS('',3,(#12651,#12652,#12653,#12654,#12655),
 .UNSPECIFIED.,.F.,.F.,(4,1,4),(0.,0.0434346912414512,0.0730399336243023),
 .UNSPECIFIED.);
#459=B_SPLINE_CURVE_WITH_KNOTS('',3,(#12685,#12686,#12687,#12688,#12689),
 .UNSPECIFIED.,.F.,.F.,(4,1,4),(0.,0.0359467583037138,0.0726553832069544),
 .UNSPECIFIED.);
#460=B_SPLINE_CURVE_WITH_KNOTS('',3,(#12692,#12693,#12694,#12695,#12696),
 .UNSPECIFIED.,.F.,.F.,(4,1,4),(0.,0.0359467583037138,0.0726553832069544),
 .UNSPECIFIED.);
#461=B_SPLINE_CURVE_WITH_KNOTS('',3,(#12708,#12709,#12710,#12711,#12712),
 .UNSPECIFIED.,.F.,.F.,(4,1,4),(0.,0.0256140405207636,0.0528373359966933),
 .UNSPECIFIED.);
#462=B_SPLINE_CURVE_WITH_KNOTS('',3,(#12715,#12716,#12717,#12718,#12719),
 .UNSPECIFIED.,.F.,.F.,(4,1,4),(0.,0.0256140405207636,0.0528373359966933),
 .UNSPECIFIED.);
#463=B_SPLINE_CURVE_WITH_KNOTS('',3,(#12731,#12732,#12733,#12734,#12735),
 .UNSPECIFIED.,.F.,.F.,(4,1,4),(0.,0.0270764659386048,0.0526754538783497),
 .UNSPECIFIED.);
#464=B_SPLINE_CURVE_WITH_KNOTS('',3,(#12738,#12739,#12740,#12741,#12742),
 .UNSPECIFIED.,.F.,.F.,(4,1,4),(0.,0.0270764659386048,0.0526754538783497),
 .UNSPECIFIED.);
#465=B_SPLINE_CURVE_WITH_KNOTS('',3,(#12754,#12755,#12756,#12757,#12758),
 .UNSPECIFIED.,.F.,.F.,(4,1,4),(0.,0.0300349010972132,0.0587996709572608),
 .UNSPECIFIED.);
#466=B_SPLINE_CURVE_WITH_KNOTS('',3,(#12761,#12762,#12763,#12764,#12765),
 .UNSPECIFIED.,.F.,.F.,(4,1,4),(0.,0.0300349010972132,0.0587996709572608),
 .UNSPECIFIED.);
#467=B_SPLINE_CURVE_WITH_KNOTS('',3,(#12777,#12778,#12779,#12780,#12781),
 .UNSPECIFIED.,.F.,.F.,(4,1,4),(0.,0.0400427932699042,0.082491122022454),
 .UNSPECIFIED.);
#468=B_SPLINE_CURVE_WITH_KNOTS('',3,(#12784,#12785,#12786,#12787,#12788),
 .UNSPECIFIED.,.F.,.F.,(4,1,4),(0.,0.0400427932699042,0.082491122022454),
 .UNSPECIFIED.);
#469=B_SPLINE_CURVE_WITH_KNOTS('',3,(#12800,#12801,#12802,#12803,#12804),
 .UNSPECIFIED.,.F.,.F.,(4,1,4),(0.,0.0405645746708204,0.0788460364669761),
 .UNSPECIFIED.);
#470=B_SPLINE_CURVE_WITH_KNOTS('',3,(#12807,#12808,#12809,#12810,#12811),
 .UNSPECIFIED.,.F.,.F.,(4,1,4),(0.,0.0405645746708204,0.0788460364669761),
 .UNSPECIFIED.);
#471=B_SPLINE_CURVE_WITH_KNOTS('',3,(#12823,#12824,#12825,#12826,#12827),
 .UNSPECIFIED.,.F.,.F.,(4,1,4),(0.,0.0345010808399879,0.0683065844031565),
 .UNSPECIFIED.);
#472=B_SPLINE_CURVE_WITH_KNOTS('',3,(#12830,#12831,#12832,#12833,#12834),
 .UNSPECIFIED.,.F.,.F.,(4,1,4),(0.,0.0345010808399879,0.0683065844031565),
 .UNSPECIFIED.);
#473=B_SPLINE_CURVE_WITH_KNOTS('',3,(#12846,#12847,#12848,#12849,#12850),
 .UNSPECIFIED.,.F.,.F.,(4,1,4),(0.,0.0175710843993298,0.0474024408212529),
 .UNSPECIFIED.);
#474=B_SPLINE_CURVE_WITH_KNOTS('',3,(#12853,#12854,#12855,#12856,#12857),
 .UNSPECIFIED.,.F.,.F.,(4,1,4),(0.,0.0175710843993298,0.0474024408212529),
 .UNSPECIFIED.);
#475=B_SPLINE_CURVE_WITH_KNOTS('',3,(#12869,#12870,#12871,#12872,#12873),
 .UNSPECIFIED.,.F.,.F.,(4,1,4),(0.,0.0169356166137224,0.0348048914762958),
 .UNSPECIFIED.);
#476=B_SPLINE_CURVE_WITH_KNOTS('',3,(#12876,#12877,#12878,#12879,#12880),
 .UNSPECIFIED.,.F.,.F.,(4,1,4),(0.,0.0169356166137224,0.0348048914762958),
 .UNSPECIFIED.);
#477=B_SPLINE_CURVE_WITH_KNOTS('',3,(#12892,#12893,#12894,#12895,#12896),
 .UNSPECIFIED.,.F.,.F.,(4,1,4),(0.,0.0228076125933482,0.0413059640824319),
 .UNSPECIFIED.);
#478=B_SPLINE_CURVE_WITH_KNOTS('',3,(#12899,#12900,#12901,#12902,#12903),
 .UNSPECIFIED.,.F.,.F.,(4,1,4),(0.,0.0228076125933482,0.0413059640824319),
 .UNSPECIFIED.);
#479=B_SPLINE_CURVE_WITH_KNOTS('',3,(#12915,#12916,#12917,#12918,#12919),
 .UNSPECIFIED.,.F.,.F.,(4,1,4),(0.,0.017941442934906,0.0393262777275801),
 .UNSPECIFIED.);
#480=B_SPLINE_CURVE_WITH_KNOTS('',3,(#12922,#12923,#12924,#12925,#12926),
 .UNSPECIFIED.,.F.,.F.,(4,1,4),(0.,0.017941442934906,0.0393262777275801),
 .UNSPECIFIED.);
#481=B_SPLINE_CURVE_WITH_KNOTS('',3,(#12938,#12939,#12940,#12941,#12942),
 .UNSPECIFIED.,.F.,.F.,(4,1,4),(0.,0.0149408301757943,0.0277598444941158),
 .UNSPECIFIED.);
#482=B_SPLINE_CURVE_WITH_KNOTS('',3,(#12945,#12946,#12947,#12948,#12949),
 .UNSPECIFIED.,.F.,.F.,(4,1,4),(0.,0.0149408301757943,0.0277598444941158),
 .UNSPECIFIED.);
#483=B_SPLINE_CURVE_WITH_KNOTS('',3,(#12966,#12967,#12968,#12969,#12970),
 .UNSPECIFIED.,.F.,.F.,(4,1,4),(0.,0.0282084481056736,0.0594463022380571),
 .UNSPECIFIED.);
#484=B_SPLINE_CURVE_WITH_KNOTS('',3,(#12971,#12972,#12973,#12974,#12975),
 .UNSPECIFIED.,.F.,.F.,(4,1,4),(0.,0.0282084481056736,0.0594463022380571),
 .UNSPECIFIED.);
#485=B_SPLINE_CURVE_WITH_KNOTS('',3,(#13022,#13023,#13024,#13025,#13026),
 .UNSPECIFIED.,.F.,.F.,(4,1,4),(0.,0.0183315151546426,0.045926467933764),
 .UNSPECIFIED.);
#486=B_SPLINE_CURVE_WITH_KNOTS('',3,(#13029,#13030,#13031,#13032,#13033),
 .UNSPECIFIED.,.F.,.F.,(4,1,4),(0.,0.0183315151546426,0.045926467933764),
 .UNSPECIFIED.);
#487=B_SPLINE_CURVE_WITH_KNOTS('',3,(#13045,#13046,#13047,#13048,#13049),
 .UNSPECIFIED.,.F.,.F.,(4,1,4),(0.,0.012929239542999,0.0261308646386904),
 .UNSPECIFIED.);
#488=B_SPLINE_CURVE_WITH_KNOTS('',3,(#13052,#13053,#13054,#13055,#13056),
 .UNSPECIFIED.,.F.,.F.,(4,1,4),(0.,0.012929239542999,0.0261308646386904),
 .UNSPECIFIED.);
#489=B_SPLINE_CURVE_WITH_KNOTS('',3,(#13068,#13069,#13070,#13071,#13072),
 .UNSPECIFIED.,.F.,.F.,(4,1,4),(0.,0.0141570318605045,0.0275355278450435),
 .UNSPECIFIED.);
#490=B_SPLINE_CURVE_WITH_KNOTS('',3,(#13075,#13076,#13077,#13078,#13079),
 .UNSPECIFIED.,.F.,.F.,(4,1,4),(0.,0.0141570318605045,0.0275355278450435),
 .UNSPECIFIED.);
#491=B_SPLINE_CURVE_WITH_KNOTS('',3,(#13091,#13092,#13093,#13094,#13095),
 .UNSPECIFIED.,.F.,.F.,(4,1,4),(0.,0.0130989143768319,0.0276529286808775),
 .UNSPECIFIED.);
#492=B_SPLINE_CURVE_WITH_KNOTS('',3,(#13098,#13099,#13100,#13101,#13102),
 .UNSPECIFIED.,.F.,.F.,(4,1,4),(0.,0.0130989143768319,0.0276529286808775),
 .UNSPECIFIED.);
#493=B_SPLINE_CURVE_WITH_KNOTS('',3,(#13114,#13115,#13116,#13117,#13118),
 .UNSPECIFIED.,.F.,.F.,(4,1,4),(0.,0.0145628520079157,0.0276468546561014),
 .UNSPECIFIED.);
#494=B_SPLINE_CURVE_WITH_KNOTS('',3,(#13121,#13122,#13123,#13124,#13125),
 .UNSPECIFIED.,.F.,.F.,(4,1,4),(0.,0.0145628520079157,0.0276468546561014),
 .UNSPECIFIED.);
#495=B_SPLINE_CURVE_WITH_KNOTS('',3,(#13137,#13138,#13139,#13140,#13141),
 .UNSPECIFIED.,.F.,.F.,(4,1,4),(0.,0.0226803935890287,0.0380972005059184),
 .UNSPECIFIED.);
#496=B_SPLINE_CURVE_WITH_KNOTS('',3,(#13144,#13145,#13146,#13147,#13148),
 .UNSPECIFIED.,.F.,.F.,(4,1,4),(0.,0.0226803935890287,0.0380972005059184),
 .UNSPECIFIED.);
#497=B_SPLINE_CURVE_WITH_KNOTS('',3,(#13178,#13179,#13180,#13181,#13182),
 .UNSPECIFIED.,.F.,.F.,(4,1,4),(0.,0.018972882825565,0.0443022710331469),
 .UNSPECIFIED.);
#498=B_SPLINE_CURVE_WITH_KNOTS('',3,(#13185,#13186,#13187,#13188,#13189),
 .UNSPECIFIED.,.F.,.F.,(4,1,4),(0.,0.018972882825565,0.0443022710331469),
 .UNSPECIFIED.);
#499=B_SPLINE_CURVE_WITH_KNOTS('',3,(#13201,#13202,#13203,#13204,#13205),
 .UNSPECIFIED.,.F.,.F.,(4,1,4),(0.,0.0147065922757172,0.0299214755971222),
 .UNSPECIFIED.);
#500=B_SPLINE_CURVE_WITH_KNOTS('',3,(#13208,#13209,#13210,#13211,#13212),
 .UNSPECIFIED.,.F.,.F.,(4,1,4),(0.,0.0147065922757172,0.0299214755971222),
 .UNSPECIFIED.);
#501=B_SPLINE_CURVE_WITH_KNOTS('',3,(#13224,#13225,#13226,#13227,#13228),
 .UNSPECIFIED.,.F.,.F.,(4,1,4),(0.,0.0158269567833648,0.0307694591103756),
 .UNSPECIFIED.);
#502=B_SPLINE_CURVE_WITH_KNOTS('',3,(#13231,#13232,#13233,#13234,#13235),
 .UNSPECIFIED.,.F.,.F.,(4,1,4),(0.,0.0158269567833648,0.0307694591103756),
 .UNSPECIFIED.);
#503=B_SPLINE_CURVE_WITH_KNOTS('',3,(#13247,#13248,#13249,#13250,#13251),
 .UNSPECIFIED.,.F.,.F.,(4,1,4),(0.,0.0126042846964668,0.0261662304198495),
 .UNSPECIFIED.);
#504=B_SPLINE_CURVE_WITH_KNOTS('',3,(#13254,#13255,#13256,#13257,#13258),
 .UNSPECIFIED.,.F.,.F.,(4,1,4),(0.,0.0126042846964668,0.0261662304198495),
 .UNSPECIFIED.);
#505=B_SPLINE_CURVE_WITH_KNOTS('',3,(#13270,#13271,#13272,#13273,#13274),
 .UNSPECIFIED.,.F.,.F.,(4,1,4),(0.,0.0109489157429801,0.0227218893024923),
 .UNSPECIFIED.);
#506=B_SPLINE_CURVE_WITH_KNOTS('',3,(#13277,#13278,#13279,#13280,#13281),
 .UNSPECIFIED.,.F.,.F.,(4,1,4),(0.,0.0109489157429801,0.0227218893024923),
 .UNSPECIFIED.);
#507=B_SPLINE_CURVE_WITH_KNOTS('',3,(#13293,#13294,#13295,#13296,#13297),
 .UNSPECIFIED.,.F.,.F.,(4,1,4),(0.,0.0130042197853813,0.0244461595905065),
 .UNSPECIFIED.);
#508=B_SPLINE_CURVE_WITH_KNOTS('',3,(#13300,#13301,#13302,#13303,#13304),
 .UNSPECIFIED.,.F.,.F.,(4,1,4),(0.,0.0130042197853813,0.0244461595905065),
 .UNSPECIFIED.);
#509=B_SPLINE_CURVE_WITH_KNOTS('',3,(#13316,#13317,#13318,#13319,#13320),
 .UNSPECIFIED.,.F.,.F.,(4,1,4),(0.,0.0163749279135933,0.0270702438541344),
 .UNSPECIFIED.);
#510=B_SPLINE_CURVE_WITH_KNOTS('',3,(#13323,#13324,#13325,#13326,#13327),
 .UNSPECIFIED.,.F.,.F.,(4,1,4),(0.,0.0163749279135933,0.0270702438541344),
 .UNSPECIFIED.);
#511=B_SPLINE_CURVE_WITH_KNOTS('',3,(#13349,#13350,#13351,#13352,#13353),
 .UNSPECIFIED.,.F.,.F.,(4,1,4),(0.,0.0222925558396924,0.0487461971419277),
 .UNSPECIFIED.);
#512=B_SPLINE_CURVE_WITH_KNOTS('',3,(#13357,#13358,#13359,#13360,#13361),
 .UNSPECIFIED.,.F.,.F.,(4,1,4),(0.,0.0222925558396924,0.0487461971419277),
 .UNSPECIFIED.);
#513=B_SPLINE_CURVE_WITH_KNOTS('',3,(#13374,#13375,#13376,#13377,#13378),
 .UNSPECIFIED.,.F.,.F.,(4,1,4),(0.,0.0170926455281975,0.0362158283542865),
 .UNSPECIFIED.);
#514=B_SPLINE_CURVE_WITH_KNOTS('',3,(#13381,#13382,#13383,#13384,#13385),
 .UNSPECIFIED.,.F.,.F.,(4,1,4),(0.,0.0170926455281975,0.0362158283542865),
 .UNSPECIFIED.);
#515=B_SPLINE_CURVE_WITH_KNOTS('',3,(#13397,#13398,#13399,#13400,#13401),
 .UNSPECIFIED.,.F.,.F.,(4,1,4),(0.,0.0188745571317342,0.0358049141675947),
 .UNSPECIFIED.);
#516=B_SPLINE_CURVE_WITH_KNOTS('',3,(#13404,#13405,#13406,#13407,#13408),
 .UNSPECIFIED.,.F.,.F.,(4,1,4),(0.,0.0188745571317342,0.0358049141675947),
 .UNSPECIFIED.);
#517=B_SPLINE_CURVE_WITH_KNOTS('',3,(#13420,#13421,#13422,#13423,#13424),
 .UNSPECIFIED.,.F.,.F.,(4,1,4),(0.,0.0204573448527864,0.0404569271581856),
 .UNSPECIFIED.);
#518=B_SPLINE_CURVE_WITH_KNOTS('',3,(#13427,#13428,#13429,#13430,#13431),
 .UNSPECIFIED.,.F.,.F.,(4,1,4),(0.,0.0204573448527864,0.0404569271581856),
 .UNSPECIFIED.);
#519=B_SPLINE_CURVE_WITH_KNOTS('',3,(#13443,#13444,#13445,#13446,#13447),
 .UNSPECIFIED.,.F.,.F.,(4,1,4),(0.,0.0236725928909287,0.0483989569276343),
 .UNSPECIFIED.);
#520=B_SPLINE_CURVE_WITH_KNOTS('',3,(#13450,#13451,#13452,#13453,#13454),
 .UNSPECIFIED.,.F.,.F.,(4,1,4),(0.,0.0236725928909287,0.0483989569276343),
 .UNSPECIFIED.);
#521=B_SPLINE_CURVE_WITH_KNOTS('',3,(#13466,#13467,#13468,#13469,#13470),
 .UNSPECIFIED.,.F.,.F.,(4,1,4),(0.,0.0263802953350928,0.0505824434171309),
 .UNSPECIFIED.);
#522=B_SPLINE_CURVE_WITH_KNOTS('',3,(#13473,#13474,#13475,#13476,#13477),
 .UNSPECIFIED.,.F.,.F.,(4,1,4),(0.,0.0263802953350928,0.0505824434171309),
 .UNSPECIFIED.);
#523=B_SPLINE_CURVE_WITH_KNOTS('',3,(#13489,#13490,#13491,#13492,#13493),
 .UNSPECIFIED.,.F.,.F.,(4,1,4),(0.,0.0201764097866243,0.042198500913731),
 .UNSPECIFIED.);
#524=B_SPLINE_CURVE_WITH_KNOTS('',3,(#13496,#13497,#13498,#13499,#13500),
 .UNSPECIFIED.,.F.,.F.,(4,1,4),(0.,0.0201764097866243,0.042198500913731),
 .UNSPECIFIED.);
#525=B_SPLINE_CURVE_WITH_KNOTS('',3,(#13512,#13513,#13514,#13515,#13516),
 .UNSPECIFIED.,.F.,.F.,(4,1,4),(0.,0.0188546712089795,0.0380690748696618),
 .UNSPECIFIED.);
#526=B_SPLINE_CURVE_WITH_KNOTS('',3,(#13519,#13520,#13521,#13522,#13523),
 .UNSPECIFIED.,.F.,.F.,(4,1,4),(0.,0.0188546712089795,0.0380690748696618),
 .UNSPECIFIED.);
#527=B_SPLINE_CURVE_WITH_KNOTS('',3,(#13535,#13536,#13537,#13538,#13539),
 .UNSPECIFIED.,.F.,.F.,(4,1,4),(0.,0.0212801024042678,0.0417264612577588),
 .UNSPECIFIED.);
#528=B_SPLINE_CURVE_WITH_KNOTS('',3,(#13542,#13543,#13544,#13545,#13546),
 .UNSPECIFIED.,.F.,.F.,(4,1,4),(0.,0.0212801024042678,0.0417264612577588),
 .UNSPECIFIED.);
#529=B_SPLINE_CURVE_WITH_KNOTS('',3,(#13558,#13559,#13560,#13561,#13562),
 .UNSPECIFIED.,.F.,.F.,(4,1,4),(0.,0.0218326088836006,0.0434628833710912),
 .UNSPECIFIED.);
#530=B_SPLINE_CURVE_WITH_KNOTS('',3,(#13565,#13566,#13567,#13568,#13569),
 .UNSPECIFIED.,.F.,.F.,(4,1,4),(0.,0.0218326088836006,0.0434628833710912),
 .UNSPECIFIED.);
#531=B_SPLINE_CURVE_WITH_KNOTS('',3,(#13581,#13582,#13583,#13584,#13585),
 .UNSPECIFIED.,.F.,.F.,(4,1,4),(0.,0.0310606747813087,0.0561800180974309),
 .UNSPECIFIED.);
#532=B_SPLINE_CURVE_WITH_KNOTS('',3,(#13588,#13589,#13590,#13591,#13592),
 .UNSPECIFIED.,.F.,.F.,(4,1,4),(0.,0.0310606747813087,0.0561800180974309),
 .UNSPECIFIED.);
#533=B_SPLINE_SURFACE_WITH_KNOTS('',3,1,((#7939,#7940),(#7941,#7942),(#7943,
#7944),(#7945,#7946),(#7947,#7948)),.UNSPECIFIED.,.F.,.F.,.F.,(4,1,4),(2,
2),(0.,0.0210752868846736,0.0435357079108796),(0.,0.02),.UNSPECIFIED.);
#534=B_SPLINE_SURFACE_WITH_KNOTS('',3,1,((#7962,#7963),(#7964,#7965),(#7966,
#7967),(#7968,#7969),(#7970,#7971)),.UNSPECIFIED.,.F.,.F.,.F.,(4,1,4),(2,
2),(0.,0.0119598562353681,0.0246830107757546),(0.,0.02),.UNSPECIFIED.);
#535=B_SPLINE_SURFACE_WITH_KNOTS('',3,1,((#7985,#7986),(#7987,#7988),(#7989,
#7990),(#7991,#7992),(#7993,#7994)),.UNSPECIFIED.,.F.,.F.,.F.,(4,1,4),(2,
2),(0.,0.0116027315793526,0.0231949398736087),(0.,0.02),.UNSPECIFIED.);
#536=B_SPLINE_SURFACE_WITH_KNOTS('',3,1,((#8008,#8009),(#8010,#8011),(#8012,
#8013),(#8014,#8015),(#8016,#8017)),.UNSPECIFIED.,.F.,.F.,.F.,(4,1,4),(2,
2),(0.,0.0147731198645125,0.028425872130812),(0.,0.02),.UNSPECIFIED.);
#537=B_SPLINE_SURFACE_WITH_KNOTS('',3,1,((#8037,#8038),(#8039,#8040),(#8041,
#8042),(#8043,#8044),(#8045,#8046)),.UNSPECIFIED.,.F.,.F.,.F.,(4,1,4),(2,
2),(0.,0.0190086055122729,0.0400653186187899),(0.,0.02),.UNSPECIFIED.);
#538=B_SPLINE_SURFACE_WITH_KNOTS('',3,1,((#8060,#8061),(#8062,#8063),(#8064,
#8065),(#8066,#8067),(#8068,#8069)),.UNSPECIFIED.,.F.,.F.,.F.,(4,1,4),(2,
2),(0.,0.0125611057733368,0.0250527143808696),(0.,0.02),.UNSPECIFIED.);
#539=B_SPLINE_SURFACE_WITH_KNOTS('',3,1,((#8083,#8084),(#8085,#8086),(#8087,
#8088),(#8089,#8090),(#8091,#8092)),.UNSPECIFIED.,.F.,.F.,.F.,(4,1,4),(2,
2),(0.,0.0227362255889586,0.0386715357127468),(0.,0.02),.UNSPECIFIED.);
#540=B_SPLINE_SURFACE_WITH_KNOTS('',3,1,((#8162,#8163),(#8164,#8165),(#8166,
#8167),(#8168,#8169),(#8170,#8171)),.UNSPECIFIED.,.F.,.F.,.F.,(4,1,4),(2,
2),(0.,0.0178944520920547,0.0407631939533183),(0.,0.02),.UNSPECIFIED.);
#541=B_SPLINE_SURFACE_WITH_KNOTS('',3,1,((#8185,#8186),(#8187,#8188),(#8189,
#8190),(#8191,#8192),(#8193,#8194)),.UNSPECIFIED.,.F.,.F.,.F.,(4,1,4),(2,
2),(0.,0.0158958915448403,0.0312889576988737),(0.,0.02),.UNSPECIFIED.);
#542=B_SPLINE_SURFACE_WITH_KNOTS('',3,1,((#8208,#8209),(#8210,#8211),(#8212,
#8213),(#8214,#8215),(#8216,#8217)),.UNSPECIFIED.,.F.,.F.,.F.,(4,1,4),(2,
2),(0.,0.0160262506056083,0.0322425710046781),(0.,0.02),.UNSPECIFIED.);
#543=B_SPLINE_SURFACE_WITH_KNOTS('',3,1,((#8231,#8232),(#8233,#8234),(#8235,
#8236),(#8237,#8238),(#8239,#8240)),.UNSPECIFIED.,.F.,.F.,.F.,(4,1,4),(2,
2),(0.,0.0172618275093881,0.0369302539925132),(0.,0.02),.UNSPECIFIED.);
#544=B_SPLINE_SURFACE_WITH_KNOTS('',3,1,((#8254,#8255),(#8256,#8257),(#8258,
#8259),(#8260,#8261),(#8262,#8263)),.UNSPECIFIED.,.F.,.F.,.F.,(4,1,4),(2,
2),(0.,0.0240528935775011,0.042701985060103),(0.,0.02),.UNSPECIFIED.);
#545=B_SPLINE_SURFACE_WITH_KNOTS('',3,1,((#8295,#8296),(#8297,#8298),(#8299,
#8300),(#8301,#8302),(#8303,#8304)),.UNSPECIFIED.,.F.,.F.,.F.,(4,1,4),(2,
2),(0.,0.0213563265870407,0.049559446522481),(0.,0.02),.UNSPECIFIED.);
#546=B_SPLINE_SURFACE_WITH_KNOTS('',3,1,((#8318,#8319),(#8320,#8321),(#8322,
#8323),(#8324,#8325),(#8326,#8327)),.UNSPECIFIED.,.F.,.F.,.F.,(4,1,4),(2,
2),(0.,0.0190162160358446,0.0371297047809018),(0.,0.02),.UNSPECIFIED.);
#547=B_SPLINE_SURFACE_WITH_KNOTS('',3,1,((#8341,#8342),(#8343,#8344),(#8345,
#8346),(#8347,#8348),(#8349,#8350)),.UNSPECIFIED.,.F.,.F.,.F.,(4,1,4),(2,
2),(0.,0.0226863852123818,0.0433476164901692),(0.,0.02),.UNSPECIFIED.);
#548=B_SPLINE_SURFACE_WITH_KNOTS('',3,1,((#8364,#8365),(#8366,#8367),(#8368,
#8369),(#8370,#8371),(#8372,#8373)),.UNSPECIFIED.,.F.,.F.,.F.,(4,1,4),(2,
2),(0.,0.0367760345718843,0.0734585994480697),(0.,0.02),.UNSPECIFIED.);
#549=B_SPLINE_SURFACE_WITH_KNOTS('',3,1,((#8409,#8410),(#8411,#8412),(#8413,
#8414),(#8415,#8416),(#8417,#8418)),.UNSPECIFIED.,.F.,.F.,.F.,(4,1,4),(2,
2),(0.,0.023086770169517,0.0469250274953972),(0.,0.02),.UNSPECIFIED.);
#550=B_SPLINE_SURFACE_WITH_KNOTS('',3,1,((#8435,#8436),(#8437,#8438),(#8439,
#8440),(#8441,#8442),(#8443,#8444)),.UNSPECIFIED.,.F.,.F.,.F.,(4,1,4),(2,
2),(0.,0.0247614994153072,0.0485171987372488),(0.,0.02),.UNSPECIFIED.);
#551=B_SPLINE_SURFACE_WITH_KNOTS('',3,1,((#8458,#8459),(#8460,#8461),(#8462,
#8463),(#8464,#8465),(#8466,#8467)),.UNSPECIFIED.,.F.,.F.,.F.,(4,1,4),(2,
2),(0.,0.0389147012217483,0.0686611970469627),(0.,0.02),.UNSPECIFIED.);
#552=B_SPLINE_SURFACE_WITH_KNOTS('',3,1,((#8481,#8482),(#8483,#8484),(#8485,
#8486),(#8487,#8488),(#8489,#8490)),.UNSPECIFIED.,.F.,.F.,.F.,(4,1,4),(2,
2),(0.,0.0279705160106589,0.0635474467972632),(0.,0.02),.UNSPECIFIED.);
#553=B_SPLINE_SURFACE_WITH_KNOTS('',3,1,((#8504,#8505),(#8506,#8507),(#8508,
#8509),(#8510,#8511),(#8512,#8513)),.UNSPECIFIED.,.F.,.F.,.F.,(4,1,4),(2,
2),(0.,0.0228704502343504,0.0467241161243286),(0.,0.02),.UNSPECIFIED.);
#554=B_SPLINE_SURFACE_WITH_KNOTS('',3,1,((#8527,#8528),(#8529,#8530),(#8531,
#8532),(#8533,#8534),(#8535,#8536)),.UNSPECIFIED.,.F.,.F.,.F.,(4,1,4),(2,
2),(0.,0.0246647602616353,0.0476108580777309),(0.,0.02),.UNSPECIFIED.);
#555=B_SPLINE_SURFACE_WITH_KNOTS('',3,1,((#8550,#8551),(#8552,#8553),(#8554,
#8555),(#8556,#8557),(#8558,#8559)),.UNSPECIFIED.,.F.,.F.,.F.,(4,1,4),(2,
2),(0.,0.0367411799975707,0.0658444052941088),(0.,0.02),.UNSPECIFIED.);
#556=B_SPLINE_SURFACE_WITH_KNOTS('',3,1,((#8573,#8574),(#8575,#8576),(#8577,
#8578),(#8579,#8580),(#8581,#8582)),.UNSPECIFIED.,.F.,.F.,.F.,(4,1,4),(2,
2),(0.,0.028637956058411,0.066261717015164),(0.,0.02),.UNSPECIFIED.);
#557=B_SPLINE_SURFACE_WITH_KNOTS('',3,1,((#8614,#8615),(#8616,#8617),(#8618,
#8619),(#8620,#8621),(#8622,#8623)),.UNSPECIFIED.,.F.,.F.,.F.,(4,1,4),(2,
2),(0.,0.0168723984097842,0.0332207723568835),(0.,0.02),.UNSPECIFIED.);
#558=B_SPLINE_SURFACE_WITH_KNOTS('',3,1,((#8637,#8638),(#8639,#8640),(#8641,
#8642),(#8643,#8644),(#8645,#8646)),.UNSPECIFIED.,.F.,.F.,.F.,(4,1,4),(2,
2),(0.,0.018686127233509,0.0362454103568826),(0.,0.02),.UNSPECIFIED.);
#559=B_SPLINE_SURFACE_WITH_KNOTS('',3,1,((#8660,#8661),(#8662,#8663),(#8664,
#8665),(#8666,#8667),(#8668,#8669)),.UNSPECIFIED.,.F.,.F.,.F.,(4,1,4),(2,
2),(0.,0.0252940726258354,0.0510658810011012),(0.,0.02),.UNSPECIFIED.);
#560=B_SPLINE_SURFACE_WITH_KNOTS('',3,1,((#8683,#8684),(#8685,#8686),(#8687,
#8688),(#8689,#8690),(#8691,#8692)),.UNSPECIFIED.,.F.,.F.,.F.,(4,1,4),(2,
2),(0.,0.0270484014205804,0.0526728781235558),(0.,0.02),.UNSPECIFIED.);
#561=B_SPLINE_SURFACE_WITH_KNOTS('',3,1,((#8706,#8707),(#8708,#8709),(#8710,
#8711),(#8712,#8713),(#8714,#8715)),.UNSPECIFIED.,.F.,.F.,.F.,(4,1,4),(2,
2),(0.,0.0311465692726121,0.0603137212152745),(0.,0.02),.UNSPECIFIED.);
#562=B_SPLINE_SURFACE_WITH_KNOTS('',3,1,((#8729,#8730),(#8731,#8732),(#8733,
#8734),(#8735,#8736),(#8737,#8738)),.UNSPECIFIED.,.F.,.F.,.F.,(4,1,4),(2,
2),(0.,0.0290242892788218,0.0606039822412707),(0.,0.02),.UNSPECIFIED.);
#563=B_SPLINE_SURFACE_WITH_KNOTS('',3,1,((#8752,#8753),(#8754,#8755),(#8756,
#8757),(#8758,#8759),(#8760,#8761)),.UNSPECIFIED.,.F.,.F.,.F.,(4,1,4),(2,
2),(0.,0.0258568597260034,0.0528741796321256),(0.,0.02),.UNSPECIFIED.);
#564=B_SPLINE_SURFACE_WITH_KNOTS('',3,1,((#8775,#8776),(#8777,#8778),(#8779,
#8780),(#8781,#8782),(#8783,#8784)),.UNSPECIFIED.,.F.,.F.,.F.,(4,1,4),(2,
2),(0.,0.0251960500242747,0.0504390662256991),(0.,0.02),.UNSPECIFIED.);
#565=B_SPLINE_SURFACE_WITH_KNOTS('',3,1,((#8798,#8799),(#8800,#8801),(#8802,
#8803),(#8804,#8805),(#8806,#8807)),.UNSPECIFIED.,.F.,.F.,.F.,(4,1,4),(2,
2),(0.,0.0352103928902709,0.0713743272912954),(0.,0.02),.UNSPECIFIED.);
#566=B_SPLINE_SURFACE_WITH_KNOTS('',3,1,((#8904,#8905),(#8906,#8907),(#8908,
#8909),(#8910,#8911),(#8912,#8913)),.UNSPECIFIED.,.F.,.F.,.F.,(4,1,4),(2,
2),(0.,0.0201769567983146,0.039304555318043),(0.,0.02),.UNSPECIFIED.);
#567=B_SPLINE_SURFACE_WITH_KNOTS('',3,1,((#8930,#8931),(#8932,#8933),(#8934,
#8935),(#8936,#8937),(#8938,#8939)),.UNSPECIFIED.,.F.,.F.,.F.,(4,1,4),(2,
2),(0.,0.0244050970221797,0.0493576575033539),(0.,0.02),.UNSPECIFIED.);
#568=B_SPLINE_SURFACE_WITH_KNOTS('',3,1,((#8953,#8954),(#8955,#8956),(#8957,
#8958),(#8959,#8960),(#8961,#8962)),.UNSPECIFIED.,.F.,.F.,.F.,(4,1,4),(2,
2),(0.,0.0380389784905514,0.0667769453418261),(0.,0.02),.UNSPECIFIED.);
#569=B_SPLINE_SURFACE_WITH_KNOTS('',3,1,((#8976,#8977),(#8978,#8979),(#8980,
#8981),(#8982,#8983),(#8984,#8985)),.UNSPECIFIED.,.F.,.F.,.F.,(4,1,4),(2,
2),(0.,0.028873969655896,0.0664982348459091),(0.,0.02),.UNSPECIFIED.);
#570=B_SPLINE_SURFACE_WITH_KNOTS('',3,1,((#8999,#9000),(#9001,#9002),(#9003,
#9004),(#9005,#9006),(#9007,#9008)),.UNSPECIFIED.,.F.,.F.,.F.,(4,1,4),(2,
2),(0.,0.025710098179899,0.0506914787695767),(0.,0.02),.UNSPECIFIED.);
#571=B_SPLINE_SURFACE_WITH_KNOTS('',3,1,((#9022,#9023),(#9024,#9025),(#9026,
#9027),(#9028,#9029),(#9030,#9031)),.UNSPECIFIED.,.F.,.F.,.F.,(4,1,4),(2,
2),(0.,0.0165715405359735,0.0338554662492104),(0.,0.02),.UNSPECIFIED.);
#572=B_SPLINE_SURFACE_WITH_KNOTS('',3,1,((#9045,#9046),(#9047,#9048),(#9049,
#9050),(#9051,#9052),(#9053,#9054)),.UNSPECIFIED.,.F.,.F.,.F.,(4,1,4),(2,
2),(0.,0.0204515023101603,0.0380850071283673),(0.,0.02),.UNSPECIFIED.);
#573=B_SPLINE_SURFACE_WITH_KNOTS('',3,1,((#9074,#9075),(#9076,#9077),(#9078,
#9079),(#9080,#9081),(#9082,#9083)),.UNSPECIFIED.,.F.,.F.,.F.,(4,1,4),(2,
2),(0.,0.0284694602845458,0.0594486218086421),(0.,0.02),.UNSPECIFIED.);
#574=B_SPLINE_SURFACE_WITH_KNOTS('',3,1,((#9097,#9098),(#9099,#9100),(#9101,
#9102),(#9103,#9104),(#9105,#9106)),.UNSPECIFIED.,.F.,.F.,.F.,(4,1,4),(2,
2),(0.,0.0324892249269716,0.0615161158826511),(0.,0.02),.UNSPECIFIED.);
#575=B_SPLINE_SURFACE_WITH_KNOTS('',3,1,((#9120,#9121),(#9122,#9123),(#9124,
#9125),(#9126,#9127),(#9128,#9129)),.UNSPECIFIED.,.F.,.F.,.F.,(4,1,4),(2,
2),(0.,0.0267856582431552,0.0539732513823315),(0.,0.02),.UNSPECIFIED.);
#576=B_SPLINE_SURFACE_WITH_KNOTS('',3,1,((#9143,#9144),(#9145,#9146),(#9147,
#9148),(#9149,#9150),(#9151,#9152)),.UNSPECIFIED.,.F.,.F.,.F.,(4,1,4),(2,
2),(0.,0.0273839055697542,0.0539301293413411),(0.,0.02),.UNSPECIFIED.);
#577=B_SPLINE_SURFACE_WITH_KNOTS('',3,1,((#9166,#9167),(#9168,#9169),(#9170,
#9171),(#9172,#9173),(#9174,#9175)),.UNSPECIFIED.,.F.,.F.,.F.,(4,1,4),(2,
2),(0.,0.0331265721192453,0.0630328833062707),(0.,0.02),.UNSPECIFIED.);
#578=B_SPLINE_SURFACE_WITH_KNOTS('',3,1,((#9189,#9190),(#9191,#9192),(#9193,
#9194),(#9195,#9196),(#9197,#9198)),.UNSPECIFIED.,.F.,.F.,.F.,(4,1,4),(2,
2),(0.,0.040893942608542,0.0894847136867335),(0.,0.02),.UNSPECIFIED.);
#579=B_SPLINE_SURFACE_WITH_KNOTS('',3,1,((#9212,#9213),(#9214,#9215),(#9216,
#9217),(#9218,#9219),(#9220,#9221)),.UNSPECIFIED.,.F.,.F.,.F.,(4,1,4),(2,
2),(0.,0.0408920505476426,0.0792310576578898),(0.,0.02),.UNSPECIFIED.);
#580=B_SPLINE_SURFACE_WITH_KNOTS('',3,1,((#9235,#9236),(#9237,#9238),(#9239,
#9240),(#9241,#9242),(#9243,#9244)),.UNSPECIFIED.,.F.,.F.,.F.,(4,1,4),(2,
2),(0.,0.0315356698611114,0.0647788702219936),(0.,0.02),.UNSPECIFIED.);
#581=B_SPLINE_SURFACE_WITH_KNOTS('',3,1,((#9258,#9259),(#9260,#9261),(#9262,
#9263),(#9264,#9265),(#9266,#9267)),.UNSPECIFIED.,.F.,.F.,.F.,(4,1,4),(2,
2),(0.,0.0350134830811218,0.0671137397224085),(0.,0.02),.UNSPECIFIED.);
#582=B_SPLINE_SURFACE_WITH_KNOTS('',3,1,((#9287,#9288),(#9289,#9290),(#9291,
#9292),(#9293,#9294),(#9295,#9296)),.UNSPECIFIED.,.F.,.F.,.F.,(4,1,4),(2,
2),(0.,0.0206373899262529,0.0455581565130235),(0.,0.02),.UNSPECIFIED.);
#583=B_SPLINE_SURFACE_WITH_KNOTS('',3,1,((#9308,#9309),(#9310,#9311),(#9312,
#9313),(#9314,#9315),(#9316,#9317)),.UNSPECIFIED.,.F.,.F.,.F.,(4,1,4),(2,
2),(0.,0.0228494306439829,0.0483672121229203),(0.,0.02),.UNSPECIFIED.);
#584=B_SPLINE_SURFACE_WITH_KNOTS('',3,1,((#9334,#9335),(#9336,#9337),(#9338,
#9339),(#9340,#9341),(#9342,#9343)),.UNSPECIFIED.,.F.,.F.,.F.,(4,1,4),(2,
2),(0.,0.0243282229821019,0.047000069044086),(0.,0.02),.UNSPECIFIED.);
#585=B_SPLINE_SURFACE_WITH_KNOTS('',3,1,((#9357,#9358),(#9359,#9360),(#9361,
#9362),(#9363,#9364),(#9365,#9366)),.UNSPECIFIED.,.F.,.F.,.F.,(4,1,4),(2,
2),(0.,0.036573647157224,0.0654589498434301),(0.,0.02),.UNSPECIFIED.);
#586=B_SPLINE_SURFACE_WITH_KNOTS('',3,1,((#9380,#9381),(#9382,#9383),(#9384,
#9385),(#9386,#9387),(#9388,#9389)),.UNSPECIFIED.,.F.,.F.,.F.,(4,1,4),(2,
2),(0.,0.0295487105860977,0.0676841120597427),(0.,0.02),.UNSPECIFIED.);
#587=B_SPLINE_SURFACE_WITH_KNOTS('',3,1,((#9403,#9404),(#9405,#9406),(#9407,
#9408),(#9409,#9410),(#9411,#9412)),.UNSPECIFIED.,.F.,.F.,.F.,(4,1,4),(2,
2),(0.,0.0233756826607561,0.0481483713286497),(0.,0.02),.UNSPECIFIED.);
#588=B_SPLINE_SURFACE_WITH_KNOTS('',3,1,((#9426,#9427),(#9428,#9429),(#9430,
#9431),(#9432,#9433),(#9434,#9435)),.UNSPECIFIED.,.F.,.F.,.F.,(4,1,4),(2,
2),(0.,0.0240573619885692,0.046969153271006),(0.,0.02),.UNSPECIFIED.);
#589=B_SPLINE_SURFACE_WITH_KNOTS('',3,1,((#9449,#9450),(#9451,#9452),(#9453,
#9454),(#9455,#9456),(#9457,#9458)),.UNSPECIFIED.,.F.,.F.,.F.,(4,1,4),(2,
2),(0.,0.0367231372614016,0.065253604416956),(0.,0.02),.UNSPECIFIED.);
#590=B_SPLINE_SURFACE_WITH_KNOTS('',3,1,((#9472,#9473),(#9474,#9475),(#9476,
#9477),(#9478,#9479),(#9480,#9481)),.UNSPECIFIED.,.F.,.F.,.F.,(4,1,4),(2,
2),(0.,0.030212225093204,0.0674513053112547),(0.,0.02),.UNSPECIFIED.);
#591=B_SPLINE_SURFACE_WITH_KNOTS('',3,1,((#9501,#9502),(#9503,#9504),(#9505,
#9506),(#9507,#9508),(#9509,#9510)),.UNSPECIFIED.,.F.,.F.,.F.,(4,1,4),(2,
2),(0.,0.01597005735125,0.0312181705634528),(0.,0.02),.UNSPECIFIED.);
#592=B_SPLINE_SURFACE_WITH_KNOTS('',3,1,((#9524,#9525),(#9526,#9527),(#9528,
#9529),(#9530,#9531),(#9532,#9533)),.UNSPECIFIED.,.F.,.F.,.F.,(4,1,4),(2,
2),(0.,0.0175789036282521,0.0342128919793911),(0.,0.02),.UNSPECIFIED.);
#593=B_SPLINE_SURFACE_WITH_KNOTS('',3,1,((#9547,#9548),(#9549,#9550),(#9551,
#9552),(#9553,#9554),(#9555,#9556)),.UNSPECIFIED.,.F.,.F.,.F.,(4,1,4),(2,
2),(0.,0.0257215905117399,0.0505595502219851),(0.,0.02),.UNSPECIFIED.);
#594=B_SPLINE_SURFACE_WITH_KNOTS('',3,1,((#9570,#9571),(#9572,#9573),(#9574,
#9575),(#9576,#9577),(#9578,#9579)),.UNSPECIFIED.,.F.,.F.,.F.,(4,1,4),(2,
2),(0.,0.0277815744835096,0.0543339574084134),(0.,0.02),.UNSPECIFIED.);
#595=B_SPLINE_SURFACE_WITH_KNOTS('',3,1,((#9593,#9594),(#9595,#9596),(#9597,
#9598),(#9599,#9600),(#9601,#9602)),.UNSPECIFIED.,.F.,.F.,.F.,(4,1,4),(2,
2),(0.,0.0318343964692513,0.061589299941224),(0.,0.02),.UNSPECIFIED.);
#596=B_SPLINE_SURFACE_WITH_KNOTS('',3,1,((#9616,#9617),(#9618,#9619),(#9620,
#9621),(#9622,#9623),(#9624,#9625)),.UNSPECIFIED.,.F.,.F.,.F.,(4,1,4),(2,
2),(0.,0.0285290451799665,0.05850355034362),(0.,0.02),.UNSPECIFIED.);
#597=B_SPLINE_SURFACE_WITH_KNOTS('',3,1,((#9639,#9640),(#9641,#9642),(#9643,
#9644),(#9645,#9646),(#9647,#9648)),.UNSPECIFIED.,.F.,.F.,.F.,(4,1,4),(2,
2),(0.,0.025432567922984,0.0522084970674985),(0.,0.02),.UNSPECIFIED.);
#598=B_SPLINE_SURFACE_WITH_KNOTS('',3,1,((#9662,#9663),(#9664,#9665),(#9666,
#9667),(#9668,#9669),(#9670,#9671)),.UNSPECIFIED.,.F.,.F.,.F.,(4,1,4),(2,
2),(0.,0.0264372921520731,0.0517500159317143),(0.,0.02),.UNSPECIFIED.);
#599=B_SPLINE_SURFACE_WITH_KNOTS('',3,1,((#9685,#9686),(#9687,#9688),(#9689,
#9690),(#9691,#9692),(#9693,#9694)),.UNSPECIFIED.,.F.,.F.,.F.,(4,1,4),(2,
2),(0.,0.0176549735645057,0.0374601273517579),(0.,0.02),.UNSPECIFIED.);
#600=B_SPLINE_SURFACE_WITH_KNOTS('',3,1,((#9708,#9709),(#9710,#9711),(#9712,
#9713),(#9714,#9715),(#9716,#9717)),.UNSPECIFIED.,.F.,.F.,.F.,(4,1,4),(2,
2),(0.,0.0192363684878506,0.036790475943282),(0.,0.02),.UNSPECIFIED.);
#601=B_SPLINE_SURFACE_WITH_KNOTS('',3,1,((#9753,#9754),(#9755,#9756),(#9757,
#9758),(#9759,#9760),(#9761,#9762)),.UNSPECIFIED.,.F.,.F.,.F.,(4,1,4),(2,
2),(0.,0.0160785127734628,0.0375146360863731),(0.,0.02),.UNSPECIFIED.);
#602=B_SPLINE_SURFACE_WITH_KNOTS('',3,1,((#9779,#9780),(#9781,#9782),(#9783,
#9784),(#9785,#9786),(#9787,#9788)),.UNSPECIFIED.,.F.,.F.,.F.,(4,1,4),(2,
2),(0.,0.0181165288458266,0.0356778890976309),(0.,0.02),.UNSPECIFIED.);
#603=B_SPLINE_SURFACE_WITH_KNOTS('',3,1,((#9802,#9803),(#9804,#9805),(#9806,
#9807),(#9808,#9809),(#9810,#9811)),.UNSPECIFIED.,.F.,.F.,.F.,(4,1,4),(2,
2),(0.,0.020240139970371,0.0393166759960459),(0.,0.02),.UNSPECIFIED.);
#604=B_SPLINE_SURFACE_WITH_KNOTS('',3,1,((#9825,#9826),(#9827,#9828),(#9829,
#9830),(#9831,#9832),(#9833,#9834)),.UNSPECIFIED.,.F.,.F.,.F.,(4,1,4),(2,
2),(0.,0.0155870773005885,0.0346494041911972),(0.,0.02),.UNSPECIFIED.);
#605=B_SPLINE_SURFACE_WITH_KNOTS('',3,1,((#9848,#9849),(#9850,#9851),(#9852,
#9853),(#9854,#9855),(#9856,#9857)),.UNSPECIFIED.,.F.,.F.,.F.,(4,1,4),(2,
2),(0.,0.0137909600754128,0.0276501291107445),(0.,0.02),.UNSPECIFIED.);
#606=B_SPLINE_SURFACE_WITH_KNOTS('',3,1,((#9871,#9872),(#9873,#9874),(#9875,
#9876),(#9877,#9878),(#9879,#9880)),.UNSPECIFIED.,.F.,.F.,.F.,(4,1,4),(2,
2),(0.,0.00915624417888567,0.0184280352200637),(0.,0.02),.UNSPECIFIED.);
#607=B_SPLINE_SURFACE_WITH_KNOTS('',3,1,((#9894,#9895),(#9896,#9897),(#9898,
#9899),(#9900,#9901),(#9902,#9903)),.UNSPECIFIED.,.F.,.F.,.F.,(4,1,4),(2,
2),(0.,0.00974325983667173,0.0190370411206109),(0.,0.02),.UNSPECIFIED.);
#608=B_SPLINE_SURFACE_WITH_KNOTS('',3,1,((#9917,#9918),(#9919,#9920),(#9921,
#9922),(#9923,#9924),(#9925,#9926)),.UNSPECIFIED.,.F.,.F.,.F.,(4,1,4),(2,
2),(0.,0.0196990079093554,0.0330181005084464),(0.,0.02),.UNSPECIFIED.);
#609=B_SPLINE_SURFACE_WITH_KNOTS('',3,1,((#9940,#9941),(#9942,#9943),(#9944,
#9945),(#9946,#9947),(#9948,#9949)),.UNSPECIFIED.,.F.,.F.,.F.,(4,1,4),(2,
2),(0.,0.0261865721240278,0.0618507615735755),(0.,0.02),.UNSPECIFIED.);
#610=B_SPLINE_SURFACE_WITH_KNOTS('',3,1,((#9975,#9976),(#9977,#9978),(#9979,
#9980),(#9981,#9982),(#9983,#9984)),.UNSPECIFIED.,.F.,.F.,.F.,(4,1,4),(2,
2),(0.,0.0137801063707021,0.0278031254389668),(0.,0.02),.UNSPECIFIED.);
#611=B_SPLINE_SURFACE_WITH_KNOTS('',3,1,((#9998,#9999),(#10000,#10001),
(#10002,#10003),(#10004,#10005),(#10006,#10007)),.UNSPECIFIED.,.F.,.F.,
 .F.,(4,1,4),(2,2),(0.,0.0419294400690162,0.0650443425972673),(0.,0.02),
 .UNSPECIFIED.);
#612=B_SPLINE_SURFACE_WITH_KNOTS('',3,1,((#10027,#10028),(#10029,#10030),
(#10031,#10032),(#10033,#10034),(#10035,#10036)),.UNSPECIFIED.,.F.,.F.,
 .F.,(4,1,4),(2,2),(0.,0.0132712605043424,0.0340471705030758),(0.,0.02),
 .UNSPECIFIED.);
#613=B_SPLINE_SURFACE_WITH_KNOTS('',3,1,((#10050,#10051),(#10052,#10053),
(#10054,#10055),(#10056,#10057),(#10058,#10059)),.UNSPECIFIED.,.F.,.F.,
 .F.,(4,1,4),(2,2),(0.,0.0132102201132302,0.027762784815833),(0.,0.02),
 .UNSPECIFIED.);
#614=B_SPLINE_SURFACE_WITH_KNOTS('',3,1,((#10073,#10074),(#10075,#10076),
(#10077,#10078),(#10079,#10080),(#10081,#10082)),.UNSPECIFIED.,.F.,.F.,
 .F.,(4,1,4),(2,2),(0.,0.0168054342342834,0.030678258916243),(0.,0.02),
 .UNSPECIFIED.);
#615=B_SPLINE_SURFACE_WITH_KNOTS('',3,1,((#10096,#10097),(#10098,#10099),
(#10100,#10101),(#10102,#10103),(#10104,#10105)),.UNSPECIFIED.,.F.,.F.,
 .F.,(4,1,4),(2,2),(0.,0.0252746614631924,0.0458723189966757),(0.,0.02),
 .UNSPECIFIED.);
#616=B_SPLINE_SURFACE_WITH_KNOTS('',3,1,((#10119,#10120),(#10121,#10122),
(#10123,#10124),(#10125,#10126),(#10127,#10128)),.UNSPECIFIED.,.F.,.F.,
 .F.,(4,1,4),(2,2),(0.,0.0236807354089817,0.0500976519562805),(0.,0.02),
 .UNSPECIFIED.);
#617=B_SPLINE_SURFACE_WITH_KNOTS('',3,1,((#10142,#10143),(#10144,#10145),
(#10146,#10147),(#10148,#10149),(#10150,#10151)),.UNSPECIFIED.,.F.,.F.,
 .F.,(4,1,4),(2,2),(0.,0.018648911463724,0.0396063300232658),(0.,0.02),
 .UNSPECIFIED.);
#618=B_SPLINE_SURFACE_WITH_KNOTS('',3,1,((#10165,#10166),(#10167,#10168),
(#10169,#10170),(#10171,#10172),(#10173,#10174)),.UNSPECIFIED.,.F.,.F.,
 .F.,(4,1,4),(2,2),(0.,0.0218854206963163,0.040964764428304),(0.,0.02),
 .UNSPECIFIED.);
#619=B_SPLINE_SURFACE_WITH_KNOTS('',3,1,((#10194,#10195),(#10196,#10197),
(#10198,#10199),(#10200,#10201),(#10202,#10203)),.UNSPECIFIED.,.F.,.F.,
 .F.,(4,1,4),(2,2),(0.,0.016583346029991,0.0376042607727115),(0.,0.02),
 .UNSPECIFIED.);
#620=B_SPLINE_SURFACE_WITH_KNOTS('',3,1,((#10217,#10218),(#10219,#10220),
(#10221,#10222),(#10223,#10224),(#10225,#10226)),.UNSPECIFIED.,.F.,.F.,
 .F.,(4,1,4),(2,2),(0.,0.0227012655142505,0.0398984735548026),(0.,0.02),
 .UNSPECIFIED.);
#621=B_SPLINE_SURFACE_WITH_KNOTS('',3,1,((#10240,#10241),(#10242,#10243),
(#10244,#10245),(#10246,#10247),(#10248,#10249)),.UNSPECIFIED.,.F.,.F.,
 .F.,(4,1,4),(2,2),(0.,0.0198891375444365,0.0444909676855025),(0.,0.02),
 .UNSPECIFIED.);
#622=B_SPLINE_SURFACE_WITH_KNOTS('',3,1,((#10263,#10264),(#10265,#10266),
(#10267,#10268),(#10269,#10270),(#10271,#10272)),.UNSPECIFIED.,.F.,.F.,
 .F.,(4,1,4),(2,2),(0.,0.0193614640425064,0.0341389353644452),(0.,0.02),
 .UNSPECIFIED.);
#623=B_SPLINE_SURFACE_WITH_KNOTS('',3,1,((#10286,#10287),(#10288,#10289),
(#10290,#10291),(#10292,#10293),(#10294,#10295)),.UNSPECIFIED.,.F.,.F.,
 .F.,(4,1,4),(2,2),(0.,0.00619222469777536,0.00962028871560506),(0.,0.02),
 .UNSPECIFIED.);
#624=B_SPLINE_SURFACE_WITH_KNOTS('',3,1,((#10309,#10310),(#10311,#10312),
(#10313,#10314),(#10315,#10316),(#10317,#10318)),.UNSPECIFIED.,.F.,.F.,
 .F.,(4,1,4),(2,2),(0.,0.0391644471532374,0.0669834471950825),(0.,0.02),
 .UNSPECIFIED.);
#625=B_SPLINE_SURFACE_WITH_KNOTS('',3,1,((#10332,#10333),(#10334,#10335),
(#10336,#10337),(#10338,#10339),(#10340,#10341)),.UNSPECIFIED.,.F.,.F.,
 .F.,(4,1,4),(2,2),(0.,0.0138963049349133,0.0332210433096214),(0.,0.02),
 .UNSPECIFIED.);
#626=B_SPLINE_SURFACE_WITH_KNOTS('',3,1,((#10355,#10356),(#10357,#10358),
(#10359,#10360),(#10361,#10362),(#10363,#10364)),.UNSPECIFIED.,.F.,.F.,
 .F.,(4,1,4),(2,2),(0.,0.0143382105897979,0.0292189726993326),(0.,0.02),
 .UNSPECIFIED.);
#627=B_SPLINE_SURFACE_WITH_KNOTS('',3,1,((#10378,#10379),(#10380,#10381),
(#10382,#10383),(#10384,#10385),(#10386,#10387)),.UNSPECIFIED.,.F.,.F.,
 .F.,(4,1,4),(2,2),(0.,0.0145561358041569,0.0286789028307024),(0.,0.02),
 .UNSPECIFIED.);
#628=B_SPLINE_SURFACE_WITH_KNOTS('',3,1,((#10401,#10402),(#10403,#10404),
(#10405,#10406),(#10407,#10408),(#10409,#10410)),.UNSPECIFIED.,.F.,.F.,
 .F.,(4,1,4),(2,2),(0.,0.0153787572105388,0.0302989560727614),(0.,0.02),
 .UNSPECIFIED.);
#629=B_SPLINE_SURFACE_WITH_KNOTS('',3,1,((#10424,#10425),(#10426,#10427),
(#10428,#10429),(#10430,#10431),(#10432,#10433)),.UNSPECIFIED.,.F.,.F.,
 .F.,(4,1,4),(2,2),(0.,0.024601156937691,0.0498501665115245),(0.,0.02),
 .UNSPECIFIED.);
#630=B_SPLINE_SURFACE_WITH_KNOTS('',3,1,((#10447,#10448),(#10449,#10450),
(#10451,#10452),(#10453,#10454),(#10455,#10456)),.UNSPECIFIED.,.F.,.F.,
 .F.,(4,1,4),(2,2),(0.,0.0319686107483122,0.0587793099161843),(0.,0.02),
 .UNSPECIFIED.);
#631=B_SPLINE_SURFACE_WITH_KNOTS('',3,1,((#10470,#10471),(#10472,#10473),
(#10474,#10475),(#10476,#10477),(#10478,#10479)),.UNSPECIFIED.,.F.,.F.,
 .F.,(4,1,4),(2,2),(0.,0.0203417985711583,0.0414188571374854),(0.,0.02),
 .UNSPECIFIED.);
#632=B_SPLINE_SURFACE_WITH_KNOTS('',3,1,((#10493,#10494),(#10495,#10496),
(#10497,#10498),(#10499,#10500),(#10501,#10502)),.UNSPECIFIED.,.F.,.F.,
 .F.,(4,1,4),(2,2),(0.,0.0249664824710618,0.0465875655575503),(0.,0.02),
 .UNSPECIFIED.);
#633=B_SPLINE_SURFACE_WITH_KNOTS('',3,1,((#10516,#10517),(#10518,#10519),
(#10520,#10521),(#10522,#10523),(#10524,#10525)),.UNSPECIFIED.,.F.,.F.,
 .F.,(4,1,4),(2,2),(0.,0.0132930127327617,0.0279129207791806),(0.,0.02),
 .UNSPECIFIED.);
#634=B_SPLINE_SURFACE_WITH_KNOTS('',3,1,((#10610,#10611),(#10612,#10613),
(#10614,#10615),(#10616,#10617),(#10618,#10619)),.UNSPECIFIED.,.F.,.F.,
 .F.,(4,1,4),(2,2),(0.,0.0160785127734628,0.0375146360863731),(0.,0.02),
 .UNSPECIFIED.);
#635=B_SPLINE_SURFACE_WITH_KNOTS('',3,1,((#10636,#10637),(#10638,#10639),
(#10640,#10641),(#10642,#10643),(#10644,#10645)),.UNSPECIFIED.,.F.,.F.,
 .F.,(4,1,4),(2,2),(0.,0.0181165288458266,0.0356780245380746),(0.,0.02),
 .UNSPECIFIED.);
#636=B_SPLINE_SURFACE_WITH_KNOTS('',3,1,((#10659,#10660),(#10661,#10662),
(#10663,#10664),(#10665,#10666),(#10667,#10668)),.UNSPECIFIED.,.F.,.F.,
 .F.,(4,1,4),(2,2),(0.,0.020240139970371,0.0393164541266084),(0.,0.02),
 .UNSPECIFIED.);
#637=B_SPLINE_SURFACE_WITH_KNOTS('',3,1,((#10682,#10683),(#10684,#10685),
(#10686,#10687),(#10688,#10689),(#10690,#10691)),.UNSPECIFIED.,.F.,.F.,
 .F.,(4,1,4),(2,2),(0.,0.0155870773005885,0.0346496406232261),(0.,0.02),
 .UNSPECIFIED.);
#638=B_SPLINE_SURFACE_WITH_KNOTS('',3,1,((#10705,#10706),(#10707,#10708),
(#10709,#10710),(#10711,#10712),(#10713,#10714)),.UNSPECIFIED.,.F.,.F.,
 .F.,(4,1,4),(2,2),(0.,0.0137909600754128,0.0276501291107445),(0.,0.02),
 .UNSPECIFIED.);
#639=B_SPLINE_SURFACE_WITH_KNOTS('',3,1,((#10728,#10729),(#10730,#10731),
(#10732,#10733),(#10734,#10735),(#10736,#10737)),.UNSPECIFIED.,.F.,.F.,
 .F.,(4,1,4),(2,2),(0.,0.00915624417888567,0.0184280352200637),(0.,0.02),
 .UNSPECIFIED.);
#640=B_SPLINE_SURFACE_WITH_KNOTS('',3,1,((#10751,#10752),(#10753,#10754),
(#10755,#10756),(#10757,#10758),(#10759,#10760)),.UNSPECIFIED.,.F.,.F.,
 .F.,(4,1,4),(2,2),(0.,0.00974325983667173,0.0190370411206109),(0.,0.02),
 .UNSPECIFIED.);
#641=B_SPLINE_SURFACE_WITH_KNOTS('',3,1,((#10774,#10775),(#10776,#10777),
(#10778,#10779),(#10780,#10781),(#10782,#10783)),.UNSPECIFIED.,.F.,.F.,
 .F.,(4,1,4),(2,2),(0.,0.019699242580662,0.033018107146329),(0.,0.02),
 .UNSPECIFIED.);
#642=B_SPLINE_SURFACE_WITH_KNOTS('',3,1,((#10797,#10798),(#10799,#10800),
(#10801,#10802),(#10803,#10804),(#10805,#10806)),.UNSPECIFIED.,.F.,.F.,
 .F.,(4,1,4),(2,2),(0.,0.0261868003589391,0.0618509898084868),(0.,0.02),
 .UNSPECIFIED.);
#643=B_SPLINE_SURFACE_WITH_KNOTS('',3,1,((#10832,#10833),(#10834,#10835),
(#10836,#10837),(#10838,#10839),(#10840,#10841)),.UNSPECIFIED.,.F.,.F.,
 .F.,(4,1,4),(2,2),(0.,0.0137801670023933,0.0278030873474151),(0.,0.02),
 .UNSPECIFIED.);
#644=B_SPLINE_SURFACE_WITH_KNOTS('',3,1,((#10855,#10856),(#10857,#10858),
(#10859,#10860),(#10861,#10862),(#10863,#10864)),.UNSPECIFIED.,.F.,.F.,
 .F.,(4,1,4),(2,2),(0.,0.0419294400690162,0.0650443425972673),(0.,0.02),
 .UNSPECIFIED.);
#645=B_SPLINE_SURFACE_WITH_KNOTS('',3,1,((#10884,#10885),(#10886,#10887),
(#10888,#10889),(#10890,#10891),(#10892,#10893)),.UNSPECIFIED.,.F.,.F.,
 .F.,(4,1,4),(2,2),(0.,0.0132712356939024,0.0340471456926359),(0.,0.02),
 .UNSPECIFIED.);
#646=B_SPLINE_SURFACE_WITH_KNOTS('',3,1,((#10907,#10908),(#10909,#10910),
(#10911,#10912),(#10913,#10914),(#10915,#10916)),.UNSPECIFIED.,.F.,.F.,
 .F.,(4,1,4),(2,2),(0.,0.0132102201132302,0.0277628585760259),(0.,0.02),
 .UNSPECIFIED.);
#647=B_SPLINE_SURFACE_WITH_KNOTS('',3,1,((#10930,#10931),(#10932,#10933),
(#10934,#10935),(#10936,#10937),(#10938,#10939)),.UNSPECIFIED.,.F.,.F.,
 .F.,(4,1,4),(2,2),(0.,0.0168054342342834,0.030678258916243),(0.,0.02),
 .UNSPECIFIED.);
#648=B_SPLINE_SURFACE_WITH_KNOTS('',3,1,((#10953,#10954),(#10955,#10956),
(#10957,#10958),(#10959,#10960),(#10961,#10962)),.UNSPECIFIED.,.F.,.F.,
 .F.,(4,1,4),(2,2),(0.,0.0252748993811118,0.0458723253728258),(0.,0.02),
 .UNSPECIFIED.);
#649=B_SPLINE_SURFACE_WITH_KNOTS('',3,1,((#10976,#10977),(#10978,#10979),
(#10980,#10981),(#10982,#10983),(#10984,#10985)),.UNSPECIFIED.,.F.,.F.,
 .F.,(4,1,4),(2,2),(0.,0.0236807354089817,0.0500976519562805),(0.,0.02),
 .UNSPECIFIED.);
#650=B_SPLINE_SURFACE_WITH_KNOTS('',3,1,((#10999,#11000),(#11001,#11002),
(#11003,#11004),(#11005,#11006),(#11007,#11008)),.UNSPECIFIED.,.F.,.F.,
 .F.,(4,1,4),(2,2),(0.,0.018648911463724,0.0396063300232658),(0.,0.02),
 .UNSPECIFIED.);
#651=B_SPLINE_SURFACE_WITH_KNOTS('',3,1,((#11022,#11023),(#11024,#11025),
(#11026,#11027),(#11028,#11029),(#11030,#11031)),.UNSPECIFIED.,.F.,.F.,
 .F.,(4,1,4),(2,2),(0.,0.0218853499153632,0.0409646936473509),(0.,0.02),
 .UNSPECIFIED.);
#652=B_SPLINE_SURFACE_WITH_KNOTS('',3,1,((#11051,#11052),(#11053,#11054),
(#11055,#11056),(#11057,#11058),(#11059,#11060)),.UNSPECIFIED.,.F.,.F.,
 .F.,(4,1,4),(2,2),(0.,0.016583346029991,0.0376041751852709),(0.,0.02),
 .UNSPECIFIED.);
#653=B_SPLINE_SURFACE_WITH_KNOTS('',3,1,((#11074,#11075),(#11076,#11077),
(#11078,#11079),(#11080,#11081),(#11082,#11083)),.UNSPECIFIED.,.F.,.F.,
 .F.,(4,1,4),(2,2),(0.,0.0227012655142505,0.0398984735548026),(0.,0.02),
 .UNSPECIFIED.);
#654=B_SPLINE_SURFACE_WITH_KNOTS('',3,1,((#11097,#11098),(#11099,#11100),
(#11101,#11102),(#11103,#11104),(#11105,#11106)),.UNSPECIFIED.,.F.,.F.,
 .F.,(4,1,4),(2,2),(0.,0.0198891375444365,0.0444909676855025),(0.,0.02),
 .UNSPECIFIED.);
#655=B_SPLINE_SURFACE_WITH_KNOTS('',3,1,((#11120,#11121),(#11122,#11123),
(#11124,#11125),(#11126,#11127),(#11128,#11129)),.UNSPECIFIED.,.F.,.F.,
 .F.,(4,1,4),(2,2),(0.,0.019361496171556,0.0341389674934948),(0.,0.02),
 .UNSPECIFIED.);
#656=B_SPLINE_SURFACE_WITH_KNOTS('',3,1,((#11143,#11144),(#11145,#11146),
(#11147,#11148),(#11149,#11150),(#11151,#11152)),.UNSPECIFIED.,.F.,.F.,
 .F.,(4,1,4),(2,2),(0.,0.00619221878138783,0.00962028635600847),(0.,0.02),
 .UNSPECIFIED.);
#657=B_SPLINE_SURFACE_WITH_KNOTS('',3,1,((#11166,#11167),(#11168,#11169),
(#11170,#11171),(#11172,#11173),(#11174,#11175)),.UNSPECIFIED.,.F.,.F.,
 .F.,(4,1,4),(2,2),(0.,0.0391642113930614,0.0669834425009423),(0.,0.02),
 .UNSPECIFIED.);
#658=B_SPLINE_SURFACE_WITH_KNOTS('',3,1,((#11189,#11190),(#11191,#11192),
(#11193,#11194),(#11195,#11196),(#11197,#11198)),.UNSPECIFIED.,.F.,.F.,
 .F.,(4,1,4),(2,2),(0.,0.013896538414953,0.033221276789661),(0.,0.02),
 .UNSPECIFIED.);
#659=B_SPLINE_SURFACE_WITH_KNOTS('',3,1,((#11212,#11213),(#11214,#11215),
(#11216,#11217),(#11218,#11219),(#11220,#11221)),.UNSPECIFIED.,.F.,.F.,
 .F.,(4,1,4),(2,2),(0.,0.0143384185822736,0.0292189565081779),(0.,0.02),
 .UNSPECIFIED.);
#660=B_SPLINE_SURFACE_WITH_KNOTS('',3,1,((#11235,#11236),(#11237,#11238),
(#11239,#11240),(#11241,#11242),(#11243,#11244)),.UNSPECIFIED.,.F.,.F.,
 .F.,(4,1,4),(2,2),(0.,0.0145559983765701,0.0286787654031155),(0.,0.02),
 .UNSPECIFIED.);
#661=B_SPLINE_SURFACE_WITH_KNOTS('',3,1,((#11258,#11259),(#11260,#11261),
(#11262,#11263),(#11264,#11265),(#11266,#11267)),.UNSPECIFIED.,.F.,.F.,
 .F.,(4,1,4),(2,2),(0.,0.0153787290544835,0.0302990149805885),(0.,0.02),
 .UNSPECIFIED.);
#662=B_SPLINE_SURFACE_WITH_KNOTS('',3,1,((#11281,#11282),(#11283,#11284),
(#11285,#11286),(#11287,#11288),(#11289,#11290)),.UNSPECIFIED.,.F.,.F.,
 .F.,(4,1,4),(2,2),(0.,0.0246010171194571,0.0498500266932906),(0.,0.02),
 .UNSPECIFIED.);
#663=B_SPLINE_SURFACE_WITH_KNOTS('',3,1,((#11304,#11305),(#11306,#11307),
(#11308,#11309),(#11310,#11311),(#11312,#11313)),.UNSPECIFIED.,.F.,.F.,
 .F.,(4,1,4),(2,2),(0.,0.031968374572063,0.0587792816489536),(0.,0.02),
 .UNSPECIFIED.);
#664=B_SPLINE_SURFACE_WITH_KNOTS('',3,1,((#11327,#11328),(#11329,#11330),
(#11331,#11332),(#11333,#11334),(#11335,#11336)),.UNSPECIFIED.,.F.,.F.,
 .F.,(4,1,4),(2,2),(0.,0.0203415686160842,0.0414191022957769),(0.,0.02),
 .UNSPECIFIED.);
#665=B_SPLINE_SURFACE_WITH_KNOTS('',3,1,((#11350,#11351),(#11352,#11353),
(#11354,#11355),(#11356,#11357),(#11358,#11359)),.UNSPECIFIED.,.F.,.F.,
 .F.,(4,1,4),(2,2),(0.,0.0249664824710618,0.0465875655575503),(0.,0.02),
 .UNSPECIFIED.);
#666=B_SPLINE_SURFACE_WITH_KNOTS('',3,1,((#11373,#11374),(#11375,#11376),
(#11377,#11378),(#11379,#11380),(#11381,#11382)),.UNSPECIFIED.,.F.,.F.,
 .F.,(4,1,4),(2,2),(0.,0.0132929283141322,0.0279128363605511),(0.,0.02),
 .UNSPECIFIED.);
#667=B_SPLINE_SURFACE_WITH_KNOTS('',3,1,((#11394,#11395),(#11396,#11397),
(#11398,#11399),(#11400,#11401),(#11402,#11403)),.UNSPECIFIED.,.F.,.F.,
 .F.,(4,1,4),(2,2),(0.,0.0375792964712838,0.0678510935995164),(0.,0.02),
 .UNSPECIFIED.);
#668=B_SPLINE_SURFACE_WITH_KNOTS('',3,1,((#11420,#11421),(#11422,#11423),
(#11424,#11425),(#11426,#11427),(#11428,#11429)),.UNSPECIFIED.,.F.,.F.,
 .F.,(4,1,4),(2,2),(0.,0.0225982491949301,0.0469497047393309),(0.,0.02),
 .UNSPECIFIED.);
#669=B_SPLINE_SURFACE_WITH_KNOTS('',3,1,((#11443,#11444),(#11445,#11446),
(#11447,#11448),(#11449,#11450),(#11451,#11452)),.UNSPECIFIED.,.F.,.F.,
 .F.,(4,1,4),(2,2),(0.,0.0195021705428039,0.0403618054020611),(0.,0.02),
 .UNSPECIFIED.);
#670=B_SPLINE_SURFACE_WITH_KNOTS('',3,1,((#11466,#11467),(#11468,#11469),
(#11470,#11471),(#11472,#11473),(#11474,#11475)),.UNSPECIFIED.,.F.,.F.,
 .F.,(4,1,4),(2,2),(0.,0.0180809159217226,0.0367186377417879),(0.,0.02),
 .UNSPECIFIED.);
#671=B_SPLINE_SURFACE_WITH_KNOTS('',3,1,((#11489,#11490),(#11491,#11492),
(#11493,#11494),(#11495,#11496),(#11497,#11498)),.UNSPECIFIED.,.F.,.F.,
 .F.,(4,1,4),(2,2),(0.,0.0156789960990182,0.0331103327112367),(0.,0.02),
 .UNSPECIFIED.);
#672=B_SPLINE_SURFACE_WITH_KNOTS('',3,1,((#11512,#11513),(#11514,#11515),
(#11516,#11517),(#11518,#11519),(#11520,#11521)),.UNSPECIFIED.,.F.,.F.,
 .F.,(4,1,4),(2,2),(0.,0.0160212487174656,0.0313317174029639),(0.,0.02),
 .UNSPECIFIED.);
#673=B_SPLINE_SURFACE_WITH_KNOTS('',3,1,((#11535,#11536),(#11537,#11538),
(#11539,#11540),(#11541,#11542),(#11543,#11544)),.UNSPECIFIED.,.F.,.F.,
 .F.,(4,1,4),(2,2),(0.,0.0345077453684305,0.0571776159829592),(0.,0.02),
 .UNSPECIFIED.);
#674=B_SPLINE_SURFACE_WITH_KNOTS('',3,1,((#11558,#11559),(#11560,#11561),
(#11562,#11563),(#11564,#11565),(#11566,#11567)),.UNSPECIFIED.,.F.,.F.,
 .F.,(4,1,4),(2,2),(0.,0.011408287880327,0.0338750737487794),(0.,0.02),
 .UNSPECIFIED.);
#675=B_SPLINE_SURFACE_WITH_KNOTS('',3,1,((#11581,#11582),(#11583,#11584),
(#11585,#11586),(#11587,#11588),(#11589,#11590)),.UNSPECIFIED.,.F.,.F.,
 .F.,(4,1,4),(2,2),(0.,0.00792635555508958,0.0173547893285658),(0.,0.02),
 .UNSPECIFIED.);
#676=B_SPLINE_SURFACE_WITH_KNOTS('',3,1,((#11604,#11605),(#11606,#11607),
(#11608,#11609),(#11610,#11611),(#11612,#11613)),.UNSPECIFIED.,.F.,.F.,
 .F.,(4,1,4),(2,2),(0.,0.00689671198558693,0.0138583388802261),(0.,0.02),
 .UNSPECIFIED.);
#677=B_SPLINE_SURFACE_WITH_KNOTS('',3,1,((#11627,#11628),(#11629,#11630),
(#11631,#11632),(#11633,#11634),(#11635,#11636)),.UNSPECIFIED.,.F.,.F.,
 .F.,(4,1,4),(2,2),(0.,0.0122104317879977,0.0230924828345452),(0.,0.02),
 .UNSPECIFIED.);
#678=B_SPLINE_SURFACE_WITH_KNOTS('',3,1,((#11650,#11651),(#11652,#11653),
(#11654,#11655),(#11656,#11657),(#11658,#11659)),.UNSPECIFIED.,.F.,.F.,
 .F.,(4,1,4),(2,2),(0.,0.0218437624361211,0.037630332682903),(0.,0.02),
 .UNSPECIFIED.);
#679=B_SPLINE_SURFACE_WITH_KNOTS('',3,1,((#11673,#11674),(#11675,#11676),
(#11677,#11678),(#11679,#11680),(#11681,#11682)),.UNSPECIFIED.,.F.,.F.,
 .F.,(4,1,4),(2,2),(0.,0.0158552301795418,0.0350572604958878),(0.,0.02),
 .UNSPECIFIED.);
#680=B_SPLINE_SURFACE_WITH_KNOTS('',3,1,((#11696,#11697),(#11698,#11699),
(#11700,#11701),(#11702,#11703),(#11704,#11705)),.UNSPECIFIED.,.F.,.F.,
 .F.,(4,1,4),(2,2),(0.,0.0156857528327451,0.0303749386907902),(0.,0.02),
 .UNSPECIFIED.);
#681=B_SPLINE_SURFACE_WITH_KNOTS('',3,1,((#11725,#11726),(#11727,#11728),
(#11729,#11730),(#11731,#11732),(#11733,#11734)),.UNSPECIFIED.,.F.,.F.,
 .F.,(4,1,4),(2,2),(0.,0.0166375253360257,0.0362181343297749),(0.,0.02),
 .UNSPECIFIED.);
#682=B_SPLINE_SURFACE_WITH_KNOTS('',3,1,((#11748,#11749),(#11750,#11751),
(#11752,#11753),(#11754,#11755),(#11756,#11757)),.UNSPECIFIED.,.F.,.F.,
 .F.,(4,1,4),(2,2),(0.,0.0189112114064133,0.035193371545519),(0.,0.02),
 .UNSPECIFIED.);
#683=B_SPLINE_SURFACE_WITH_KNOTS('',3,1,((#11771,#11772),(#11773,#11774),
(#11775,#11776),(#11777,#11778),(#11779,#11780)),.UNSPECIFIED.,.F.,.F.,
 .F.,(4,1,4),(2,2),(0.,0.0240899856666265,0.0457068536310479),(0.,0.02),
 .UNSPECIFIED.);
#684=B_SPLINE_SURFACE_WITH_KNOTS('',3,1,((#11794,#11795),(#11796,#11797),
(#11798,#11799),(#11800,#11801),(#11802,#11803)),.UNSPECIFIED.,.F.,.F.,
 .F.,(4,1,4),(2,2),(0.,0.0157236200485432,0.0322081398772847),(0.,0.02),
 .UNSPECIFIED.);
#685=B_SPLINE_SURFACE_WITH_KNOTS('',3,1,((#11817,#11818),(#11819,#11820),
(#11821,#11822),(#11823,#11824),(#11825,#11826)),.UNSPECIFIED.,.F.,.F.,
 .F.,(4,1,4),(2,2),(0.,0.0117235457606007,0.0258698894133989),(0.,0.02),
 .UNSPECIFIED.);
#686=B_SPLINE_SURFACE_WITH_KNOTS('',3,1,((#11840,#11841),(#11842,#11843),
(#11844,#11845),(#11846,#11847),(#11848,#11849)),.UNSPECIFIED.,.F.,.F.,
 .F.,(4,1,4),(2,2),(0.,0.0137869889556603,0.0275887429805065),(0.,0.02),
 .UNSPECIFIED.);
#687=B_SPLINE_SURFACE_WITH_KNOTS('',3,1,((#11863,#11864),(#11865,#11866),
(#11867,#11868),(#11869,#11870),(#11871,#11872)),.UNSPECIFIED.,.F.,.F.,
 .F.,(4,1,4),(2,2),(0.,0.0140905798053578,0.0279380227552139),(0.,0.02),
 .UNSPECIFIED.);
#688=B_SPLINE_SURFACE_WITH_KNOTS('',3,1,((#11886,#11887),(#11888,#11889),
(#11890,#11891),(#11892,#11893),(#11894,#11895)),.UNSPECIFIED.,.F.,.F.,
 .F.,(4,1,4),(2,2),(0.,0.0151551510861198,0.030559436676865),(0.,0.02),
 .UNSPECIFIED.);
#689=B_SPLINE_SURFACE_WITH_KNOTS('',3,1,((#11909,#11910),(#11911,#11912),
(#11913,#11914),(#11915,#11916),(#11917,#11918)),.UNSPECIFIED.,.F.,.F.,
 .F.,(4,1,4),(2,2),(0.,0.0163898627651587,0.0318165903246275),(0.,0.02),
 .UNSPECIFIED.);
#690=B_SPLINE_SURFACE_WITH_KNOTS('',3,1,((#11932,#11933),(#11934,#11935),
(#11936,#11937),(#11938,#11939),(#11940,#11941)),.UNSPECIFIED.,.F.,.F.,
 .F.,(4,1,4),(2,2),(0.,0.0356047124871355,0.0589482164953991),(0.,0.02),
 .UNSPECIFIED.);
#691=B_SPLINE_SURFACE_WITH_KNOTS('',3,1,((#11955,#11956),(#11957,#11958),
(#11959,#11960),(#11961,#11962),(#11963,#11964)),.UNSPECIFIED.,.F.,.F.,
 .F.,(4,1,4),(2,2),(0.,0.0143287215341814,0.039739659610978),(0.,0.02),
 .UNSPECIFIED.);
#692=B_SPLINE_SURFACE_WITH_KNOTS('',3,1,((#11978,#11979),(#11980,#11981),
(#11982,#11983),(#11984,#11985),(#11986,#11987)),.UNSPECIFIED.,.F.,.F.,
 .F.,(4,1,4),(2,2),(0.,0.011477693763532,0.0232373680097455),(0.,0.02),
 .UNSPECIFIED.);
#693=B_SPLINE_SURFACE_WITH_KNOTS('',3,1,((#12001,#12002),(#12003,#12004),
(#12005,#12006),(#12007,#12008),(#12009,#12010)),.UNSPECIFIED.,.F.,.F.,
 .F.,(4,1,4),(2,2),(0.,0.0145225039196137,0.0278995604806262),(0.,0.02),
 .UNSPECIFIED.);
#694=B_SPLINE_SURFACE_WITH_KNOTS('',3,1,((#12024,#12025),(#12026,#12027),
(#12028,#12029),(#12030,#12031),(#12032,#12033)),.UNSPECIFIED.,.F.,.F.,
 .F.,(4,1,4),(2,2),(0.,0.0222516570982495,0.0396284835334249),(0.,0.02),
 .UNSPECIFIED.);
#695=B_SPLINE_SURFACE_WITH_KNOTS('',3,1,((#12047,#12048),(#12049,#12050),
(#12051,#12052),(#12053,#12054),(#12055,#12056)),.UNSPECIFIED.,.F.,.F.,
 .F.,(4,1,4),(2,2),(0.,0.0189465299153767,0.0415179534395665),(0.,0.02),
 .UNSPECIFIED.);
#696=B_SPLINE_SURFACE_WITH_KNOTS('',3,1,((#12070,#12071),(#12072,#12073),
(#12074,#12075),(#12076,#12077),(#12078,#12079)),.UNSPECIFIED.,.F.,.F.,
 .F.,(4,1,4),(2,2),(0.,0.020191211964336,0.0383442304070357),(0.,0.02),
 .UNSPECIFIED.);
#697=B_SPLINE_SURFACE_WITH_KNOTS('',3,1,((#12099,#12100),(#12101,#12102),
(#12103,#12104),(#12105,#12106),(#12107,#12108)),.UNSPECIFIED.,.F.,.F.,
 .F.,(4,1,4),(2,2),(0.,0.0284249844880707,0.0604171710937772),(0.,0.02),
 .UNSPECIFIED.);
#698=B_SPLINE_SURFACE_WITH_KNOTS('',3,1,((#12120,#12121),(#12122,#12123),
(#12124,#12125),(#12126,#12127),(#12128,#12129)),.UNSPECIFIED.,.F.,.F.,
 .F.,(4,1,4),(2,2),(0.,0.00570625278106635,0.012976079811065),(0.,0.02),
 .UNSPECIFIED.);
#699=B_SPLINE_SURFACE_WITH_KNOTS('',3,1,((#12146,#12147),(#12148,#12149),
(#12150,#12151),(#12152,#12153),(#12154,#12155)),.UNSPECIFIED.,.F.,.F.,
 .F.,(4,1,4),(2,2),(0.,0.00478309069677739,0.00968920181655928),(0.,0.02),
 .UNSPECIFIED.);
#700=B_SPLINE_SURFACE_WITH_KNOTS('',3,1,((#12169,#12170),(#12171,#12172),
(#12173,#12174),(#12175,#12176),(#12177,#12178)),.UNSPECIFIED.,.F.,.F.,
 .F.,(4,1,4),(2,2),(0.,0.0129525041519251,0.0204122223590431),(0.,0.02),
 .UNSPECIFIED.);
#701=B_SPLINE_SURFACE_WITH_KNOTS('',3,1,((#12258,#12259),(#12260,#12261),
(#12262,#12263),(#12264,#12265),(#12266,#12267)),.UNSPECIFIED.,.F.,.F.,
 .F.,(4,1,4),(2,2),(0.,0.0163901763145541,0.0438603503218748),(0.,0.02),
 .UNSPECIFIED.);
#702=B_SPLINE_SURFACE_WITH_KNOTS('',3,1,((#12281,#12282),(#12283,#12284),
(#12285,#12286),(#12287,#12288),(#12289,#12290)),.UNSPECIFIED.,.F.,.F.,
 .F.,(4,1,4),(2,2),(0.,0.0119377364715039,0.0231118517474334),(0.,0.02),
 .UNSPECIFIED.);
#703=B_SPLINE_SURFACE_WITH_KNOTS('',3,1,((#12304,#12305),(#12306,#12307),
(#12308,#12309),(#12310,#12311),(#12312,#12313)),.UNSPECIFIED.,.F.,.F.,
 .F.,(4,1,4),(2,2),(0.,0.0178741658497426,0.0320008661267258),(0.,0.02),
 .UNSPECIFIED.);
#704=B_SPLINE_SURFACE_WITH_KNOTS('',3,1,((#12327,#12328),(#12329,#12330),
(#12331,#12332),(#12333,#12334),(#12335,#12336)),.UNSPECIFIED.,.F.,.F.,
 .F.,(4,1,4),(2,2),(0.,0.0149370289264992,0.0280593930880297),(0.,0.02),
 .UNSPECIFIED.);
#705=B_SPLINE_SURFACE_WITH_KNOTS('',3,1,((#12356,#12357),(#12358,#12359),
(#12360,#12361),(#12362,#12363),(#12364,#12365)),.UNSPECIFIED.,.F.,.F.,
 .F.,(4,1,4),(2,2),(0.,0.00712008368304007,0.016238734705554),(0.,0.02),
 .UNSPECIFIED.);
#706=B_SPLINE_SURFACE_WITH_KNOTS('',3,1,((#12377,#12378),(#12379,#12380),
(#12381,#12382),(#12383,#12384),(#12385,#12386)),.UNSPECIFIED.,.F.,.F.,
 .F.,(4,1,4),(2,2),(0.,0.0232560808484852,0.047465923583861),(0.,0.02),
 .UNSPECIFIED.);
#707=B_SPLINE_SURFACE_WITH_KNOTS('',3,1,((#12403,#12404),(#12405,#12406),
(#12407,#12408),(#12409,#12410),(#12411,#12412)),.UNSPECIFIED.,.F.,.F.,
 .F.,(4,1,4),(2,2),(0.,0.0247344885442039,0.0484319074881081),(0.,0.02),
 .UNSPECIFIED.);
#708=B_SPLINE_SURFACE_WITH_KNOTS('',3,1,((#12426,#12427),(#12428,#12429),
(#12430,#12431),(#12432,#12433),(#12434,#12435)),.UNSPECIFIED.,.F.,.F.,
 .F.,(4,1,4),(2,2),(0.,0.0352719056791261,0.0637289668333581),(0.,0.02),
 .UNSPECIFIED.);
#709=B_SPLINE_SURFACE_WITH_KNOTS('',3,1,((#12449,#12450),(#12451,#12452),
(#12453,#12454),(#12455,#12456),(#12457,#12458)),.UNSPECIFIED.,.F.,.F.,
 .F.,(4,1,4),(2,2),(0.,0.0282118504181666,0.0646614922054497),(0.,0.02),
 .UNSPECIFIED.);
#710=B_SPLINE_SURFACE_WITH_KNOTS('',3,1,((#12472,#12473),(#12474,#12475),
(#12476,#12477),(#12478,#12479),(#12480,#12481)),.UNSPECIFIED.,.F.,.F.,
 .F.,(4,1,4),(2,2),(0.,0.023834905250959,0.0480187959131383),(0.,0.02),
 .UNSPECIFIED.);
#711=B_SPLINE_SURFACE_WITH_KNOTS('',3,1,((#12495,#12496),(#12497,#12498),
(#12499,#12500),(#12501,#12502),(#12503,#12504)),.UNSPECIFIED.,.F.,.F.,
 .F.,(4,1,4),(2,2),(0.,0.0241492827178144,0.0480895333731904),(0.,0.02),
 .UNSPECIFIED.);
#712=B_SPLINE_SURFACE_WITH_KNOTS('',3,1,((#12518,#12519),(#12520,#12521),
(#12522,#12523),(#12524,#12525),(#12526,#12527)),.UNSPECIFIED.,.F.,.F.,
 .F.,(4,1,4),(2,2),(0.,0.037231371120035,0.0656703549089802),(0.,0.02),
 .UNSPECIFIED.);
#713=B_SPLINE_SURFACE_WITH_KNOTS('',3,1,((#12541,#12542),(#12543,#12544),
(#12545,#12546),(#12547,#12548),(#12549,#12550)),.UNSPECIFIED.,.F.,.F.,
 .F.,(4,1,4),(2,2),(0.,0.0279391784215944,0.06266212980795),(0.,0.02),
 .UNSPECIFIED.);
#714=B_SPLINE_SURFACE_WITH_KNOTS('',3,1,((#12561,#12562),(#12563,#12564),
(#12565,#12566),(#12567,#12568),(#12569,#12570)),.UNSPECIFIED.,.F.,.F.,
 .F.,(4,1,4),(2,2),(0.,0.035417857219555,0.0660484174071192),(0.,0.02),
 .UNSPECIFIED.);
#715=B_SPLINE_SURFACE_WITH_KNOTS('',3,1,((#12587,#12588),(#12589,#12590),
(#12591,#12592),(#12593,#12594),(#12595,#12596)),.UNSPECIFIED.,.F.,.F.,
 .F.,(4,1,4),(2,2),(0.,0.0266341136222954,0.0569484440970154),(0.,0.02),
 .UNSPECIFIED.);
#716=B_SPLINE_SURFACE_WITH_KNOTS('',3,1,((#12610,#12611),(#12612,#12613),
(#12614,#12615),(#12616,#12617),(#12618,#12619)),.UNSPECIFIED.,.F.,.F.,
 .F.,(4,1,4),(2,2),(0.,0.0231856454331412,0.0473994259061698),(0.,0.02),
 .UNSPECIFIED.);
#717=B_SPLINE_SURFACE_WITH_KNOTS('',3,1,((#12633,#12634),(#12635,#12636),
(#12637,#12638),(#12639,#12640),(#12641,#12642)),.UNSPECIFIED.,.F.,.F.,
 .F.,(4,1,4),(2,2),(0.,0.0434346912414512,0.0730399336243023),(0.,0.02),
 .UNSPECIFIED.);
#718=B_SPLINE_SURFACE_WITH_KNOTS('',3,1,((#12674,#12675),(#12676,#12677),
(#12678,#12679),(#12680,#12681),(#12682,#12683)),.UNSPECIFIED.,.F.,.F.,
 .F.,(4,1,4),(2,2),(0.,0.0359467583037138,0.0726553832069544),(0.,0.02),
 .UNSPECIFIED.);
#719=B_SPLINE_SURFACE_WITH_KNOTS('',3,1,((#12697,#12698),(#12699,#12700),
(#12701,#12702),(#12703,#12704),(#12705,#12706)),.UNSPECIFIED.,.F.,.F.,
 .F.,(4,1,4),(2,2),(0.,0.0256140405207636,0.0528373359966933),(0.,0.02),
 .UNSPECIFIED.);
#720=B_SPLINE_SURFACE_WITH_KNOTS('',3,1,((#12720,#12721),(#12722,#12723),
(#12724,#12725),(#12726,#12727),(#12728,#12729)),.UNSPECIFIED.,.F.,.F.,
 .F.,(4,1,4),(2,2),(0.,0.0270764659386048,0.0526754538783497),(0.,0.02),
 .UNSPECIFIED.);
#721=B_SPLINE_SURFACE_WITH_KNOTS('',3,1,((#12743,#12744),(#12745,#12746),
(#12747,#12748),(#12749,#12750),(#12751,#12752)),.UNSPECIFIED.,.F.,.F.,
 .F.,(4,1,4),(2,2),(0.,0.0300349010972132,0.0587996709572608),(0.,0.02),
 .UNSPECIFIED.);
#722=B_SPLINE_SURFACE_WITH_KNOTS('',3,1,((#12766,#12767),(#12768,#12769),
(#12770,#12771),(#12772,#12773),(#12774,#12775)),.UNSPECIFIED.,.F.,.F.,
 .F.,(4,1,4),(2,2),(0.,0.0400427932699042,0.082491122022454),(0.,0.02),
 .UNSPECIFIED.);
#723=B_SPLINE_SURFACE_WITH_KNOTS('',3,1,((#12789,#12790),(#12791,#12792),
(#12793,#12794),(#12795,#12796),(#12797,#12798)),.UNSPECIFIED.,.F.,.F.,
 .F.,(4,1,4),(2,2),(0.,0.0405645746708204,0.0788460364669761),(0.,0.02),
 .UNSPECIFIED.);
#724=B_SPLINE_SURFACE_WITH_KNOTS('',3,1,((#12812,#12813),(#12814,#12815),
(#12816,#12817),(#12818,#12819),(#12820,#12821)),.UNSPECIFIED.,.F.,.F.,
 .F.,(4,1,4),(2,2),(0.,0.0345010808399879,0.0683065844031565),(0.,0.02),
 .UNSPECIFIED.);
#725=B_SPLINE_SURFACE_WITH_KNOTS('',3,1,((#12835,#12836),(#12837,#12838),
(#12839,#12840),(#12841,#12842),(#12843,#12844)),.UNSPECIFIED.,.F.,.F.,
 .F.,(4,1,4),(2,2),(0.,0.0175710843993298,0.0474024408212529),(0.,0.02),
 .UNSPECIFIED.);
#726=B_SPLINE_SURFACE_WITH_KNOTS('',3,1,((#12858,#12859),(#12860,#12861),
(#12862,#12863),(#12864,#12865),(#12866,#12867)),.UNSPECIFIED.,.F.,.F.,
 .F.,(4,1,4),(2,2),(0.,0.0169356166137224,0.0348048914762958),(0.,0.02),
 .UNSPECIFIED.);
#727=B_SPLINE_SURFACE_WITH_KNOTS('',3,1,((#12881,#12882),(#12883,#12884),
(#12885,#12886),(#12887,#12888),(#12889,#12890)),.UNSPECIFIED.,.F.,.F.,
 .F.,(4,1,4),(2,2),(0.,0.0228076125933482,0.0413059640824319),(0.,0.02),
 .UNSPECIFIED.);
#728=B_SPLINE_SURFACE_WITH_KNOTS('',3,1,((#12904,#12905),(#12906,#12907),
(#12908,#12909),(#12910,#12911),(#12912,#12913)),.UNSPECIFIED.,.F.,.F.,
 .F.,(4,1,4),(2,2),(0.,0.017941442934906,0.0393262777275801),(0.,0.02),
 .UNSPECIFIED.);
#729=B_SPLINE_SURFACE_WITH_KNOTS('',3,1,((#12927,#12928),(#12929,#12930),
(#12931,#12932),(#12933,#12934),(#12935,#12936)),.UNSPECIFIED.,.F.,.F.,
 .F.,(4,1,4),(2,2),(0.,0.0149408301757943,0.0277598444941158),(0.,0.02),
 .UNSPECIFIED.);
#730=B_SPLINE_SURFACE_WITH_KNOTS('',3,1,((#12956,#12957),(#12958,#12959),
(#12960,#12961),(#12962,#12963),(#12964,#12965)),.UNSPECIFIED.,.F.,.F.,
 .F.,(4,1,4),(2,2),(0.,0.0282084481056736,0.0594463022380571),(0.,0.02),
 .UNSPECIFIED.);
#731=B_SPLINE_SURFACE_WITH_KNOTS('',3,1,((#13011,#13012),(#13013,#13014),
(#13015,#13016),(#13017,#13018),(#13019,#13020)),.UNSPECIFIED.,.F.,.F.,
 .F.,(4,1,4),(2,2),(0.,0.0183315151546426,0.045926467933764),(0.,0.02),
 .UNSPECIFIED.);
#732=B_SPLINE_SURFACE_WITH_KNOTS('',3,1,((#13034,#13035),(#13036,#13037),
(#13038,#13039),(#13040,#13041),(#13042,#13043)),.UNSPECIFIED.,.F.,.F.,
 .F.,(4,1,4),(2,2),(0.,0.012929239542999,0.0261308646386904),(0.,0.02),
 .UNSPECIFIED.);
#733=B_SPLINE_SURFACE_WITH_KNOTS('',3,1,((#13057,#13058),(#13059,#13060),
(#13061,#13062),(#13063,#13064),(#13065,#13066)),.UNSPECIFIED.,.F.,.F.,
 .F.,(4,1,4),(2,2),(0.,0.0141570318605045,0.0275355278450435),(0.,0.02),
 .UNSPECIFIED.);
#734=B_SPLINE_SURFACE_WITH_KNOTS('',3,1,((#13080,#13081),(#13082,#13083),
(#13084,#13085),(#13086,#13087),(#13088,#13089)),.UNSPECIFIED.,.F.,.F.,
 .F.,(4,1,4),(2,2),(0.,0.0130989143768319,0.0276529286808775),(0.,0.02),
 .UNSPECIFIED.);
#735=B_SPLINE_SURFACE_WITH_KNOTS('',3,1,((#13103,#13104),(#13105,#13106),
(#13107,#13108),(#13109,#13110),(#13111,#13112)),.UNSPECIFIED.,.F.,.F.,
 .F.,(4,1,4),(2,2),(0.,0.0145628520079157,0.0276468546561014),(0.,0.02),
 .UNSPECIFIED.);
#736=B_SPLINE_SURFACE_WITH_KNOTS('',3,1,((#13126,#13127),(#13128,#13129),
(#13130,#13131),(#13132,#13133),(#13134,#13135)),.UNSPECIFIED.,.F.,.F.,
 .F.,(4,1,4),(2,2),(0.,0.0226803935890287,0.0380972005059184),(0.,0.02),
 .UNSPECIFIED.);
#737=B_SPLINE_SURFACE_WITH_KNOTS('',3,1,((#13167,#13168),(#13169,#13170),
(#13171,#13172),(#13173,#13174),(#13175,#13176)),.UNSPECIFIED.,.F.,.F.,
 .F.,(4,1,4),(2,2),(0.,0.018972882825565,0.0443022710331469),(0.,0.02),
 .UNSPECIFIED.);
#738=B_SPLINE_SURFACE_WITH_KNOTS('',3,1,((#13190,#13191),(#13192,#13193),
(#13194,#13195),(#13196,#13197),(#13198,#13199)),.UNSPECIFIED.,.F.,.F.,
 .F.,(4,1,4),(2,2),(0.,0.0147065922757172,0.0299214755971222),(0.,0.02),
 .UNSPECIFIED.);
#739=B_SPLINE_SURFACE_WITH_KNOTS('',3,1,((#13213,#13214),(#13215,#13216),
(#13217,#13218),(#13219,#13220),(#13221,#13222)),.UNSPECIFIED.,.F.,.F.,
 .F.,(4,1,4),(2,2),(0.,0.0158269567833648,0.0307694591103756),(0.,0.02),
 .UNSPECIFIED.);
#740=B_SPLINE_SURFACE_WITH_KNOTS('',3,1,((#13236,#13237),(#13238,#13239),
(#13240,#13241),(#13242,#13243),(#13244,#13245)),.UNSPECIFIED.,.F.,.F.,
 .F.,(4,1,4),(2,2),(0.,0.0126042846964668,0.0261662304198495),(0.,0.02),
 .UNSPECIFIED.);
#741=B_SPLINE_SURFACE_WITH_KNOTS('',3,1,((#13259,#13260),(#13261,#13262),
(#13263,#13264),(#13265,#13266),(#13267,#13268)),.UNSPECIFIED.,.F.,.F.,
 .F.,(4,1,4),(2,2),(0.,0.0109489157429801,0.0227218893024923),(0.,0.02),
 .UNSPECIFIED.);
#742=B_SPLINE_SURFACE_WITH_KNOTS('',3,1,((#13282,#13283),(#13284,#13285),
(#13286,#13287),(#13288,#13289),(#13290,#13291)),.UNSPECIFIED.,.F.,.F.,
 .F.,(4,1,4),(2,2),(0.,0.0130042197853813,0.0244461595905065),(0.,0.02),
 .UNSPECIFIED.);
#743=B_SPLINE_SURFACE_WITH_KNOTS('',3,1,((#13305,#13306),(#13307,#13308),
(#13309,#13310),(#13311,#13312),(#13313,#13314)),.UNSPECIFIED.,.F.,.F.,
 .F.,(4,1,4),(2,2),(0.,0.0163749279135933,0.0270702438541344),(0.,0.02),
 .UNSPECIFIED.);
#744=B_SPLINE_SURFACE_WITH_KNOTS('',3,1,((#13337,#13338),(#13339,#13340),
(#13341,#13342),(#13343,#13344),(#13345,#13346)),.UNSPECIFIED.,.F.,.F.,
 .F.,(4,1,4),(2,2),(0.,0.0222925558396924,0.0487461971419277),(0.,0.02),
 .UNSPECIFIED.);
#745=B_SPLINE_SURFACE_WITH_KNOTS('',3,1,((#13363,#13364),(#13365,#13366),
(#13367,#13368),(#13369,#13370),(#13371,#13372)),.UNSPECIFIED.,.F.,.F.,
 .F.,(4,1,4),(2,2),(0.,0.0170926455281975,0.0362158283542865),(0.,0.02),
 .UNSPECIFIED.);
#746=B_SPLINE_SURFACE_WITH_KNOTS('',3,1,((#13386,#13387),(#13388,#13389),
(#13390,#13391),(#13392,#13393),(#13394,#13395)),.UNSPECIFIED.,.F.,.F.,
 .F.,(4,1,4),(2,2),(0.,0.0188745571317342,0.0358049141675947),(0.,0.02),
 .UNSPECIFIED.);
#747=B_SPLINE_SURFACE_WITH_KNOTS('',3,1,((#13409,#13410),(#13411,#13412),
(#13413,#13414),(#13415,#13416),(#13417,#13418)),.UNSPECIFIED.,.F.,.F.,
 .F.,(4,1,4),(2,2),(0.,0.0204573448527864,0.0404569271581856),(0.,0.02),
 .UNSPECIFIED.);
#748=B_SPLINE_SURFACE_WITH_KNOTS('',3,1,((#13432,#13433),(#13434,#13435),
(#13436,#13437),(#13438,#13439),(#13440,#13441)),.UNSPECIFIED.,.F.,.F.,
 .F.,(4,1,4),(2,2),(0.,0.0236725928909287,0.0483989569276343),(0.,0.02),
 .UNSPECIFIED.);
#749=B_SPLINE_SURFACE_WITH_KNOTS('',3,1,((#13455,#13456),(#13457,#13458),
(#13459,#13460),(#13461,#13462),(#13463,#13464)),.UNSPECIFIED.,.F.,.F.,
 .F.,(4,1,4),(2,2),(0.,0.0263802953350928,0.0505824434171309),(0.,0.02),
 .UNSPECIFIED.);
#750=B_SPLINE_SURFACE_WITH_KNOTS('',3,1,((#13478,#13479),(#13480,#13481),
(#13482,#13483),(#13484,#13485),(#13486,#13487)),.UNSPECIFIED.,.F.,.F.,
 .F.,(4,1,4),(2,2),(0.,0.0201764097866243,0.042198500913731),(0.,0.02),
 .UNSPECIFIED.);
#751=B_SPLINE_SURFACE_WITH_KNOTS('',3,1,((#13501,#13502),(#13503,#13504),
(#13505,#13506),(#13507,#13508),(#13509,#13510)),.UNSPECIFIED.,.F.,.F.,
 .F.,(4,1,4),(2,2),(0.,0.0188546712089795,0.0380690748696618),(0.,0.02),
 .UNSPECIFIED.);
#752=B_SPLINE_SURFACE_WITH_KNOTS('',3,1,((#13524,#13525),(#13526,#13527),
(#13528,#13529),(#13530,#13531),(#13532,#13533)),.UNSPECIFIED.,.F.,.F.,
 .F.,(4,1,4),(2,2),(0.,0.0212801024042678,0.0417264612577588),(0.,0.02),
 .UNSPECIFIED.);
#753=B_SPLINE_SURFACE_WITH_KNOTS('',3,1,((#13547,#13548),(#13549,#13550),
(#13551,#13552),(#13553,#13554),(#13555,#13556)),.UNSPECIFIED.,.F.,.F.,
 .F.,(4,1,4),(2,2),(0.,0.0218326088836006,0.0434628833710912),(0.,0.02),
 .UNSPECIFIED.);
#754=B_SPLINE_SURFACE_WITH_KNOTS('',3,1,((#13570,#13571),(#13572,#13573),
(#13574,#13575),(#13576,#13577),(#13578,#13579)),.UNSPECIFIED.,.F.,.F.,
 .F.,(4,1,4),(2,2),(0.,0.0310606747813087,0.0561800180974309),(0.,0.02),
 .UNSPECIFIED.);
#755=FACE_OUTER_BOUND('',#1122,.T.);
#756=FACE_OUTER_BOUND('',#1123,.T.);
#757=FACE_OUTER_BOUND('',#1124,.T.);
#758=FACE_OUTER_BOUND('',#1125,.T.);
#759=FACE_OUTER_BOUND('',#1126,.T.);
#760=FACE_OUTER_BOUND('',#1127,.T.);
#761=FACE_OUTER_BOUND('',#1128,.T.);
#762=FACE_OUTER_BOUND('',#1129,.T.);
#763=FACE_OUTER_BOUND('',#1130,.T.);
#764=FACE_OUTER_BOUND('',#1131,.T.);
#765=FACE_OUTER_BOUND('',#1132,.T.);
#766=FACE_OUTER_BOUND('',#1133,.T.);
#767=FACE_OUTER_BOUND('',#1134,.T.);
#768=FACE_OUTER_BOUND('',#1135,.T.);
#769=FACE_OUTER_BOUND('',#1136,.T.);
#770=FACE_OUTER_BOUND('',#1137,.T.);
#771=FACE_OUTER_BOUND('',#1138,.T.);
#772=FACE_OUTER_BOUND('',#1139,.T.);
#773=FACE_OUTER_BOUND('',#1140,.T.);
#774=FACE_OUTER_BOUND('',#1141,.T.);
#775=FACE_OUTER_BOUND('',#1142,.T.);
#776=FACE_OUTER_BOUND('',#1143,.T.);
#777=FACE_OUTER_BOUND('',#1144,.T.);
#778=FACE_OUTER_BOUND('',#1145,.T.);
#779=FACE_OUTER_BOUND('',#1146,.T.);
#780=FACE_OUTER_BOUND('',#1147,.T.);
#781=FACE_OUTER_BOUND('',#1148,.T.);
#782=FACE_OUTER_BOUND('',#1149,.T.);
#783=FACE_OUTER_BOUND('',#1150,.T.);
#784=FACE_OUTER_BOUND('',#1151,.T.);
#785=FACE_OUTER_BOUND('',#1152,.T.);
#786=FACE_OUTER_BOUND('',#1153,.T.);
#787=FACE_OUTER_BOUND('',#1154,.T.);
#788=FACE_OUTER_BOUND('',#1155,.T.);
#789=FACE_OUTER_BOUND('',#1156,.T.);
#790=FACE_OUTER_BOUND('',#1157,.T.);
#791=FACE_OUTER_BOUND('',#1158,.T.);
#792=FACE_OUTER_BOUND('',#1159,.T.);
#793=FACE_OUTER_BOUND('',#1160,.T.);
#794=FACE_OUTER_BOUND('',#1161,.T.);
#795=FACE_OUTER_BOUND('',#1162,.T.);
#796=FACE_OUTER_BOUND('',#1163,.T.);
#797=FACE_OUTER_BOUND('',#1164,.T.);
#798=FACE_OUTER_BOUND('',#1165,.T.);
#799=FACE_OUTER_BOUND('',#1166,.T.);
#800=FACE_OUTER_BOUND('',#1167,.T.);
#801=FACE_OUTER_BOUND('',#1168,.T.);
#802=FACE_OUTER_BOUND('',#1169,.T.);
#803=FACE_OUTER_BOUND('',#1170,.T.);
#804=FACE_OUTER_BOUND('',#1171,.T.);
#805=FACE_OUTER_BOUND('',#1172,.T.);
#806=FACE_OUTER_BOUND('',#1173,.T.);
#807=FACE_OUTER_BOUND('',#1174,.T.);
#808=FACE_OUTER_BOUND('',#1175,.T.);
#809=FACE_OUTER_BOUND('',#1176,.T.);
#810=FACE_OUTER_BOUND('',#1177,.T.);
#811=FACE_OUTER_BOUND('',#1178,.T.);
#812=FACE_OUTER_BOUND('',#1179,.T.);
#813=FACE_OUTER_BOUND('',#1180,.T.);
#814=FACE_OUTER_BOUND('',#1181,.T.);
#815=FACE_OUTER_BOUND('',#1183,.T.);
#816=FACE_OUTER_BOUND('',#1184,.T.);
#817=FACE_OUTER_BOUND('',#1185,.T.);
#818=FACE_OUTER_BOUND('',#1186,.T.);
#819=FACE_OUTER_BOUND('',#1187,.T.);
#820=FACE_OUTER_BOUND('',#1188,.T.);
#821=FACE_OUTER_BOUND('',#1189,.T.);
#822=FACE_OUTER_BOUND('',#1190,.T.);
#823=FACE_OUTER_BOUND('',#1191,.T.);
#824=FACE_OUTER_BOUND('',#1192,.T.);
#825=FACE_OUTER_BOUND('',#1193,.T.);
#826=FACE_OUTER_BOUND('',#1194,.T.);
#827=FACE_OUTER_BOUND('',#1195,.T.);
#828=FACE_OUTER_BOUND('',#1196,.T.);
#829=FACE_OUTER_BOUND('',#1197,.T.);
#830=FACE_OUTER_BOUND('',#1198,.T.);
#831=FACE_OUTER_BOUND('',#1199,.T.);
#832=FACE_OUTER_BOUND('',#1200,.T.);
#833=FACE_OUTER_BOUND('',#1201,.T.);
#834=FACE_OUTER_BOUND('',#1202,.T.);
#835=FACE_OUTER_BOUND('',#1203,.T.);
#836=FACE_OUTER_BOUND('',#1204,.T.);
#837=FACE_OUTER_BOUND('',#1205,.T.);
#838=FACE_OUTER_BOUND('',#1206,.T.);
#839=FACE_OUTER_BOUND('',#1207,.T.);
#840=FACE_OUTER_BOUND('',#1208,.T.);
#841=FACE_OUTER_BOUND('',#1209,.T.);
#842=FACE_OUTER_BOUND('',#1210,.T.);
#843=FACE_OUTER_BOUND('',#1211,.T.);
#844=FACE_OUTER_BOUND('',#1212,.T.);
#845=FACE_OUTER_BOUND('',#1213,.T.);
#846=FACE_OUTER_BOUND('',#1214,.T.);
#847=FACE_OUTER_BOUND('',#1215,.T.);
#848=FACE_OUTER_BOUND('',#1216,.T.);
#849=FACE_OUTER_BOUND('',#1217,.T.);
#850=FACE_OUTER_BOUND('',#1218,.T.);
#851=FACE_OUTER_BOUND('',#1219,.T.);
#852=FACE_OUTER_BOUND('',#1220,.T.);
#853=FACE_OUTER_BOUND('',#1221,.T.);
#854=FACE_OUTER_BOUND('',#1222,.T.);
#855=FACE_OUTER_BOUND('',#1223,.T.);
#856=FACE_OUTER_BOUND('',#1224,.T.);
#857=FACE_OUTER_BOUND('',#1225,.T.);
#858=FACE_OUTER_BOUND('',#1226,.T.);
#859=FACE_OUTER_BOUND('',#1227,.T.);
#860=FACE_OUTER_BOUND('',#1228,.T.);
#861=FACE_OUTER_BOUND('',#1229,.T.);
#862=FACE_OUTER_BOUND('',#1230,.T.);
#863=FACE_OUTER_BOUND('',#1231,.T.);
#864=FACE_OUTER_BOUND('',#1232,.T.);
#865=FACE_OUTER_BOUND('',#1233,.T.);
#866=FACE_OUTER_BOUND('',#1234,.T.);
#867=FACE_OUTER_BOUND('',#1235,.T.);
#868=FACE_OUTER_BOUND('',#1236,.T.);
#869=FACE_OUTER_BOUND('',#1237,.T.);
#870=FACE_OUTER_BOUND('',#1238,.T.);
#871=FACE_OUTER_BOUND('',#1239,.T.);
#872=FACE_OUTER_BOUND('',#1241,.T.);
#873=FACE_OUTER_BOUND('',#1242,.T.);
#874=FACE_OUTER_BOUND('',#1243,.T.);
#875=FACE_OUTER_BOUND('',#1244,.T.);
#876=FACE_OUTER_BOUND('',#1245,.T.);
#877=FACE_OUTER_BOUND('',#1246,.T.);
#878=FACE_OUTER_BOUND('',#1247,.T.);
#879=FACE_OUTER_BOUND('',#1248,.T.);
#880=FACE_OUTER_BOUND('',#1249,.T.);
#881=FACE_OUTER_BOUND('',#1250,.T.);
#882=FACE_OUTER_BOUND('',#1251,.T.);
#883=FACE_OUTER_BOUND('',#1252,.T.);
#884=FACE_OUTER_BOUND('',#1253,.T.);
#885=FACE_OUTER_BOUND('',#1254,.T.);
#886=FACE_OUTER_BOUND('',#1255,.T.);
#887=FACE_OUTER_BOUND('',#1256,.T.);
#888=FACE_OUTER_BOUND('',#1257,.T.);
#889=FACE_OUTER_BOUND('',#1258,.T.);
#890=FACE_OUTER_BOUND('',#1259,.T.);
#891=FACE_OUTER_BOUND('',#1260,.T.);
#892=FACE_OUTER_BOUND('',#1261,.T.);
#893=FACE_OUTER_BOUND('',#1262,.T.);
#894=FACE_OUTER_BOUND('',#1263,.T.);
#895=FACE_OUTER_BOUND('',#1264,.T.);
#896=FACE_OUTER_BOUND('',#1265,.T.);
#897=FACE_OUTER_BOUND('',#1266,.T.);
#898=FACE_OUTER_BOUND('',#1267,.T.);
#899=FACE_OUTER_BOUND('',#1268,.T.);
#900=FACE_OUTER_BOUND('',#1269,.T.);
#901=FACE_OUTER_BOUND('',#1270,.T.);
#902=FACE_OUTER_BOUND('',#1271,.T.);
#903=FACE_OUTER_BOUND('',#1272,.T.);
#904=FACE_OUTER_BOUND('',#1273,.T.);
#905=FACE_OUTER_BOUND('',#1274,.T.);
#906=FACE_OUTER_BOUND('',#1275,.T.);
#907=FACE_OUTER_BOUND('',#1276,.T.);
#908=FACE_OUTER_BOUND('',#1277,.T.);
#909=FACE_OUTER_BOUND('',#1278,.T.);
#910=FACE_OUTER_BOUND('',#1280,.T.);
#911=FACE_OUTER_BOUND('',#1281,.T.);
#912=FACE_OUTER_BOUND('',#1282,.T.);
#913=FACE_OUTER_BOUND('',#1283,.T.);
#914=FACE_OUTER_BOUND('',#1284,.T.);
#915=FACE_OUTER_BOUND('',#1285,.T.);
#916=FACE_OUTER_BOUND('',#1286,.T.);
#917=FACE_OUTER_BOUND('',#1287,.T.);
#918=FACE_OUTER_BOUND('',#1288,.T.);
#919=FACE_OUTER_BOUND('',#1289,.T.);
#920=FACE_OUTER_BOUND('',#1290,.T.);
#921=FACE_OUTER_BOUND('',#1291,.T.);
#922=FACE_OUTER_BOUND('',#1292,.T.);
#923=FACE_OUTER_BOUND('',#1293,.T.);
#924=FACE_OUTER_BOUND('',#1294,.T.);
#925=FACE_OUTER_BOUND('',#1295,.T.);
#926=FACE_OUTER_BOUND('',#1296,.T.);
#927=FACE_OUTER_BOUND('',#1297,.T.);
#928=FACE_OUTER_BOUND('',#1298,.T.);
#929=FACE_OUTER_BOUND('',#1299,.T.);
#930=FACE_OUTER_BOUND('',#1300,.T.);
#931=FACE_OUTER_BOUND('',#1301,.T.);
#932=FACE_OUTER_BOUND('',#1302,.T.);
#933=FACE_OUTER_BOUND('',#1303,.T.);
#934=FACE_OUTER_BOUND('',#1304,.T.);
#935=FACE_OUTER_BOUND('',#1305,.T.);
#936=FACE_OUTER_BOUND('',#1306,.T.);
#937=FACE_OUTER_BOUND('',#1307,.T.);
#938=FACE_OUTER_BOUND('',#1308,.T.);
#939=FACE_OUTER_BOUND('',#1309,.T.);
#940=FACE_OUTER_BOUND('',#1310,.T.);
#941=FACE_OUTER_BOUND('',#1311,.T.);
#942=FACE_OUTER_BOUND('',#1312,.T.);
#943=FACE_OUTER_BOUND('',#1313,.T.);
#944=FACE_OUTER_BOUND('',#1314,.T.);
#945=FACE_OUTER_BOUND('',#1315,.T.);
#946=FACE_OUTER_BOUND('',#1316,.T.);
#947=FACE_OUTER_BOUND('',#1317,.T.);
#948=FACE_OUTER_BOUND('',#1318,.T.);
#949=FACE_OUTER_BOUND('',#1319,.T.);
#950=FACE_OUTER_BOUND('',#1320,.T.);
#951=FACE_OUTER_BOUND('',#1321,.T.);
#952=FACE_OUTER_BOUND('',#1322,.T.);
#953=FACE_OUTER_BOUND('',#1323,.T.);
#954=FACE_OUTER_BOUND('',#1324,.T.);
#955=FACE_OUTER_BOUND('',#1325,.T.);
#956=FACE_OUTER_BOUND('',#1326,.T.);
#957=FACE_OUTER_BOUND('',#1327,.T.);
#958=FACE_OUTER_BOUND('',#1328,.T.);
#959=FACE_OUTER_BOUND('',#1329,.T.);
#960=FACE_OUTER_BOUND('',#1330,.T.);
#961=FACE_OUTER_BOUND('',#1332,.T.);
#962=FACE_OUTER_BOUND('',#1333,.T.);
#963=FACE_OUTER_BOUND('',#1334,.T.);
#964=FACE_OUTER_BOUND('',#1335,.T.);
#965=FACE_OUTER_BOUND('',#1336,.T.);
#966=FACE_OUTER_BOUND('',#1337,.T.);
#967=FACE_OUTER_BOUND('',#1338,.T.);
#968=FACE_OUTER_BOUND('',#1339,.T.);
#969=FACE_OUTER_BOUND('',#1340,.T.);
#970=FACE_OUTER_BOUND('',#1341,.T.);
#971=FACE_OUTER_BOUND('',#1342,.T.);
#972=FACE_OUTER_BOUND('',#1343,.T.);
#973=FACE_OUTER_BOUND('',#1344,.T.);
#974=FACE_OUTER_BOUND('',#1345,.T.);
#975=FACE_OUTER_BOUND('',#1346,.T.);
#976=FACE_OUTER_BOUND('',#1347,.T.);
#977=FACE_OUTER_BOUND('',#1348,.T.);
#978=FACE_OUTER_BOUND('',#1349,.T.);
#979=FACE_OUTER_BOUND('',#1350,.T.);
#980=FACE_OUTER_BOUND('',#1351,.T.);
#981=FACE_OUTER_BOUND('',#1352,.T.);
#982=FACE_OUTER_BOUND('',#1353,.T.);
#983=FACE_OUTER_BOUND('',#1354,.T.);
#984=FACE_OUTER_BOUND('',#1355,.T.);
#985=FACE_OUTER_BOUND('',#1356,.T.);
#986=FACE_OUTER_BOUND('',#1357,.T.);
#987=FACE_OUTER_BOUND('',#1358,.T.);
#988=FACE_OUTER_BOUND('',#1359,.T.);
#989=FACE_OUTER_BOUND('',#1360,.T.);
#990=FACE_OUTER_BOUND('',#1361,.T.);
#991=FACE_OUTER_BOUND('',#1362,.T.);
#992=FACE_OUTER_BOUND('',#1363,.T.);
#993=FACE_OUTER_BOUND('',#1364,.T.);
#994=FACE_OUTER_BOUND('',#1365,.T.);
#995=FACE_OUTER_BOUND('',#1366,.T.);
#996=FACE_OUTER_BOUND('',#1367,.T.);
#997=FACE_OUTER_BOUND('',#1368,.T.);
#998=FACE_OUTER_BOUND('',#1369,.T.);
#999=FACE_OUTER_BOUND('',#1370,.T.);
#1000=FACE_OUTER_BOUND('',#1371,.T.);
#1001=FACE_OUTER_BOUND('',#1372,.T.);
#1002=FACE_OUTER_BOUND('',#1373,.T.);
#1003=FACE_OUTER_BOUND('',#1374,.T.);
#1004=FACE_OUTER_BOUND('',#1375,.T.);
#1005=FACE_OUTER_BOUND('',#1376,.T.);
#1006=FACE_OUTER_BOUND('',#1377,.T.);
#1007=FACE_OUTER_BOUND('',#1378,.T.);
#1008=FACE_OUTER_BOUND('',#1379,.T.);
#1009=FACE_OUTER_BOUND('',#1380,.T.);
#1010=FACE_OUTER_BOUND('',#1381,.T.);
#1011=FACE_OUTER_BOUND('',#1382,.T.);
#1012=FACE_OUTER_BOUND('',#1383,.T.);
#1013=FACE_OUTER_BOUND('',#1384,.T.);
#1014=FACE_OUTER_BOUND('',#1385,.T.);
#1015=FACE_OUTER_BOUND('',#1386,.T.);
#1016=FACE_OUTER_BOUND('',#1387,.T.);
#1017=FACE_OUTER_BOUND('',#1388,.T.);
#1018=FACE_OUTER_BOUND('',#1389,.T.);
#1019=FACE_OUTER_BOUND('',#1390,.T.);
#1020=FACE_OUTER_BOUND('',#1391,.T.);
#1021=FACE_OUTER_BOUND('',#1392,.T.);
#1022=FACE_OUTER_BOUND('',#1393,.T.);
#1023=FACE_OUTER_BOUND('',#1394,.T.);
#1024=FACE_OUTER_BOUND('',#1395,.T.);
#1025=FACE_OUTER_BOUND('',#1396,.T.);
#1026=FACE_OUTER_BOUND('',#1397,.T.);
#1027=FACE_OUTER_BOUND('',#1398,.T.);
#1028=FACE_OUTER_BOUND('',#1399,.T.);
#1029=FACE_OUTER_BOUND('',#1400,.T.);
#1030=FACE_OUTER_BOUND('',#1401,.T.);
#1031=FACE_OUTER_BOUND('',#1402,.T.);
#1032=FACE_OUTER_BOUND('',#1403,.T.);
#1033=FACE_OUTER_BOUND('',#1404,.T.);
#1034=FACE_OUTER_BOUND('',#1405,.T.);
#1035=FACE_OUTER_BOUND('',#1406,.T.);
#1036=FACE_OUTER_BOUND('',#1407,.T.);
#1037=FACE_OUTER_BOUND('',#1408,.T.);
#1038=FACE_OUTER_BOUND('',#1409,.T.);
#1039=FACE_OUTER_BOUND('',#1410,.T.);
#1040=FACE_OUTER_BOUND('',#1411,.T.);
#1041=FACE_OUTER_BOUND('',#1412,.T.);
#1042=FACE_OUTER_BOUND('',#1413,.T.);
#1043=FACE_OUTER_BOUND('',#1414,.T.);
#1044=FACE_OUTER_BOUND('',#1415,.T.);
#1045=FACE_OUTER_BOUND('',#1416,.T.);
#1046=FACE_OUTER_BOUND('',#1418,.T.);
#1047=FACE_OUTER_BOUND('',#1419,.T.);
#1048=FACE_OUTER_BOUND('',#1420,.T.);
#1049=FACE_OUTER_BOUND('',#1421,.T.);
#1050=FACE_OUTER_BOUND('',#1422,.T.);
#1051=FACE_OUTER_BOUND('',#1423,.T.);
#1052=FACE_OUTER_BOUND('',#1424,.T.);
#1053=FACE_OUTER_BOUND('',#1425,.T.);
#1054=FACE_OUTER_BOUND('',#1426,.T.);
#1055=FACE_OUTER_BOUND('',#1427,.T.);
#1056=FACE_OUTER_BOUND('',#1428,.T.);
#1057=FACE_OUTER_BOUND('',#1429,.T.);
#1058=FACE_OUTER_BOUND('',#1430,.T.);
#1059=FACE_OUTER_BOUND('',#1431,.T.);
#1060=FACE_OUTER_BOUND('',#1432,.T.);
#1061=FACE_OUTER_BOUND('',#1433,.T.);
#1062=FACE_OUTER_BOUND('',#1434,.T.);
#1063=FACE_OUTER_BOUND('',#1435,.T.);
#1064=FACE_OUTER_BOUND('',#1436,.T.);
#1065=FACE_OUTER_BOUND('',#1437,.T.);
#1066=FACE_OUTER_BOUND('',#1438,.T.);
#1067=FACE_OUTER_BOUND('',#1439,.T.);
#1068=FACE_OUTER_BOUND('',#1440,.T.);
#1069=FACE_OUTER_BOUND('',#1441,.T.);
#1070=FACE_OUTER_BOUND('',#1442,.T.);
#1071=FACE_OUTER_BOUND('',#1443,.T.);
#1072=FACE_OUTER_BOUND('',#1444,.T.);
#1073=FACE_OUTER_BOUND('',#1445,.T.);
#1074=FACE_OUTER_BOUND('',#1446,.T.);
#1075=FACE_OUTER_BOUND('',#1447,.T.);
#1076=FACE_OUTER_BOUND('',#1448,.T.);
#1077=FACE_OUTER_BOUND('',#1449,.T.);
#1078=FACE_OUTER_BOUND('',#1450,.T.);
#1079=FACE_OUTER_BOUND('',#1451,.T.);
#1080=FACE_OUTER_BOUND('',#1452,.T.);
#1081=FACE_OUTER_BOUND('',#1453,.T.);
#1082=FACE_OUTER_BOUND('',#1454,.T.);
#1083=FACE_OUTER_BOUND('',#1455,.T.);
#1084=FACE_OUTER_BOUND('',#1456,.T.);
#1085=FACE_OUTER_BOUND('',#1459,.T.);
#1086=FACE_OUTER_BOUND('',#1479,.T.);
#1087=FACE_OUTER_BOUND('',#1480,.T.);
#1088=FACE_OUTER_BOUND('',#1481,.T.);
#1089=FACE_OUTER_BOUND('',#1482,.T.);
#1090=FACE_OUTER_BOUND('',#1483,.T.);
#1091=FACE_OUTER_BOUND('',#1484,.T.);
#1092=FACE_OUTER_BOUND('',#1485,.T.);
#1093=FACE_OUTER_BOUND('',#1486,.T.);
#1094=FACE_OUTER_BOUND('',#1491,.T.);
#1095=FACE_OUTER_BOUND('',#1492,.T.);
#1096=FACE_OUTER_BOUND('',#1493,.T.);
#1097=FACE_OUTER_BOUND('',#1494,.T.);
#1098=FACE_OUTER_BOUND('',#1495,.T.);
#1099=FACE_OUTER_BOUND('',#1496,.T.);
#1100=FACE_OUTER_BOUND('',#1497,.T.);
#1101=FACE_OUTER_BOUND('',#1498,.T.);
#1102=FACE_OUTER_BOUND('',#1499,.T.);
#1103=FACE_OUTER_BOUND('',#1500,.T.);
#1104=FACE_OUTER_BOUND('',#1501,.T.);
#1105=FACE_OUTER_BOUND('',#1502,.T.);
#1106=FACE_OUTER_BOUND('',#1503,.T.);
#1107=FACE_OUTER_BOUND('',#1504,.T.);
#1108=FACE_OUTER_BOUND('',#1505,.T.);
#1109=FACE_OUTER_BOUND('',#1506,.T.);
#1110=FACE_OUTER_BOUND('',#1507,.T.);
#1111=FACE_OUTER_BOUND('',#1508,.T.);
#1112=FACE_OUTER_BOUND('',#1509,.T.);
#1113=FACE_OUTER_BOUND('',#1510,.T.);
#1114=FACE_OUTER_BOUND('',#1511,.T.);
#1115=FACE_OUTER_BOUND('',#1512,.T.);
#1116=FACE_OUTER_BOUND('',#1514,.T.);
#1117=FACE_OUTER_BOUND('',#1515,.T.);
#1118=FACE_OUTER_BOUND('',#1517,.T.);
#1119=FACE_OUTER_BOUND('',#1518,.T.);
#1120=FACE_OUTER_BOUND('',#1520,.T.);
#1121=FACE_OUTER_BOUND('',#1521,.T.);
#1122=EDGE_LOOP('',(#4316,#4317,#4318,#4319));
#1123=EDGE_LOOP('',(#4320,#4321,#4322,#4323));
#1124=EDGE_LOOP('',(#4324,#4325,#4326,#4327));
#1125=EDGE_LOOP('',(#4328,#4329,#4330,#4331));
#1126=EDGE_LOOP('',(#4332,#4333,#4334,#4335));
#1127=EDGE_LOOP('',(#4336,#4337,#4338,#4339));
#1128=EDGE_LOOP('',(#4340,#4341,#4342,#4343));
#1129=EDGE_LOOP('',(#4344,#4345,#4346,#4347));
#1130=EDGE_LOOP('',(#4348,#4349,#4350,#4351));
#1131=EDGE_LOOP('',(#4352,#4353,#4354,#4355));
#1132=EDGE_LOOP('',(#4356,#4357,#4358,#4359));
#1133=EDGE_LOOP('',(#4360,#4361,#4362,#4363));
#1134=EDGE_LOOP('',(#4364,#4365,#4366,#4367));
#1135=EDGE_LOOP('',(#4368,#4369,#4370,#4371,#4372,#4373,#4374,#4375,#4376,
#4377,#4378,#4379,#4380));
#1136=EDGE_LOOP('',(#4381,#4382,#4383,#4384));
#1137=EDGE_LOOP('',(#4385,#4386,#4387,#4388));
#1138=EDGE_LOOP('',(#4389,#4390,#4391,#4392));
#1139=EDGE_LOOP('',(#4393,#4394,#4395,#4396));
#1140=EDGE_LOOP('',(#4397,#4398,#4399,#4400));
#1141=EDGE_LOOP('',(#4401,#4402,#4403,#4404));
#1142=EDGE_LOOP('',(#4405,#4406,#4407,#4408));
#1143=EDGE_LOOP('',(#4409,#4410,#4411,#4412));
#1144=EDGE_LOOP('',(#4413,#4414,#4415,#4416));
#1145=EDGE_LOOP('',(#4417,#4418,#4419,#4420));
#1146=EDGE_LOOP('',(#4421,#4422,#4423,#4424));
#1147=EDGE_LOOP('',(#4425,#4426,#4427,#4428));
#1148=EDGE_LOOP('',(#4429,#4430,#4431,#4432));
#1149=EDGE_LOOP('',(#4433,#4434,#4435,#4436));
#1150=EDGE_LOOP('',(#4437,#4438,#4439,#4440));
#1151=EDGE_LOOP('',(#4441,#4442,#4443,#4444));
#1152=EDGE_LOOP('',(#4445,#4446,#4447,#4448));
#1153=EDGE_LOOP('',(#4449,#4450,#4451,#4452));
#1154=EDGE_LOOP('',(#4453,#4454,#4455,#4456));
#1155=EDGE_LOOP('',(#4457,#4458,#4459,#4460));
#1156=EDGE_LOOP('',(#4461,#4462,#4463,#4464));
#1157=EDGE_LOOP('',(#4465,#4466,#4467,#4468));
#1158=EDGE_LOOP('',(#4469,#4470,#4471,#4472,#4473,#4474,#4475,#4476,#4477,
#4478,#4479,#4480,#4481,#4482,#4483,#4484,#4485));
#1159=EDGE_LOOP('',(#4486,#4487,#4488,#4489));
#1160=EDGE_LOOP('',(#4490,#4491,#4492,#4493));
#1161=EDGE_LOOP('',(#4494,#4495,#4496,#4497));
#1162=EDGE_LOOP('',(#4498,#4499,#4500,#4501));
#1163=EDGE_LOOP('',(#4502,#4503,#4504,#4505));
#1164=EDGE_LOOP('',(#4506,#4507,#4508,#4509));
#1165=EDGE_LOOP('',(#4510,#4511,#4512,#4513));
#1166=EDGE_LOOP('',(#4514,#4515,#4516,#4517));
#1167=EDGE_LOOP('',(#4518,#4519,#4520,#4521));
#1168=EDGE_LOOP('',(#4522,#4523,#4524,#4525));
#1169=EDGE_LOOP('',(#4526,#4527,#4528,#4529));
#1170=EDGE_LOOP('',(#4530,#4531,#4532,#4533));
#1171=EDGE_LOOP('',(#4534,#4535,#4536,#4537));
#1172=EDGE_LOOP('',(#4538,#4539,#4540,#4541));
#1173=EDGE_LOOP('',(#4542,#4543,#4544,#4545));
#1174=EDGE_LOOP('',(#4546,#4547,#4548,#4549));
#1175=EDGE_LOOP('',(#4550,#4551,#4552,#4553));
#1176=EDGE_LOOP('',(#4554,#4555,#4556,#4557));
#1177=EDGE_LOOP('',(#4558,#4559,#4560,#4561));
#1178=EDGE_LOOP('',(#4562,#4563,#4564,#4565));
#1179=EDGE_LOOP('',(#4566,#4567,#4568,#4569));
#1180=EDGE_LOOP('',(#4570,#4571,#4572,#4573));
#1181=EDGE_LOOP('',(#4574,#4575,#4576,#4577,#4578,#4579,#4580,#4581,#4582,
#4583,#4584,#4585,#4586,#4587));
#1182=EDGE_LOOP('',(#4588,#4589,#4590,#4591,#4592,#4593,#4594,#4595));
#1183=EDGE_LOOP('',(#4596,#4597,#4598,#4599));
#1184=EDGE_LOOP('',(#4600,#4601,#4602,#4603));
#1185=EDGE_LOOP('',(#4604,#4605,#4606,#4607));
#1186=EDGE_LOOP('',(#4608,#4609,#4610,#4611));
#1187=EDGE_LOOP('',(#4612,#4613,#4614,#4615));
#1188=EDGE_LOOP('',(#4616,#4617,#4618,#4619));
#1189=EDGE_LOOP('',(#4620,#4621,#4622,#4623));
#1190=EDGE_LOOP('',(#4624,#4625,#4626,#4627));
#1191=EDGE_LOOP('',(#4628,#4629,#4630,#4631));
#1192=EDGE_LOOP('',(#4632,#4633,#4634,#4635));
#1193=EDGE_LOOP('',(#4636,#4637,#4638,#4639));
#1194=EDGE_LOOP('',(#4640,#4641,#4642,#4643));
#1195=EDGE_LOOP('',(#4644,#4645,#4646,#4647,#4648,#4649,#4650,#4651,#4652,
#4653,#4654,#4655));
#1196=EDGE_LOOP('',(#4656,#4657,#4658,#4659));
#1197=EDGE_LOOP('',(#4660,#4661,#4662,#4663));
#1198=EDGE_LOOP('',(#4664,#4665,#4666,#4667));
#1199=EDGE_LOOP('',(#4668,#4669,#4670,#4671));
#1200=EDGE_LOOP('',(#4672,#4673,#4674,#4675));
#1201=EDGE_LOOP('',(#4676,#4677,#4678,#4679));
#1202=EDGE_LOOP('',(#4680,#4681,#4682,#4683));
#1203=EDGE_LOOP('',(#4684,#4685,#4686,#4687));
#1204=EDGE_LOOP('',(#4688,#4689,#4690,#4691));
#1205=EDGE_LOOP('',(#4692,#4693,#4694,#4695));
#1206=EDGE_LOOP('',(#4696,#4697,#4698,#4699));
#1207=EDGE_LOOP('',(#4700,#4701,#4702,#4703));
#1208=EDGE_LOOP('',(#4704,#4705,#4706,#4707));
#1209=EDGE_LOOP('',(#4708,#4709,#4710,#4711));
#1210=EDGE_LOOP('',(#4712,#4713,#4714,#4715));
#1211=EDGE_LOOP('',(#4716,#4717,#4718,#4719));
#1212=EDGE_LOOP('',(#4720,#4721,#4722,#4723));
#1213=EDGE_LOOP('',(#4724,#4725,#4726,#4727));
#1214=EDGE_LOOP('',(#4728,#4729,#4730,#4731));
#1215=EDGE_LOOP('',(#4732,#4733,#4734,#4735,#4736,#4737,#4738,#4739,#4740,
#4741,#4742,#4743,#4744,#4745,#4746,#4747,#4748,#4749,#4750));
#1216=EDGE_LOOP('',(#4751,#4752,#4753,#4754));
#1217=EDGE_LOOP('',(#4755,#4756,#4757,#4758));
#1218=EDGE_LOOP('',(#4759,#4760,#4761,#4762));
#1219=EDGE_LOOP('',(#4763,#4764,#4765,#4766));
#1220=EDGE_LOOP('',(#4767,#4768,#4769,#4770));
#1221=EDGE_LOOP('',(#4771,#4772,#4773,#4774));
#1222=EDGE_LOOP('',(#4775,#4776,#4777,#4778));
#1223=EDGE_LOOP('',(#4779,#4780,#4781,#4782));
#1224=EDGE_LOOP('',(#4783,#4784,#4785,#4786));
#1225=EDGE_LOOP('',(#4787,#4788,#4789,#4790));
#1226=EDGE_LOOP('',(#4791,#4792,#4793,#4794));
#1227=EDGE_LOOP('',(#4795,#4796,#4797,#4798));
#1228=EDGE_LOOP('',(#4799,#4800,#4801,#4802));
#1229=EDGE_LOOP('',(#4803,#4804,#4805,#4806));
#1230=EDGE_LOOP('',(#4807,#4808,#4809,#4810));
#1231=EDGE_LOOP('',(#4811,#4812,#4813,#4814));
#1232=EDGE_LOOP('',(#4815,#4816,#4817,#4818));
#1233=EDGE_LOOP('',(#4819,#4820,#4821,#4822));
#1234=EDGE_LOOP('',(#4823,#4824,#4825,#4826));
#1235=EDGE_LOOP('',(#4827,#4828,#4829,#4830));
#1236=EDGE_LOOP('',(#4831,#4832,#4833,#4834));
#1237=EDGE_LOOP('',(#4835,#4836,#4837,#4838));
#1238=EDGE_LOOP('',(#4839,#4840,#4841,#4842));
#1239=EDGE_LOOP('',(#4843,#4844,#4845,#4846,#4847,#4848,#4849,#4850,#4851,
#4852,#4853,#4854,#4855,#4856,#4857));
#1240=EDGE_LOOP('',(#4858,#4859,#4860,#4861,#4862,#4863,#4864,#4865));
#1241=EDGE_LOOP('',(#4866,#4867,#4868,#4869));
#1242=EDGE_LOOP('',(#4870,#4871,#4872,#4873));
#1243=EDGE_LOOP('',(#4874,#4875,#4876,#4877));
#1244=EDGE_LOOP('',(#4878,#4879,#4880,#4881));
#1245=EDGE_LOOP('',(#4882,#4883,#4884,#4885));
#1246=EDGE_LOOP('',(#4886,#4887,#4888,#4889));
#1247=EDGE_LOOP('',(#4890,#4891,#4892,#4893));
#1248=EDGE_LOOP('',(#4894,#4895,#4896,#4897));
#1249=EDGE_LOOP('',(#4898,#4899,#4900,#4901));
#1250=EDGE_LOOP('',(#4902,#4903,#4904,#4905));
#1251=EDGE_LOOP('',(#4906,#4907,#4908,#4909));
#1252=EDGE_LOOP('',(#4910,#4911,#4912,#4913));
#1253=EDGE_LOOP('',(#4914,#4915,#4916,#4917));
#1254=EDGE_LOOP('',(#4918,#4919,#4920,#4921));
#1255=EDGE_LOOP('',(#4922,#4923,#4924,#4925));
#1256=EDGE_LOOP('',(#4926,#4927,#4928,#4929));
#1257=EDGE_LOOP('',(#4930,#4931,#4932,#4933));
#1258=EDGE_LOOP('',(#4934,#4935,#4936,#4937));
#1259=EDGE_LOOP('',(#4938,#4939,#4940,#4941));
#1260=EDGE_LOOP('',(#4942,#4943,#4944,#4945));
#1261=EDGE_LOOP('',(#4946,#4947,#4948,#4949));
#1262=EDGE_LOOP('',(#4950,#4951,#4952,#4953));
#1263=EDGE_LOOP('',(#4954,#4955,#4956,#4957));
#1264=EDGE_LOOP('',(#4958,#4959,#4960,#4961));
#1265=EDGE_LOOP('',(#4962,#4963,#4964,#4965));
#1266=EDGE_LOOP('',(#4966,#4967,#4968,#4969));
#1267=EDGE_LOOP('',(#4970,#4971,#4972,#4973));
#1268=EDGE_LOOP('',(#4974,#4975,#4976,#4977));
#1269=EDGE_LOOP('',(#4978,#4979,#4980,#4981));
#1270=EDGE_LOOP('',(#4982,#4983,#4984,#4985));
#1271=EDGE_LOOP('',(#4986,#4987,#4988,#4989));
#1272=EDGE_LOOP('',(#4990,#4991,#4992,#4993));
#1273=EDGE_LOOP('',(#4994,#4995,#4996,#4997));
#1274=EDGE_LOOP('',(#4998,#4999,#5000,#5001));
#1275=EDGE_LOOP('',(#5002,#5003,#5004,#5005));
#1276=EDGE_LOOP('',(#5006,#5007,#5008,#5009));
#1277=EDGE_LOOP('',(#5010,#5011,#5012,#5013));
#1278=EDGE_LOOP('',(#5014,#5015,#5016,#5017,#5018,#5019,#5020,#5021,#5022,
#5023,#5024,#5025,#5026,#5027,#5028,#5029,#5030,#5031,#5032,#5033,#5034,
#5035,#5036,#5037,#5038,#5039,#5040));
#1279=EDGE_LOOP('',(#5041,#5042,#5043,#5044,#5045,#5046,#5047,#5048,#5049,
#5050));
#1280=EDGE_LOOP('',(#5051,#5052,#5053,#5054));
#1281=EDGE_LOOP('',(#5055,#5056,#5057,#5058));
#1282=EDGE_LOOP('',(#5059,#5060,#5061,#5062));
#1283=EDGE_LOOP('',(#5063,#5064,#5065,#5066));
#1284=EDGE_LOOP('',(#5067,#5068,#5069,#5070));
#1285=EDGE_LOOP('',(#5071,#5072,#5073,#5074));
#1286=EDGE_LOOP('',(#5075,#5076,#5077,#5078));
#1287=EDGE_LOOP('',(#5079,#5080,#5081,#5082));
#1288=EDGE_LOOP('',(#5083,#5084,#5085,#5086));
#1289=EDGE_LOOP('',(#5087,#5088,#5089,#5090));
#1290=EDGE_LOOP('',(#5091,#5092,#5093,#5094));
#1291=EDGE_LOOP('',(#5095,#5096,#5097,#5098));
#1292=EDGE_LOOP('',(#5099,#5100,#5101,#5102,#5103,#5104,#5105,#5106,#5107,
#5108,#5109,#5110));
#1293=EDGE_LOOP('',(#5111,#5112,#5113,#5114));
#1294=EDGE_LOOP('',(#5115,#5116,#5117,#5118));
#1295=EDGE_LOOP('',(#5119,#5120,#5121,#5122));
#1296=EDGE_LOOP('',(#5123,#5124,#5125,#5126));
#1297=EDGE_LOOP('',(#5127,#5128,#5129,#5130));
#1298=EDGE_LOOP('',(#5131,#5132,#5133,#5134));
#1299=EDGE_LOOP('',(#5135,#5136,#5137,#5138));
#1300=EDGE_LOOP('',(#5139,#5140,#5141,#5142));
#1301=EDGE_LOOP('',(#5143,#5144,#5145,#5146));
#1302=EDGE_LOOP('',(#5147,#5148,#5149,#5150));
#1303=EDGE_LOOP('',(#5151,#5152,#5153,#5154));
#1304=EDGE_LOOP('',(#5155,#5156,#5157,#5158));
#1305=EDGE_LOOP('',(#5159,#5160,#5161,#5162));
#1306=EDGE_LOOP('',(#5163,#5164,#5165,#5166));
#1307=EDGE_LOOP('',(#5167,#5168,#5169,#5170));
#1308=EDGE_LOOP('',(#5171,#5172,#5173,#5174));
#1309=EDGE_LOOP('',(#5175,#5176,#5177,#5178));
#1310=EDGE_LOOP('',(#5179,#5180,#5181,#5182));
#1311=EDGE_LOOP('',(#5183,#5184,#5185,#5186));
#1312=EDGE_LOOP('',(#5187,#5188,#5189,#5190));
#1313=EDGE_LOOP('',(#5191,#5192,#5193,#5194));
#1314=EDGE_LOOP('',(#5195,#5196,#5197,#5198));
#1315=EDGE_LOOP('',(#5199,#5200,#5201,#5202));
#1316=EDGE_LOOP('',(#5203,#5204,#5205,#5206));
#1317=EDGE_LOOP('',(#5207,#5208,#5209,#5210));
#1318=EDGE_LOOP('',(#5211,#5212,#5213,#5214));
#1319=EDGE_LOOP('',(#5215,#5216,#5217,#5218));
#1320=EDGE_LOOP('',(#5219,#5220,#5221,#5222));
#1321=EDGE_LOOP('',(#5223,#5224,#5225,#5226));
#1322=EDGE_LOOP('',(#5227,#5228,#5229,#5230));
#1323=EDGE_LOOP('',(#5231,#5232,#5233,#5234));
#1324=EDGE_LOOP('',(#5235,#5236,#5237,#5238));
#1325=EDGE_LOOP('',(#5239,#5240,#5241,#5242));
#1326=EDGE_LOOP('',(#5243,#5244,#5245,#5246));
#1327=EDGE_LOOP('',(#5247,#5248,#5249,#5250));
#1328=EDGE_LOOP('',(#5251,#5252,#5253,#5254));
#1329=EDGE_LOOP('',(#5255,#5256,#5257,#5258));
#1330=EDGE_LOOP('',(#5259,#5260,#5261,#5262,#5263,#5264,#5265,#5266,#5267,
#5268,#5269,#5270,#5271,#5272,#5273,#5274,#5275,#5276,#5277,#5278,#5279,
#5280,#5281,#5282,#5283,#5284,#5285));
#1331=EDGE_LOOP('',(#5286,#5287,#5288,#5289,#5290,#5291,#5292,#5293,#5294,
#5295));
#1332=EDGE_LOOP('',(#5296,#5297,#5298,#5299));
#1333=EDGE_LOOP('',(#5300,#5301,#5302,#5303));
#1334=EDGE_LOOP('',(#5304,#5305,#5306,#5307));
#1335=EDGE_LOOP('',(#5308,#5309,#5310,#5311));
#1336=EDGE_LOOP('',(#5312,#5313,#5314,#5315));
#1337=EDGE_LOOP('',(#5316,#5317,#5318,#5319));
#1338=EDGE_LOOP('',(#5320,#5321,#5322,#5323));
#1339=EDGE_LOOP('',(#5324,#5325,#5326,#5327));
#1340=EDGE_LOOP('',(#5328,#5329,#5330,#5331));
#1341=EDGE_LOOP('',(#5332,#5333,#5334,#5335));
#1342=EDGE_LOOP('',(#5336,#5337,#5338,#5339));
#1343=EDGE_LOOP('',(#5340,#5341,#5342,#5343));
#1344=EDGE_LOOP('',(#5344,#5345,#5346,#5347));
#1345=EDGE_LOOP('',(#5348,#5349,#5350,#5351));
#1346=EDGE_LOOP('',(#5352,#5353,#5354,#5355));
#1347=EDGE_LOOP('',(#5356,#5357,#5358,#5359));
#1348=EDGE_LOOP('',(#5360,#5361,#5362,#5363));
#1349=EDGE_LOOP('',(#5364,#5365,#5366,#5367));
#1350=EDGE_LOOP('',(#5368,#5369,#5370,#5371));
#1351=EDGE_LOOP('',(#5372,#5373,#5374,#5375));
#1352=EDGE_LOOP('',(#5376,#5377,#5378,#5379));
#1353=EDGE_LOOP('',(#5380,#5381,#5382,#5383));
#1354=EDGE_LOOP('',(#5384,#5385,#5386,#5387));
#1355=EDGE_LOOP('',(#5388,#5389,#5390,#5391));
#1356=EDGE_LOOP('',(#5392,#5393,#5394,#5395));
#1357=EDGE_LOOP('',(#5396,#5397,#5398,#5399));
#1358=EDGE_LOOP('',(#5400,#5401,#5402,#5403));
#1359=EDGE_LOOP('',(#5404,#5405,#5406,#5407));
#1360=EDGE_LOOP('',(#5408,#5409,#5410,#5411));
#1361=EDGE_LOOP('',(#5412,#5413,#5414,#5415));
#1362=EDGE_LOOP('',(#5416,#5417,#5418,#5419));
#1363=EDGE_LOOP('',(#5420,#5421,#5422,#5423));
#1364=EDGE_LOOP('',(#5424,#5425,#5426,#5427));
#1365=EDGE_LOOP('',(#5428,#5429,#5430,#5431,#5432,#5433,#5434,#5435,#5436,
#5437,#5438,#5439,#5440,#5441,#5442,#5443,#5444,#5445,#5446,#5447,#5448,
#5449,#5450,#5451,#5452,#5453,#5454,#5455,#5456,#5457,#5458,#5459,#5460));
#1366=EDGE_LOOP('',(#5461,#5462,#5463,#5464));
#1367=EDGE_LOOP('',(#5465,#5466,#5467,#5468));
#1368=EDGE_LOOP('',(#5469,#5470,#5471,#5472));
#1369=EDGE_LOOP('',(#5473,#5474,#5475,#5476));
#1370=EDGE_LOOP('',(#5477,#5478,#5479,#5480));
#1371=EDGE_LOOP('',(#5481,#5482,#5483,#5484));
#1372=EDGE_LOOP('',(#5485,#5486,#5487,#5488));
#1373=EDGE_LOOP('',(#5489,#5490,#5491,#5492));
#1374=EDGE_LOOP('',(#5493,#5494,#5495,#5496));
#1375=EDGE_LOOP('',(#5497,#5498,#5499,#5500));
#1376=EDGE_LOOP('',(#5501,#5502,#5503,#5504));
#1377=EDGE_LOOP('',(#5505,#5506,#5507,#5508));
#1378=EDGE_LOOP('',(#5509,#5510,#5511,#5512));
#1379=EDGE_LOOP('',(#5513,#5514,#5515,#5516));
#1380=EDGE_LOOP('',(#5517,#5518,#5519,#5520));
#1381=EDGE_LOOP('',(#5521,#5522,#5523,#5524));
#1382=EDGE_LOOP('',(#5525,#5526,#5527,#5528));
#1383=EDGE_LOOP('',(#5529,#5530,#5531,#5532));
#1384=EDGE_LOOP('',(#5533,#5534,#5535,#5536));
#1385=EDGE_LOOP('',(#5537,#5538,#5539,#5540));
#1386=EDGE_LOOP('',(#5541,#5542,#5543,#5544,#5545,#5546,#5547,#5548,#5549,
#5550,#5551,#5552,#5553,#5554,#5555,#5556,#5557,#5558,#5559,#5560));
#1387=EDGE_LOOP('',(#5561,#5562,#5563,#5564));
#1388=EDGE_LOOP('',(#5565,#5566,#5567,#5568));
#1389=EDGE_LOOP('',(#5569,#5570,#5571,#5572));
#1390=EDGE_LOOP('',(#5573,#5574,#5575,#5576));
#1391=EDGE_LOOP('',(#5577,#5578,#5579,#5580));
#1392=EDGE_LOOP('',(#5581,#5582,#5583,#5584));
#1393=EDGE_LOOP('',(#5585,#5586,#5587,#5588));
#1394=EDGE_LOOP('',(#5589,#5590,#5591,#5592));
#1395=EDGE_LOOP('',(#5593,#5594,#5595,#5596));
#1396=EDGE_LOOP('',(#5597,#5598,#5599,#5600));
#1397=EDGE_LOOP('',(#5601,#5602,#5603,#5604));
#1398=EDGE_LOOP('',(#5605,#5606,#5607,#5608));
#1399=EDGE_LOOP('',(#5609,#5610,#5611,#5612));
#1400=EDGE_LOOP('',(#5613,#5614,#5615,#5616));
#1401=EDGE_LOOP('',(#5617,#5618,#5619,#5620));
#1402=EDGE_LOOP('',(#5621,#5622,#5623,#5624));
#1403=EDGE_LOOP('',(#5625,#5626,#5627,#5628));
#1404=EDGE_LOOP('',(#5629,#5630,#5631,#5632));
#1405=EDGE_LOOP('',(#5633,#5634,#5635,#5636));
#1406=EDGE_LOOP('',(#5637,#5638,#5639,#5640));
#1407=EDGE_LOOP('',(#5641,#5642,#5643,#5644));
#1408=EDGE_LOOP('',(#5645,#5646,#5647,#5648));
#1409=EDGE_LOOP('',(#5649,#5650,#5651,#5652));
#1410=EDGE_LOOP('',(#5653,#5654,#5655,#5656));
#1411=EDGE_LOOP('',(#5657,#5658,#5659,#5660));
#1412=EDGE_LOOP('',(#5661,#5662,#5663,#5664));
#1413=EDGE_LOOP('',(#5665,#5666,#5667,#5668));
#1414=EDGE_LOOP('',(#5669,#5670,#5671,#5672));
#1415=EDGE_LOOP('',(#5673,#5674,#5675,#5676));
#1416=EDGE_LOOP('',(#5677,#5678,#5679,#5680,#5681,#5682,#5683,#5684,#5685,
#5686,#5687,#5688,#5689,#5690,#5691,#5692,#5693,#5694,#5695,#5696,#5697));
#1417=EDGE_LOOP('',(#5698,#5699,#5700,#5701,#5702,#5703,#5704,#5705));
#1418=EDGE_LOOP('',(#5706,#5707,#5708,#5709));
#1419=EDGE_LOOP('',(#5710,#5711,#5712,#5713));
#1420=EDGE_LOOP('',(#5714,#5715,#5716,#5717));
#1421=EDGE_LOOP('',(#5718,#5719,#5720,#5721));
#1422=EDGE_LOOP('',(#5722,#5723,#5724,#5725));
#1423=EDGE_LOOP('',(#5726,#5727,#5728,#5729));
#1424=EDGE_LOOP('',(#5730,#5731,#5732,#5733));
#1425=EDGE_LOOP('',(#5734,#5735,#5736,#5737));
#1426=EDGE_LOOP('',(#5738,#5739,#5740,#5741));
#1427=EDGE_LOOP('',(#5742,#5743,#5744,#5745));
#1428=EDGE_LOOP('',(#5746,#5747,#5748,#5749));
#1429=EDGE_LOOP('',(#5750,#5751,#5752,#5753));
#1430=EDGE_LOOP('',(#5754,#5755,#5756,#5757));
#1431=EDGE_LOOP('',(#5758,#5759,#5760,#5761));
#1432=EDGE_LOOP('',(#5762,#5763,#5764,#5765));
#1433=EDGE_LOOP('',(#5766,#5767,#5768,#5769));
#1434=EDGE_LOOP('',(#5770,#5771,#5772,#5773));
#1435=EDGE_LOOP('',(#5774,#5775,#5776,#5777));
#1436=EDGE_LOOP('',(#5778,#5779,#5780,#5781));
#1437=EDGE_LOOP('',(#5782,#5783,#5784,#5785));
#1438=EDGE_LOOP('',(#5786,#5787,#5788,#5789));
#1439=EDGE_LOOP('',(#5790,#5791,#5792,#5793));
#1440=EDGE_LOOP('',(#5794,#5795,#5796,#5797));
#1441=EDGE_LOOP('',(#5798,#5799,#5800,#5801));
#1442=EDGE_LOOP('',(#5802,#5803,#5804,#5805));
#1443=EDGE_LOOP('',(#5806,#5807,#5808,#5809));
#1444=EDGE_LOOP('',(#5810,#5811,#5812,#5813));
#1445=EDGE_LOOP('',(#5814,#5815,#5816,#5817));
#1446=EDGE_LOOP('',(#5818,#5819,#5820,#5821));
#1447=EDGE_LOOP('',(#5822,#5823,#5824,#5825));
#1448=EDGE_LOOP('',(#5826,#5827,#5828,#5829));
#1449=EDGE_LOOP('',(#5830,#5831,#5832,#5833));
#1450=EDGE_LOOP('',(#5834,#5835,#5836,#5837));
#1451=EDGE_LOOP('',(#5838,#5839,#5840,#5841));
#1452=EDGE_LOOP('',(#5842,#5843,#5844,#5845));
#1453=EDGE_LOOP('',(#5846,#5847,#5848,#5849));
#1454=EDGE_LOOP('',(#5850,#5851,#5852,#5853));
#1455=EDGE_LOOP('',(#5854,#5855,#5856,#5857));
#1456=EDGE_LOOP('',(#5858,#5859,#5860,#5861,#5862,#5863,#5864,#5865,#5866,
#5867,#5868,#5869,#5870,#5871));
#1457=EDGE_LOOP('',(#5872,#5873,#5874,#5875,#5876,#5877,#5878,#5879,#5880,
#5881));
#1458=EDGE_LOOP('',(#5882,#5883,#5884,#5885,#5886,#5887,#5888,#5889,#5890));
#1459=EDGE_LOOP('',(#5891,#5892,#5893,#5894,#5895,#5896,#5897,#5898));
#1460=EDGE_LOOP('',(#5899));
#1461=EDGE_LOOP('',(#5900));
#1462=EDGE_LOOP('',(#5901));
#1463=EDGE_LOOP('',(#5902));
#1464=EDGE_LOOP('',(#5903,#5904,#5905,#5906,#5907,#5908,#5909,#5910,#5911,
#5912,#5913,#5914,#5915,#5916));
#1465=EDGE_LOOP('',(#5917,#5918,#5919,#5920));
#1466=EDGE_LOOP('',(#5921,#5922,#5923,#5924,#5925,#5926,#5927,#5928,#5929,
#5930,#5931,#5932,#5933,#5934,#5935,#5936,#5937,#5938,#5939,#5940,#5941));
#1467=EDGE_LOOP('',(#5942,#5943,#5944,#5945,#5946,#5947,#5948,#5949,#5950,
#5951,#5952,#5953,#5954,#5955,#5956,#5957,#5958,#5959,#5960,#5961));
#1468=EDGE_LOOP('',(#5962,#5963,#5964,#5965,#5966,#5967,#5968,#5969,#5970,
#5971,#5972,#5973,#5974,#5975,#5976,#5977,#5978,#5979,#5980,#5981,#5982,
#5983,#5984,#5985,#5986,#5987,#5988,#5989,#5990,#5991,#5992,#5993,#5994));
#1469=EDGE_LOOP('',(#5995,#5996,#5997,#5998,#5999,#6000,#6001,#6002,#6003,
#6004,#6005,#6006,#6007,#6008,#6009,#6010,#6011,#6012,#6013,#6014,#6015,
#6016,#6017,#6018,#6019,#6020,#6021));
#1470=EDGE_LOOP('',(#6022,#6023,#6024,#6025,#6026,#6027,#6028,#6029,#6030,
#6031,#6032,#6033));
#1471=EDGE_LOOP('',(#6034,#6035,#6036,#6037,#6038,#6039,#6040,#6041,#6042,
#6043,#6044,#6045,#6046,#6047,#6048,#6049,#6050,#6051,#6052,#6053,#6054,
#6055,#6056,#6057,#6058,#6059,#6060));
#1472=EDGE_LOOP('',(#6061,#6062,#6063,#6064,#6065,#6066,#6067,#6068,#6069,
#6070,#6071,#6072,#6073,#6074,#6075));
#1473=EDGE_LOOP('',(#6076,#6077,#6078,#6079,#6080,#6081,#6082,#6083,#6084,
#6085,#6086,#6087,#6088,#6089,#6090,#6091,#6092,#6093,#6094));
#1474=EDGE_LOOP('',(#6095,#6096,#6097,#6098,#6099,#6100,#6101,#6102,#6103,
#6104,#6105,#6106));
#1475=EDGE_LOOP('',(#6107,#6108,#6109,#6110,#6111,#6112,#6113,#6114,#6115,
#6116,#6117,#6118,#6119,#6120));
#1476=EDGE_LOOP('',(#6121,#6122,#6123,#6124,#6125,#6126,#6127,#6128,#6129,
#6130,#6131,#6132,#6133,#6134,#6135,#6136,#6137));
#1477=EDGE_LOOP('',(#6138,#6139,#6140,#6141));
#1478=EDGE_LOOP('',(#6142,#6143,#6144,#6145,#6146,#6147,#6148,#6149,#6150,
#6151,#6152,#6153,#6154));
#1479=EDGE_LOOP('',(#6155,#6156,#6157,#6158,#6159,#6160,#6161,#6162,#6163,
#6164));
#1480=EDGE_LOOP('',(#6165,#6166,#6167,#6168,#6169,#6170,#6171,#6172,#6173));
#1481=EDGE_LOOP('',(#6174,#6175,#6176,#6177,#6178,#6179,#6180,#6181));
#1482=EDGE_LOOP('',(#6182,#6183,#6184,#6185,#6186,#6187,#6188,#6189,#6190,
#6191));
#1483=EDGE_LOOP('',(#6192,#6193,#6194,#6195,#6196,#6197,#6198,#6199,#6200,
#6201));
#1484=EDGE_LOOP('',(#6202,#6203,#6204,#6205,#6206,#6207,#6208,#6209));
#1485=EDGE_LOOP('',(#6210,#6211,#6212,#6213));
#1486=EDGE_LOOP('',(#6214,#6215,#6216,#6217,#6218,#6219,#6220,#6221,#6222,
#6223,#6224,#6225,#6226,#6227,#6228,#6229));
#1487=EDGE_LOOP('',(#6230));
#1488=EDGE_LOOP('',(#6231));
#1489=EDGE_LOOP('',(#6232));
#1490=EDGE_LOOP('',(#6233));
#1491=EDGE_LOOP('',(#6234,#6235,#6236,#6237));
#1492=EDGE_LOOP('',(#6238,#6239,#6240,#6241));
#1493=EDGE_LOOP('',(#6242,#6243,#6244,#6245));
#1494=EDGE_LOOP('',(#6246,#6247,#6248,#6249,#6250,#6251,#6252,#6253));
#1495=EDGE_LOOP('',(#6254,#6255,#6256,#6257));
#1496=EDGE_LOOP('',(#6258,#6259,#6260,#6261));
#1497=EDGE_LOOP('',(#6262,#6263,#6264,#6265));
#1498=EDGE_LOOP('',(#6266,#6267,#6268,#6269));
#1499=EDGE_LOOP('',(#6270,#6271,#6272,#6273));
#1500=EDGE_LOOP('',(#6274,#6275,#6276,#6277));
#1501=EDGE_LOOP('',(#6278,#6279,#6280,#6281,#6282,#6283,#6284,#6285));
#1502=EDGE_LOOP('',(#6286,#6287,#6288,#6289));
#1503=EDGE_LOOP('',(#6290,#6291,#6292,#6293));
#1504=EDGE_LOOP('',(#6294,#6295,#6296,#6297));
#1505=EDGE_LOOP('',(#6298,#6299,#6300,#6301));
#1506=EDGE_LOOP('',(#6302,#6303,#6304,#6305));
#1507=EDGE_LOOP('',(#6306,#6307,#6308,#6309));
#1508=EDGE_LOOP('',(#6310,#6311,#6312,#6313));
#1509=EDGE_LOOP('',(#6314,#6315,#6316,#6317));
#1510=EDGE_LOOP('',(#6318,#6319,#6320,#6321,#6322,#6323,#6324,#6325));
#1511=EDGE_LOOP('',(#6326,#6327,#6328,#6329));
#1512=EDGE_LOOP('',(#6330));
#1513=EDGE_LOOP('',(#6331));
#1514=EDGE_LOOP('',(#6332,#6333,#6334,#6335));
#1515=EDGE_LOOP('',(#6336));
#1516=EDGE_LOOP('',(#6337));
#1517=EDGE_LOOP('',(#6338,#6339,#6340,#6341));
#1518=EDGE_LOOP('',(#6342));
#1519=EDGE_LOOP('',(#6343));
#1520=EDGE_LOOP('',(#6344,#6345,#6346,#6347));
#1521=EDGE_LOOP('',(#6348));
#1522=EDGE_LOOP('',(#6349));
#1523=LINE('',#7933,#2072);
#1524=LINE('',#7935,#2073);
#1525=LINE('',#7937,#2074);
#1526=LINE('',#7938,#2075);
#1527=LINE('',#7956,#2076);
#1528=LINE('',#7979,#2077);
#1529=LINE('',#8002,#2078);
#1530=LINE('',#8025,#2079);
#1531=LINE('',#8033,#2080);
#1532=LINE('',#8035,#2081);
#1533=LINE('',#8036,#2082);
#1534=LINE('',#8054,#2083);
#1535=LINE('',#8077,#2084);
#1536=LINE('',#8100,#2085);
#1537=LINE('',#8108,#2086);
#1538=LINE('',#8110,#2087);
#1539=LINE('',#8111,#2088);
#1540=LINE('',#8114,#2089);
#1541=LINE('',#8116,#2090);
#1542=LINE('',#8117,#2091);
#1543=LINE('',#8120,#2092);
#1544=LINE('',#8122,#2093);
#1545=LINE('',#8123,#2094);
#1546=LINE('',#8125,#2095);
#1547=LINE('',#8126,#2096);
#1548=LINE('',#8131,#2097);
#1549=LINE('',#8133,#2098);
#1550=LINE('',#8135,#2099);
#1551=LINE('',#8136,#2100);
#1552=LINE('',#8139,#2101);
#1553=LINE('',#8141,#2102);
#1554=LINE('',#8142,#2103);
#1555=LINE('',#8145,#2104);
#1556=LINE('',#8147,#2105);
#1557=LINE('',#8148,#2106);
#1558=LINE('',#8150,#2107);
#1559=LINE('',#8151,#2108);
#1560=LINE('',#8156,#2109);
#1561=LINE('',#8158,#2110);
#1562=LINE('',#8160,#2111);
#1563=LINE('',#8161,#2112);
#1564=LINE('',#8179,#2113);
#1565=LINE('',#8202,#2114);
#1566=LINE('',#8225,#2115);
#1567=LINE('',#8248,#2116);
#1568=LINE('',#8271,#2117);
#1569=LINE('',#8279,#2118);
#1570=LINE('',#8281,#2119);
#1571=LINE('',#8282,#2120);
#1572=LINE('',#8285,#2121);
#1573=LINE('',#8287,#2122);
#1574=LINE('',#8288,#2123);
#1575=LINE('',#8291,#2124);
#1576=LINE('',#8293,#2125);
#1577=LINE('',#8294,#2126);
#1578=LINE('',#8312,#2127);
#1579=LINE('',#8335,#2128);
#1580=LINE('',#8358,#2129);
#1581=LINE('',#8381,#2130);
#1582=LINE('',#8389,#2131);
#1583=LINE('',#8391,#2132);
#1584=LINE('',#8392,#2133);
#1585=LINE('',#8395,#2134);
#1586=LINE('',#8397,#2135);
#1587=LINE('',#8398,#2136);
#1588=LINE('',#8401,#2137);
#1589=LINE('',#8403,#2138);
#1590=LINE('',#8404,#2139);
#1591=LINE('',#8406,#2140);
#1592=LINE('',#8407,#2141);
#1593=LINE('',#8427,#2142);
#1594=LINE('',#8434,#2143);
#1595=LINE('',#8452,#2144);
#1596=LINE('',#8475,#2145);
#1597=LINE('',#8498,#2146);
#1598=LINE('',#8521,#2147);
#1599=LINE('',#8544,#2148);
#1600=LINE('',#8567,#2149);
#1601=LINE('',#8596,#2150);
#1602=LINE('',#8598,#2151);
#1603=LINE('',#8600,#2152);
#1604=LINE('',#8601,#2153);
#1605=LINE('',#8604,#2154);
#1606=LINE('',#8606,#2155);
#1607=LINE('',#8607,#2156);
#1608=LINE('',#8610,#2157);
#1609=LINE('',#8612,#2158);
#1610=LINE('',#8613,#2159);
#1611=LINE('',#8631,#2160);
#1612=LINE('',#8654,#2161);
#1613=LINE('',#8677,#2162);
#1614=LINE('',#8700,#2163);
#1615=LINE('',#8723,#2164);
#1616=LINE('',#8746,#2165);
#1617=LINE('',#8769,#2166);
#1618=LINE('',#8792,#2167);
#1619=LINE('',#8815,#2168);
#1620=LINE('',#8823,#2169);
#1621=LINE('',#8825,#2170);
#1622=LINE('',#8826,#2171);
#1623=LINE('',#8828,#2172);
#1624=LINE('',#8829,#2173);
#1625=LINE('',#8834,#2174);
#1626=LINE('',#8836,#2175);
#1627=LINE('',#8838,#2176);
#1628=LINE('',#8839,#2177);
#1629=LINE('',#8842,#2178);
#1630=LINE('',#8844,#2179);
#1631=LINE('',#8845,#2180);
#1632=LINE('',#8848,#2181);
#1633=LINE('',#8850,#2182);
#1634=LINE('',#8851,#2183);
#1635=LINE('',#8854,#2184);
#1636=LINE('',#8856,#2185);
#1637=LINE('',#8857,#2186);
#1638=LINE('',#8860,#2187);
#1639=LINE('',#8862,#2188);
#1640=LINE('',#8863,#2189);
#1641=LINE('',#8866,#2190);
#1642=LINE('',#8868,#2191);
#1643=LINE('',#8869,#2192);
#1644=LINE('',#8872,#2193);
#1645=LINE('',#8874,#2194);
#1646=LINE('',#8875,#2195);
#1647=LINE('',#8878,#2196);
#1648=LINE('',#8880,#2197);
#1649=LINE('',#8881,#2198);
#1650=LINE('',#8884,#2199);
#1651=LINE('',#8886,#2200);
#1652=LINE('',#8887,#2201);
#1653=LINE('',#8890,#2202);
#1654=LINE('',#8892,#2203);
#1655=LINE('',#8893,#2204);
#1656=LINE('',#8896,#2205);
#1657=LINE('',#8898,#2206);
#1658=LINE('',#8899,#2207);
#1659=LINE('',#8901,#2208);
#1660=LINE('',#8902,#2209);
#1661=LINE('',#8922,#2210);
#1662=LINE('',#8929,#2211);
#1663=LINE('',#8947,#2212);
#1664=LINE('',#8970,#2213);
#1665=LINE('',#8993,#2214);
#1666=LINE('',#9016,#2215);
#1667=LINE('',#9039,#2216);
#1668=LINE('',#9062,#2217);
#1669=LINE('',#9070,#2218);
#1670=LINE('',#9072,#2219);
#1671=LINE('',#9073,#2220);
#1672=LINE('',#9091,#2221);
#1673=LINE('',#9114,#2222);
#1674=LINE('',#9137,#2223);
#1675=LINE('',#9160,#2224);
#1676=LINE('',#9183,#2225);
#1677=LINE('',#9206,#2226);
#1678=LINE('',#9229,#2227);
#1679=LINE('',#9252,#2228);
#1680=LINE('',#9275,#2229);
#1681=LINE('',#9283,#2230);
#1682=LINE('',#9285,#2231);
#1683=LINE('',#9286,#2232);
#1684=LINE('',#9326,#2233);
#1685=LINE('',#9333,#2234);
#1686=LINE('',#9351,#2235);
#1687=LINE('',#9374,#2236);
#1688=LINE('',#9397,#2237);
#1689=LINE('',#9420,#2238);
#1690=LINE('',#9443,#2239);
#1691=LINE('',#9466,#2240);
#1692=LINE('',#9495,#2241);
#1693=LINE('',#9497,#2242);
#1694=LINE('',#9499,#2243);
#1695=LINE('',#9500,#2244);
#1696=LINE('',#9518,#2245);
#1697=LINE('',#9541,#2246);
#1698=LINE('',#9564,#2247);
#1699=LINE('',#9587,#2248);
#1700=LINE('',#9610,#2249);
#1701=LINE('',#9633,#2250);
#1702=LINE('',#9656,#2251);
#1703=LINE('',#9679,#2252);
#1704=LINE('',#9702,#2253);
#1705=LINE('',#9725,#2254);
#1706=LINE('',#9733,#2255);
#1707=LINE('',#9735,#2256);
#1708=LINE('',#9736,#2257);
#1709=LINE('',#9739,#2258);
#1710=LINE('',#9741,#2259);
#1711=LINE('',#9742,#2260);
#1712=LINE('',#9745,#2261);
#1713=LINE('',#9747,#2262);
#1714=LINE('',#9748,#2263);
#1715=LINE('',#9750,#2264);
#1716=LINE('',#9751,#2265);
#1717=LINE('',#9771,#2266);
#1718=LINE('',#9778,#2267);
#1719=LINE('',#9796,#2268);
#1720=LINE('',#9819,#2269);
#1721=LINE('',#9842,#2270);
#1722=LINE('',#9865,#2271);
#1723=LINE('',#9888,#2272);
#1724=LINE('',#9911,#2273);
#1725=LINE('',#9934,#2274);
#1726=LINE('',#9957,#2275);
#1727=LINE('',#9964,#2276);
#1728=LINE('',#9965,#2277);
#1729=LINE('',#9969,#2278);
#1730=LINE('',#9971,#2279);
#1731=LINE('',#9973,#2280);
#1732=LINE('',#9974,#2281);
#1733=LINE('',#9992,#2282);
#1734=LINE('',#10015,#2283);
#1735=LINE('',#10023,#2284);
#1736=LINE('',#10025,#2285);
#1737=LINE('',#10026,#2286);
#1738=LINE('',#10044,#2287);
#1739=LINE('',#10067,#2288);
#1740=LINE('',#10090,#2289);
#1741=LINE('',#10113,#2290);
#1742=LINE('',#10136,#2291);
#1743=LINE('',#10159,#2292);
#1744=LINE('',#10182,#2293);
#1745=LINE('',#10190,#2294);
#1746=LINE('',#10192,#2295);
#1747=LINE('',#10193,#2296);
#1748=LINE('',#10211,#2297);
#1749=LINE('',#10234,#2298);
#1750=LINE('',#10257,#2299);
#1751=LINE('',#10280,#2300);
#1752=LINE('',#10303,#2301);
#1753=LINE('',#10326,#2302);
#1754=LINE('',#10349,#2303);
#1755=LINE('',#10372,#2304);
#1756=LINE('',#10395,#2305);
#1757=LINE('',#10418,#2306);
#1758=LINE('',#10441,#2307);
#1759=LINE('',#10464,#2308);
#1760=LINE('',#10487,#2309);
#1761=LINE('',#10510,#2310);
#1762=LINE('',#10540,#2311);
#1763=LINE('',#10542,#2312);
#1764=LINE('',#10544,#2313);
#1765=LINE('',#10545,#2314);
#1766=LINE('',#10548,#2315);
#1767=LINE('',#10550,#2316);
#1768=LINE('',#10551,#2317);
#1769=LINE('',#10554,#2318);
#1770=LINE('',#10556,#2319);
#1771=LINE('',#10557,#2320);
#1772=LINE('',#10560,#2321);
#1773=LINE('',#10562,#2322);
#1774=LINE('',#10563,#2323);
#1775=LINE('',#10566,#2324);
#1776=LINE('',#10568,#2325);
#1777=LINE('',#10569,#2326);
#1778=LINE('',#10572,#2327);
#1779=LINE('',#10574,#2328);
#1780=LINE('',#10575,#2329);
#1781=LINE('',#10578,#2330);
#1782=LINE('',#10580,#2331);
#1783=LINE('',#10581,#2332);
#1784=LINE('',#10584,#2333);
#1785=LINE('',#10586,#2334);
#1786=LINE('',#10587,#2335);
#1787=LINE('',#10590,#2336);
#1788=LINE('',#10592,#2337);
#1789=LINE('',#10593,#2338);
#1790=LINE('',#10596,#2339);
#1791=LINE('',#10598,#2340);
#1792=LINE('',#10599,#2341);
#1793=LINE('',#10602,#2342);
#1794=LINE('',#10604,#2343);
#1795=LINE('',#10605,#2344);
#1796=LINE('',#10607,#2345);
#1797=LINE('',#10608,#2346);
#1798=LINE('',#10628,#2347);
#1799=LINE('',#10635,#2348);
#1800=LINE('',#10653,#2349);
#1801=LINE('',#10676,#2350);
#1802=LINE('',#10699,#2351);
#1803=LINE('',#10722,#2352);
#1804=LINE('',#10745,#2353);
#1805=LINE('',#10768,#2354);
#1806=LINE('',#10791,#2355);
#1807=LINE('',#10814,#2356);
#1808=LINE('',#10821,#2357);
#1809=LINE('',#10822,#2358);
#1810=LINE('',#10826,#2359);
#1811=LINE('',#10828,#2360);
#1812=LINE('',#10830,#2361);
#1813=LINE('',#10831,#2362);
#1814=LINE('',#10849,#2363);
#1815=LINE('',#10872,#2364);
#1816=LINE('',#10880,#2365);
#1817=LINE('',#10882,#2366);
#1818=LINE('',#10883,#2367);
#1819=LINE('',#10901,#2368);
#1820=LINE('',#10924,#2369);
#1821=LINE('',#10947,#2370);
#1822=LINE('',#10970,#2371);
#1823=LINE('',#10993,#2372);
#1824=LINE('',#11016,#2373);
#1825=LINE('',#11039,#2374);
#1826=LINE('',#11047,#2375);
#1827=LINE('',#11049,#2376);
#1828=LINE('',#11050,#2377);
#1829=LINE('',#11068,#2378);
#1830=LINE('',#11091,#2379);
#1831=LINE('',#11114,#2380);
#1832=LINE('',#11137,#2381);
#1833=LINE('',#11160,#2382);
#1834=LINE('',#11183,#2383);
#1835=LINE('',#11206,#2384);
#1836=LINE('',#11229,#2385);
#1837=LINE('',#11252,#2386);
#1838=LINE('',#11275,#2387);
#1839=LINE('',#11298,#2388);
#1840=LINE('',#11321,#2389);
#1841=LINE('',#11344,#2390);
#1842=LINE('',#11367,#2391);
#1843=LINE('',#11412,#2392);
#1844=LINE('',#11419,#2393);
#1845=LINE('',#11437,#2394);
#1846=LINE('',#11460,#2395);
#1847=LINE('',#11483,#2396);
#1848=LINE('',#11506,#2397);
#1849=LINE('',#11529,#2398);
#1850=LINE('',#11552,#2399);
#1851=LINE('',#11575,#2400);
#1852=LINE('',#11598,#2401);
#1853=LINE('',#11621,#2402);
#1854=LINE('',#11644,#2403);
#1855=LINE('',#11667,#2404);
#1856=LINE('',#11690,#2405);
#1857=LINE('',#11713,#2406);
#1858=LINE('',#11721,#2407);
#1859=LINE('',#11723,#2408);
#1860=LINE('',#11724,#2409);
#1861=LINE('',#11742,#2410);
#1862=LINE('',#11765,#2411);
#1863=LINE('',#11788,#2412);
#1864=LINE('',#11811,#2413);
#1865=LINE('',#11834,#2414);
#1866=LINE('',#11857,#2415);
#1867=LINE('',#11880,#2416);
#1868=LINE('',#11903,#2417);
#1869=LINE('',#11926,#2418);
#1870=LINE('',#11949,#2419);
#1871=LINE('',#11972,#2420);
#1872=LINE('',#11995,#2421);
#1873=LINE('',#12018,#2422);
#1874=LINE('',#12041,#2423);
#1875=LINE('',#12064,#2424);
#1876=LINE('',#12087,#2425);
#1877=LINE('',#12095,#2426);
#1878=LINE('',#12097,#2427);
#1879=LINE('',#12098,#2428);
#1880=LINE('',#12138,#2429);
#1881=LINE('',#12145,#2430);
#1882=LINE('',#12163,#2431);
#1883=LINE('',#12186,#2432);
#1884=LINE('',#12194,#2433);
#1885=LINE('',#12196,#2434);
#1886=LINE('',#12197,#2435);
#1887=LINE('',#12200,#2436);
#1888=LINE('',#12202,#2437);
#1889=LINE('',#12203,#2438);
#1890=LINE('',#12206,#2439);
#1891=LINE('',#12208,#2440);
#1892=LINE('',#12209,#2441);
#1893=LINE('',#12212,#2442);
#1894=LINE('',#12214,#2443);
#1895=LINE('',#12215,#2444);
#1896=LINE('',#12218,#2445);
#1897=LINE('',#12220,#2446);
#1898=LINE('',#12221,#2447);
#1899=LINE('',#12224,#2448);
#1900=LINE('',#12226,#2449);
#1901=LINE('',#12227,#2450);
#1902=LINE('',#12230,#2451);
#1903=LINE('',#12232,#2452);
#1904=LINE('',#12233,#2453);
#1905=LINE('',#12236,#2454);
#1906=LINE('',#12238,#2455);
#1907=LINE('',#12239,#2456);
#1908=LINE('',#12242,#2457);
#1909=LINE('',#12244,#2458);
#1910=LINE('',#12245,#2459);
#1911=LINE('',#12248,#2460);
#1912=LINE('',#12250,#2461);
#1913=LINE('',#12251,#2462);
#1914=LINE('',#12254,#2463);
#1915=LINE('',#12256,#2464);
#1916=LINE('',#12257,#2465);
#1917=LINE('',#12275,#2466);
#1918=LINE('',#12298,#2467);
#1919=LINE('',#12321,#2468);
#1920=LINE('',#12344,#2469);
#1921=LINE('',#12352,#2470);
#1922=LINE('',#12354,#2471);
#1923=LINE('',#12355,#2472);
#1924=LINE('',#12395,#2473);
#1925=LINE('',#12402,#2474);
#1926=LINE('',#12420,#2475);
#1927=LINE('',#12443,#2476);
#1928=LINE('',#12466,#2477);
#1929=LINE('',#12489,#2478);
#1930=LINE('',#12512,#2479);
#1931=LINE('',#12535,#2480);
#1932=LINE('',#12579,#2481);
#1933=LINE('',#12586,#2482);
#1934=LINE('',#12604,#2483);
#1935=LINE('',#12627,#2484);
#1936=LINE('',#12650,#2485);
#1937=LINE('',#12658,#2486);
#1938=LINE('',#12660,#2487);
#1939=LINE('',#12661,#2488);
#1940=LINE('',#12664,#2489);
#1941=LINE('',#12666,#2490);
#1942=LINE('',#12667,#2491);
#1943=LINE('',#12670,#2492);
#1944=LINE('',#12672,#2493);
#1945=LINE('',#12673,#2494);
#1946=LINE('',#12691,#2495);
#1947=LINE('',#12714,#2496);
#1948=LINE('',#12737,#2497);
#1949=LINE('',#12760,#2498);
#1950=LINE('',#12783,#2499);
#1951=LINE('',#12806,#2500);
#1952=LINE('',#12829,#2501);
#1953=LINE('',#12852,#2502);
#1954=LINE('',#12875,#2503);
#1955=LINE('',#12898,#2504);
#1956=LINE('',#12921,#2505);
#1957=LINE('',#12944,#2506);
#1958=LINE('',#12952,#2507);
#1959=LINE('',#12954,#2508);
#1960=LINE('',#12955,#2509);
#1961=LINE('',#12980,#2510);
#1962=LINE('',#12982,#2511);
#1963=LINE('',#12984,#2512);
#1964=LINE('',#12985,#2513);
#1965=LINE('',#12988,#2514);
#1966=LINE('',#12990,#2515);
#1967=LINE('',#12991,#2516);
#1968=LINE('',#12994,#2517);
#1969=LINE('',#12996,#2518);
#1970=LINE('',#12997,#2519);
#1971=LINE('',#12999,#2520);
#1972=LINE('',#13000,#2521);
#1973=LINE('',#13005,#2522);
#1974=LINE('',#13007,#2523);
#1975=LINE('',#13009,#2524);
#1976=LINE('',#13010,#2525);
#1977=LINE('',#13028,#2526);
#1978=LINE('',#13051,#2527);
#1979=LINE('',#13074,#2528);
#1980=LINE('',#13097,#2529);
#1981=LINE('',#13120,#2530);
#1982=LINE('',#13143,#2531);
#1983=LINE('',#13151,#2532);
#1984=LINE('',#13153,#2533);
#1985=LINE('',#13154,#2534);
#1986=LINE('',#13156,#2535);
#1987=LINE('',#13157,#2536);
#1988=LINE('',#13161,#2537);
#1989=LINE('',#13163,#2538);
#1990=LINE('',#13165,#2539);
#1991=LINE('',#13166,#2540);
#1992=LINE('',#13184,#2541);
#1993=LINE('',#13207,#2542);
#1994=LINE('',#13230,#2543);
#1995=LINE('',#13253,#2544);
#1996=LINE('',#13276,#2545);
#1997=LINE('',#13299,#2546);
#1998=LINE('',#13322,#2547);
#1999=LINE('',#13330,#2548);
#2000=LINE('',#13332,#2549);
#2001=LINE('',#13333,#2550);
#2002=LINE('',#13335,#2551);
#2003=LINE('',#13336,#2552);
#2004=LINE('',#13355,#2553);
#2005=LINE('',#13362,#2554);
#2006=LINE('',#13380,#2555);
#2007=LINE('',#13403,#2556);
#2008=LINE('',#13426,#2557);
#2009=LINE('',#13449,#2558);
#2010=LINE('',#13472,#2559);
#2011=LINE('',#13495,#2560);
#2012=LINE('',#13518,#2561);
#2013=LINE('',#13541,#2562);
#2014=LINE('',#13564,#2563);
#2015=LINE('',#13587,#2564);
#2016=LINE('',#13595,#2565);
#2017=LINE('',#13597,#2566);
#2018=LINE('',#13598,#2567);
#2019=LINE('',#13601,#2568);
#2020=LINE('',#13603,#2569);
#2021=LINE('',#13604,#2570);
#2022=LINE('',#13606,#2571);
#2023=LINE('',#13607,#2572);
#2024=LINE('',#13614,#2573);
#2025=LINE('',#13618,#2574);
#2026=LINE('',#13622,#2575);
#2027=LINE('',#13625,#2576);
#2028=LINE('',#13644,#2577);
#2029=LINE('',#13645,#2578);
#2030=LINE('',#13648,#2579);
#2031=LINE('',#13652,#2580);
#2032=LINE('',#13656,#2581);
#2033=LINE('',#13658,#2582);
#2034=LINE('',#13660,#2583);
#2035=LINE('',#13662,#2584);
#2036=LINE('',#13664,#2585);
#2037=LINE('',#13666,#2586);
#2038=LINE('',#13668,#2587);
#2039=LINE('',#13670,#2588);
#2040=LINE('',#13672,#2589);
#2041=LINE('',#13675,#2590);
#2042=LINE('',#13685,#2591);
#2043=LINE('',#13687,#2592);
#2044=LINE('',#13689,#2593);
#2045=LINE('',#13690,#2594);
#2046=LINE('',#13692,#2595);
#2047=LINE('',#13694,#2596);
#2048=LINE('',#13696,#2597);
#2049=LINE('',#13697,#2598);
#2050=LINE('',#13699,#2599);
#2051=LINE('',#13702,#2600);
#2052=LINE('',#13703,#2601);
#2053=LINE('',#13706,#2602);
#2054=LINE('',#13707,#2603);
#2055=LINE('',#13709,#2604);
#2056=LINE('',#13713,#2605);
#2057=LINE('',#13715,#2606);
#2058=LINE('',#13717,#2607);
#2059=LINE('',#13718,#2608);
#2060=LINE('',#13720,#2609);
#2061=LINE('',#13721,#2610);
#2062=LINE('',#13723,#2611);
#2063=LINE('',#13727,#2612);
#2064=LINE('',#13731,#2613);
#2065=LINE('',#13735,#2614);
#2066=LINE('',#13739,#2615);
#2067=LINE('',#13741,#2616);
#2068=LINE('',#13748,#2617);
#2069=LINE('',#13753,#2618);
#2070=LINE('',#13758,#2619);
#2071=LINE('',#13763,#2620);
#2072=VECTOR('',#7041,10.);
#2073=VECTOR('',#7042,10.);
#2074=VECTOR('',#7043,10.);
#2075=VECTOR('',#7044,10.);
#2076=VECTOR('',#7045,10.);
#2077=VECTOR('',#7046,10.);
#2078=VECTOR('',#7047,10.);
#2079=VECTOR('',#7048,10.);
#2080=VECTOR('',#7051,10.);
#2081=VECTOR('',#7052,10.);
#2082=VECTOR('',#7053,10.);
#2083=VECTOR('',#7054,10.);
#2084=VECTOR('',#7055,10.);
#2085=VECTOR('',#7056,10.);
#2086=VECTOR('',#7059,10.);
#2087=VECTOR('',#7060,10.);
#2088=VECTOR('',#7061,10.);
#2089=VECTOR('',#7064,10.);
#2090=VECTOR('',#7065,10.);
#2091=VECTOR('',#7066,10.);
#2092=VECTOR('',#7069,10.);
#2093=VECTOR('',#7070,10.);
#2094=VECTOR('',#7071,10.);
#2095=VECTOR('',#7074,10.);
#2096=VECTOR('',#7075,10.);
#2097=VECTOR('',#7080,10.);
#2098=VECTOR('',#7081,10.);
#2099=VECTOR('',#7082,10.);
#2100=VECTOR('',#7083,10.);
#2101=VECTOR('',#7086,10.);
#2102=VECTOR('',#7087,10.);
#2103=VECTOR('',#7088,10.);
#2104=VECTOR('',#7091,10.);
#2105=VECTOR('',#7092,10.);
#2106=VECTOR('',#7093,10.);
#2107=VECTOR('',#7096,10.);
#2108=VECTOR('',#7097,10.);
#2109=VECTOR('',#7102,10.);
#2110=VECTOR('',#7103,10.);
#2111=VECTOR('',#7104,10.);
#2112=VECTOR('',#7105,10.);
#2113=VECTOR('',#7106,10.);
#2114=VECTOR('',#7107,10.);
#2115=VECTOR('',#7108,10.);
#2116=VECTOR('',#7109,10.);
#2117=VECTOR('',#7110,10.);
#2118=VECTOR('',#7113,10.);
#2119=VECTOR('',#7114,10.);
#2120=VECTOR('',#7115,10.);
#2121=VECTOR('',#7118,10.);
#2122=VECTOR('',#7119,10.);
#2123=VECTOR('',#7120,10.);
#2124=VECTOR('',#7123,10.);
#2125=VECTOR('',#7124,10.);
#2126=VECTOR('',#7125,10.);
#2127=VECTOR('',#7126,10.);
#2128=VECTOR('',#7127,10.);
#2129=VECTOR('',#7128,10.);
#2130=VECTOR('',#7129,10.);
#2131=VECTOR('',#7132,10.);
#2132=VECTOR('',#7133,10.);
#2133=VECTOR('',#7134,10.);
#2134=VECTOR('',#7137,10.);
#2135=VECTOR('',#7138,10.);
#2136=VECTOR('',#7139,10.);
#2137=VECTOR('',#7142,10.);
#2138=VECTOR('',#7143,10.);
#2139=VECTOR('',#7144,10.);
#2140=VECTOR('',#7147,10.);
#2141=VECTOR('',#7148,10.);
#2142=VECTOR('',#7151,10.);
#2143=VECTOR('',#7152,10.);
#2144=VECTOR('',#7153,10.);
#2145=VECTOR('',#7154,10.);
#2146=VECTOR('',#7155,10.);
#2147=VECTOR('',#7156,10.);
#2148=VECTOR('',#7157,10.);
#2149=VECTOR('',#7158,10.);
#2150=VECTOR('',#7161,10.);
#2151=VECTOR('',#7162,10.);
#2152=VECTOR('',#7163,10.);
#2153=VECTOR('',#7164,10.);
#2154=VECTOR('',#7167,10.);
#2155=VECTOR('',#7168,10.);
#2156=VECTOR('',#7169,10.);
#2157=VECTOR('',#7172,10.);
#2158=VECTOR('',#7173,10.);
#2159=VECTOR('',#7174,10.);
#2160=VECTOR('',#7175,10.);
#2161=VECTOR('',#7176,10.);
#2162=VECTOR('',#7177,10.);
#2163=VECTOR('',#7178,10.);
#2164=VECTOR('',#7179,10.);
#2165=VECTOR('',#7180,10.);
#2166=VECTOR('',#7181,10.);
#2167=VECTOR('',#7182,10.);
#2168=VECTOR('',#7183,10.);
#2169=VECTOR('',#7186,10.);
#2170=VECTOR('',#7187,10.);
#2171=VECTOR('',#7188,10.);
#2172=VECTOR('',#7191,10.);
#2173=VECTOR('',#7192,10.);
#2174=VECTOR('',#7197,10.);
#2175=VECTOR('',#7198,10.);
#2176=VECTOR('',#7199,10.);
#2177=VECTOR('',#7200,10.);
#2178=VECTOR('',#7203,10.);
#2179=VECTOR('',#7204,10.);
#2180=VECTOR('',#7205,10.);
#2181=VECTOR('',#7208,10.);
#2182=VECTOR('',#7209,10.);
#2183=VECTOR('',#7210,10.);
#2184=VECTOR('',#7213,10.);
#2185=VECTOR('',#7214,10.);
#2186=VECTOR('',#7215,10.);
#2187=VECTOR('',#7218,10.);
#2188=VECTOR('',#7219,10.);
#2189=VECTOR('',#7220,10.);
#2190=VECTOR('',#7223,10.);
#2191=VECTOR('',#7224,10.);
#2192=VECTOR('',#7225,10.);
#2193=VECTOR('',#7228,10.);
#2194=VECTOR('',#7229,10.);
#2195=VECTOR('',#7230,10.);
#2196=VECTOR('',#7233,10.);
#2197=VECTOR('',#7234,10.);
#2198=VECTOR('',#7235,10.);
#2199=VECTOR('',#7238,10.);
#2200=VECTOR('',#7239,10.);
#2201=VECTOR('',#7240,10.);
#2202=VECTOR('',#7243,10.);
#2203=VECTOR('',#7244,10.);
#2204=VECTOR('',#7245,10.);
#2205=VECTOR('',#7248,10.);
#2206=VECTOR('',#7249,10.);
#2207=VECTOR('',#7250,10.);
#2208=VECTOR('',#7253,10.);
#2209=VECTOR('',#7254,10.);
#2210=VECTOR('',#7257,10.);
#2211=VECTOR('',#7258,10.);
#2212=VECTOR('',#7259,10.);
#2213=VECTOR('',#7260,10.);
#2214=VECTOR('',#7261,10.);
#2215=VECTOR('',#7262,10.);
#2216=VECTOR('',#7263,10.);
#2217=VECTOR('',#7264,10.);
#2218=VECTOR('',#7267,10.);
#2219=VECTOR('',#7268,10.);
#2220=VECTOR('',#7269,10.);
#2221=VECTOR('',#7270,10.);
#2222=VECTOR('',#7271,10.);
#2223=VECTOR('',#7272,10.);
#2224=VECTOR('',#7273,10.);
#2225=VECTOR('',#7274,10.);
#2226=VECTOR('',#7275,10.);
#2227=VECTOR('',#7276,10.);
#2228=VECTOR('',#7277,10.);
#2229=VECTOR('',#7278,10.);
#2230=VECTOR('',#7281,10.);
#2231=VECTOR('',#7282,10.);
#2232=VECTOR('',#7283,10.);
#2233=VECTOR('',#7286,10.);
#2234=VECTOR('',#7287,10.);
#2235=VECTOR('',#7288,10.);
#2236=VECTOR('',#7289,10.);
#2237=VECTOR('',#7290,10.);
#2238=VECTOR('',#7291,10.);
#2239=VECTOR('',#7292,10.);
#2240=VECTOR('',#7293,10.);
#2241=VECTOR('',#7296,10.);
#2242=VECTOR('',#7297,10.);
#2243=VECTOR('',#7298,10.);
#2244=VECTOR('',#7299,10.);
#2245=VECTOR('',#7300,10.);
#2246=VECTOR('',#7301,10.);
#2247=VECTOR('',#7302,10.);
#2248=VECTOR('',#7303,10.);
#2249=VECTOR('',#7304,10.);
#2250=VECTOR('',#7305,10.);
#2251=VECTOR('',#7306,10.);
#2252=VECTOR('',#7307,10.);
#2253=VECTOR('',#7308,10.);
#2254=VECTOR('',#7309,10.);
#2255=VECTOR('',#7312,10.);
#2256=VECTOR('',#7313,10.);
#2257=VECTOR('',#7314,10.);
#2258=VECTOR('',#7317,10.);
#2259=VECTOR('',#7318,10.);
#2260=VECTOR('',#7319,10.);
#2261=VECTOR('',#7322,10.);
#2262=VECTOR('',#7323,10.);
#2263=VECTOR('',#7324,10.);
#2264=VECTOR('',#7327,10.);
#2265=VECTOR('',#7328,10.);
#2266=VECTOR('',#7331,10.);
#2267=VECTOR('',#7332,10.);
#2268=VECTOR('',#7333,10.);
#2269=VECTOR('',#7334,10.);
#2270=VECTOR('',#7335,10.);
#2271=VECTOR('',#7336,10.);
#2272=VECTOR('',#7337,10.);
#2273=VECTOR('',#7338,10.);
#2274=VECTOR('',#7339,10.);
#2275=VECTOR('',#7340,10.);
#2276=VECTOR('',#7343,10.);
#2277=VECTOR('',#7344,10.);
#2278=VECTOR('',#7347,10.);
#2279=VECTOR('',#7348,10.);
#2280=VECTOR('',#7349,10.);
#2281=VECTOR('',#7350,10.);
#2282=VECTOR('',#7351,10.);
#2283=VECTOR('',#7352,10.);
#2284=VECTOR('',#7355,10.);
#2285=VECTOR('',#7356,10.);
#2286=VECTOR('',#7357,10.);
#2287=VECTOR('',#7358,10.);
#2288=VECTOR('',#7359,10.);
#2289=VECTOR('',#7360,10.);
#2290=VECTOR('',#7361,10.);
#2291=VECTOR('',#7362,10.);
#2292=VECTOR('',#7363,10.);
#2293=VECTOR('',#7364,10.);
#2294=VECTOR('',#7367,10.);
#2295=VECTOR('',#7368,10.);
#2296=VECTOR('',#7369,10.);
#2297=VECTOR('',#7370,10.);
#2298=VECTOR('',#7371,10.);
#2299=VECTOR('',#7372,10.);
#2300=VECTOR('',#7373,10.);
#2301=VECTOR('',#7374,10.);
#2302=VECTOR('',#7375,10.);
#2303=VECTOR('',#7376,10.);
#2304=VECTOR('',#7377,10.);
#2305=VECTOR('',#7378,10.);
#2306=VECTOR('',#7379,10.);
#2307=VECTOR('',#7380,10.);
#2308=VECTOR('',#7381,10.);
#2309=VECTOR('',#7382,10.);
#2310=VECTOR('',#7383,10.);
#2311=VECTOR('',#7388,10.);
#2312=VECTOR('',#7389,10.);
#2313=VECTOR('',#7390,10.);
#2314=VECTOR('',#7391,10.);
#2315=VECTOR('',#7394,10.);
#2316=VECTOR('',#7395,10.);
#2317=VECTOR('',#7396,10.);
#2318=VECTOR('',#7399,10.);
#2319=VECTOR('',#7400,10.);
#2320=VECTOR('',#7401,10.);
#2321=VECTOR('',#7404,10.);
#2322=VECTOR('',#7405,10.);
#2323=VECTOR('',#7406,10.);
#2324=VECTOR('',#7409,10.);
#2325=VECTOR('',#7410,10.);
#2326=VECTOR('',#7411,10.);
#2327=VECTOR('',#7414,10.);
#2328=VECTOR('',#7415,10.);
#2329=VECTOR('',#7416,10.);
#2330=VECTOR('',#7419,10.);
#2331=VECTOR('',#7420,10.);
#2332=VECTOR('',#7421,10.);
#2333=VECTOR('',#7424,10.);
#2334=VECTOR('',#7425,10.);
#2335=VECTOR('',#7426,10.);
#2336=VECTOR('',#7429,10.);
#2337=VECTOR('',#7430,10.);
#2338=VECTOR('',#7431,10.);
#2339=VECTOR('',#7434,10.);
#2340=VECTOR('',#7435,10.);
#2341=VECTOR('',#7436,10.);
#2342=VECTOR('',#7439,10.);
#2343=VECTOR('',#7440,10.);
#2344=VECTOR('',#7441,10.);
#2345=VECTOR('',#7444,10.);
#2346=VECTOR('',#7445,10.);
#2347=VECTOR('',#7448,10.);
#2348=VECTOR('',#7449,10.);
#2349=VECTOR('',#7450,10.);
#2350=VECTOR('',#7451,10.);
#2351=VECTOR('',#7452,10.);
#2352=VECTOR('',#7453,10.);
#2353=VECTOR('',#7454,10.);
#2354=VECTOR('',#7455,10.);
#2355=VECTOR('',#7456,10.);
#2356=VECTOR('',#7457,10.);
#2357=VECTOR('',#7460,10.);
#2358=VECTOR('',#7461,10.);
#2359=VECTOR('',#7464,10.);
#2360=VECTOR('',#7465,10.);
#2361=VECTOR('',#7466,10.);
#2362=VECTOR('',#7467,10.);
#2363=VECTOR('',#7468,10.);
#2364=VECTOR('',#7469,10.);
#2365=VECTOR('',#7472,10.);
#2366=VECTOR('',#7473,10.);
#2367=VECTOR('',#7474,10.);
#2368=VECTOR('',#7475,10.);
#2369=VECTOR('',#7476,10.);
#2370=VECTOR('',#7477,10.);
#2371=VECTOR('',#7478,10.);
#2372=VECTOR('',#7479,10.);
#2373=VECTOR('',#7480,10.);
#2374=VECTOR('',#7481,10.);
#2375=VECTOR('',#7484,10.);
#2376=VECTOR('',#7485,10.);
#2377=VECTOR('',#7486,10.);
#2378=VECTOR('',#7487,10.);
#2379=VECTOR('',#7488,10.);
#2380=VECTOR('',#7489,10.);
#2381=VECTOR('',#7490,10.);
#2382=VECTOR('',#7491,10.);
#2383=VECTOR('',#7492,10.);
#2384=VECTOR('',#7493,10.);
#2385=VECTOR('',#7494,10.);
#2386=VECTOR('',#7495,10.);
#2387=VECTOR('',#7496,10.);
#2388=VECTOR('',#7497,10.);
#2389=VECTOR('',#7498,10.);
#2390=VECTOR('',#7499,10.);
#2391=VECTOR('',#7500,10.);
#2392=VECTOR('',#7503,10.);
#2393=VECTOR('',#7504,10.);
#2394=VECTOR('',#7505,10.);
#2395=VECTOR('',#7506,10.);
#2396=VECTOR('',#7507,10.);
#2397=VECTOR('',#7508,10.);
#2398=VECTOR('',#7509,10.);
#2399=VECTOR('',#7510,10.);
#2400=VECTOR('',#7511,10.);
#2401=VECTOR('',#7512,10.);
#2402=VECTOR('',#7513,10.);
#2403=VECTOR('',#7514,10.);
#2404=VECTOR('',#7515,10.);
#2405=VECTOR('',#7516,10.);
#2406=VECTOR('',#7517,10.);
#2407=VECTOR('',#7520,10.);
#2408=VECTOR('',#7521,10.);
#2409=VECTOR('',#7522,10.);
#2410=VECTOR('',#7523,10.);
#2411=VECTOR('',#7524,10.);
#2412=VECTOR('',#7525,10.);
#2413=VECTOR('',#7526,10.);
#2414=VECTOR('',#7527,10.);
#2415=VECTOR('',#7528,10.);
#2416=VECTOR('',#7529,10.);
#2417=VECTOR('',#7530,10.);
#2418=VECTOR('',#7531,10.);
#2419=VECTOR('',#7532,10.);
#2420=VECTOR('',#7533,10.);
#2421=VECTOR('',#7534,10.);
#2422=VECTOR('',#7535,10.);
#2423=VECTOR('',#7536,10.);
#2424=VECTOR('',#7537,10.);
#2425=VECTOR('',#7538,10.);
#2426=VECTOR('',#7541,10.);
#2427=VECTOR('',#7542,10.);
#2428=VECTOR('',#7543,10.);
#2429=VECTOR('',#7546,10.);
#2430=VECTOR('',#7547,10.);
#2431=VECTOR('',#7548,10.);
#2432=VECTOR('',#7549,10.);
#2433=VECTOR('',#7552,10.);
#2434=VECTOR('',#7553,10.);
#2435=VECTOR('',#7554,10.);
#2436=VECTOR('',#7557,10.);
#2437=VECTOR('',#7558,10.);
#2438=VECTOR('',#7559,10.);
#2439=VECTOR('',#7562,10.);
#2440=VECTOR('',#7563,10.);
#2441=VECTOR('',#7564,10.);
#2442=VECTOR('',#7567,10.);
#2443=VECTOR('',#7568,10.);
#2444=VECTOR('',#7569,10.);
#2445=VECTOR('',#7572,10.);
#2446=VECTOR('',#7573,10.);
#2447=VECTOR('',#7574,10.);
#2448=VECTOR('',#7577,10.);
#2449=VECTOR('',#7578,10.);
#2450=VECTOR('',#7579,10.);
#2451=VECTOR('',#7582,10.);
#2452=VECTOR('',#7583,10.);
#2453=VECTOR('',#7584,10.);
#2454=VECTOR('',#7587,10.);
#2455=VECTOR('',#7588,10.);
#2456=VECTOR('',#7589,10.);
#2457=VECTOR('',#7592,10.);
#2458=VECTOR('',#7593,10.);
#2459=VECTOR('',#7594,10.);
#2460=VECTOR('',#7597,10.);
#2461=VECTOR('',#7598,10.);
#2462=VECTOR('',#7599,10.);
#2463=VECTOR('',#7602,10.);
#2464=VECTOR('',#7603,10.);
#2465=VECTOR('',#7604,10.);
#2466=VECTOR('',#7605,10.);
#2467=VECTOR('',#7606,10.);
#2468=VECTOR('',#7607,10.);
#2469=VECTOR('',#7608,10.);
#2470=VECTOR('',#7611,10.);
#2471=VECTOR('',#7612,10.);
#2472=VECTOR('',#7613,10.);
#2473=VECTOR('',#7616,10.);
#2474=VECTOR('',#7617,10.);
#2475=VECTOR('',#7618,10.);
#2476=VECTOR('',#7619,10.);
#2477=VECTOR('',#7620,10.);
#2478=VECTOR('',#7621,10.);
#2479=VECTOR('',#7622,10.);
#2480=VECTOR('',#7623,10.);
#2481=VECTOR('',#7624,10.);
#2482=VECTOR('',#7625,10.);
#2483=VECTOR('',#7626,10.);
#2484=VECTOR('',#7627,10.);
#2485=VECTOR('',#7628,10.);
#2486=VECTOR('',#7631,10.);
#2487=VECTOR('',#7632,10.);
#2488=VECTOR('',#7633,10.);
#2489=VECTOR('',#7636,10.);
#2490=VECTOR('',#7637,10.);
#2491=VECTOR('',#7638,10.);
#2492=VECTOR('',#7641,10.);
#2493=VECTOR('',#7642,10.);
#2494=VECTOR('',#7643,10.);
#2495=VECTOR('',#7644,10.);
#2496=VECTOR('',#7645,10.);
#2497=VECTOR('',#7646,10.);
#2498=VECTOR('',#7647,10.);
#2499=VECTOR('',#7648,10.);
#2500=VECTOR('',#7649,10.);
#2501=VECTOR('',#7650,10.);
#2502=VECTOR('',#7651,10.);
#2503=VECTOR('',#7652,10.);
#2504=VECTOR('',#7653,10.);
#2505=VECTOR('',#7654,10.);
#2506=VECTOR('',#7655,10.);
#2507=VECTOR('',#7658,10.);
#2508=VECTOR('',#7659,10.);
#2509=VECTOR('',#7660,10.);
#2510=VECTOR('',#7665,10.);
#2511=VECTOR('',#7666,10.);
#2512=VECTOR('',#7667,10.);
#2513=VECTOR('',#7668,10.);
#2514=VECTOR('',#7671,10.);
#2515=VECTOR('',#7672,10.);
#2516=VECTOR('',#7673,10.);
#2517=VECTOR('',#7676,10.);
#2518=VECTOR('',#7677,10.);
#2519=VECTOR('',#7678,10.);
#2520=VECTOR('',#7681,10.);
#2521=VECTOR('',#7682,10.);
#2522=VECTOR('',#7687,10.);
#2523=VECTOR('',#7688,10.);
#2524=VECTOR('',#7689,10.);
#2525=VECTOR('',#7690,10.);
#2526=VECTOR('',#7691,10.);
#2527=VECTOR('',#7692,10.);
#2528=VECTOR('',#7693,10.);
#2529=VECTOR('',#7694,10.);
#2530=VECTOR('',#7695,10.);
#2531=VECTOR('',#7696,10.);
#2532=VECTOR('',#7699,10.);
#2533=VECTOR('',#7700,10.);
#2534=VECTOR('',#7701,10.);
#2535=VECTOR('',#7704,10.);
#2536=VECTOR('',#7705,10.);
#2537=VECTOR('',#7708,10.);
#2538=VECTOR('',#7709,10.);
#2539=VECTOR('',#7710,10.);
#2540=VECTOR('',#7711,10.);
#2541=VECTOR('',#7712,10.);
#2542=VECTOR('',#7713,10.);
#2543=VECTOR('',#7714,10.);
#2544=VECTOR('',#7715,10.);
#2545=VECTOR('',#7716,10.);
#2546=VECTOR('',#7717,10.);
#2547=VECTOR('',#7718,10.);
#2548=VECTOR('',#7721,10.);
#2549=VECTOR('',#7722,10.);
#2550=VECTOR('',#7723,10.);
#2551=VECTOR('',#7726,10.);
#2552=VECTOR('',#7727,10.);
#2553=VECTOR('',#7728,10.);
#2554=VECTOR('',#7729,10.);
#2555=VECTOR('',#7730,10.);
#2556=VECTOR('',#7731,10.);
#2557=VECTOR('',#7732,10.);
#2558=VECTOR('',#7733,10.);
#2559=VECTOR('',#7734,10.);
#2560=VECTOR('',#7735,10.);
#2561=VECTOR('',#7736,10.);
#2562=VECTOR('',#7737,10.);
#2563=VECTOR('',#7738,10.);
#2564=VECTOR('',#7739,10.);
#2565=VECTOR('',#7742,10.);
#2566=VECTOR('',#7743,10.);
#2567=VECTOR('',#7744,10.);
#2568=VECTOR('',#7747,10.);
#2569=VECTOR('',#7748,10.);
#2570=VECTOR('',#7749,10.);
#2571=VECTOR('',#7752,10.);
#2572=VECTOR('',#7753,10.);
#2573=VECTOR('',#7760,10.);
#2574=VECTOR('',#7763,10.);
#2575=VECTOR('',#7766,10.);
#2576=VECTOR('',#7769,10.);
#2577=VECTOR('',#7794,10.);
#2578=VECTOR('',#7795,10.);
#2579=VECTOR('',#7798,10.);
#2580=VECTOR('',#7801,10.);
#2581=VECTOR('',#7804,10.);
#2582=VECTOR('',#7805,10.);
#2583=VECTOR('',#7806,10.);
#2584=VECTOR('',#7807,10.);
#2585=VECTOR('',#7808,10.);
#2586=VECTOR('',#7809,10.);
#2587=VECTOR('',#7810,10.);
#2588=VECTOR('',#7811,10.);
#2589=VECTOR('',#7812,10.);
#2590=VECTOR('',#7815,10.);
#2591=VECTOR('',#7826,10.);
#2592=VECTOR('',#7829,10.);
#2593=VECTOR('',#7832,10.);
#2594=VECTOR('',#7833,10.);
#2595=VECTOR('',#7836,10.);
#2596=VECTOR('',#7837,10.);
#2597=VECTOR('',#7838,10.);
#2598=VECTOR('',#7839,10.);
#2599=VECTOR('',#7842,10.);
#2600=VECTOR('',#7845,10.);
#2601=VECTOR('',#7846,10.);
#2602=VECTOR('',#7849,10.);
#2603=VECTOR('',#7850,10.);
#2604=VECTOR('',#7853,10.);
#2605=VECTOR('',#7856,10.);
#2606=VECTOR('',#7857,10.);
#2607=VECTOR('',#7858,10.);
#2608=VECTOR('',#7859,10.);
#2609=VECTOR('',#7862,10.);
#2610=VECTOR('',#7863,10.);
#2611=VECTOR('',#7866,10.);
#2612=VECTOR('',#7871,3.);
#2613=VECTOR('',#7876,3.);
#2614=VECTOR('',#7881,3.00000000000001);
#2615=VECTOR('',#7886,3.);
#2616=VECTOR('',#7889,10.);
#2617=VECTOR('',#7900,1.7);
#2618=VECTOR('',#7907,1.7);
#2619=VECTOR('',#7914,1.7);
#2620=VECTOR('',#7921,1.7);
#2621=VERTEX_POINT('',#7931);
#2622=VERTEX_POINT('',#7932);
#2623=VERTEX_POINT('',#7934);
#2624=VERTEX_POINT('',#7936);
#2625=VERTEX_POINT('',#7949);
#2626=VERTEX_POINT('',#7955);
#2627=VERTEX_POINT('',#7972);
#2628=VERTEX_POINT('',#7978);
#2629=VERTEX_POINT('',#7995);
#2630=VERTEX_POINT('',#8001);
#2631=VERTEX_POINT('',#8018);
#2632=VERTEX_POINT('',#8024);
#2633=VERTEX_POINT('',#8032);
#2634=VERTEX_POINT('',#8034);
#2635=VERTEX_POINT('',#8047);
#2636=VERTEX_POINT('',#8053);
#2637=VERTEX_POINT('',#8070);
#2638=VERTEX_POINT('',#8076);
#2639=VERTEX_POINT('',#8093);
#2640=VERTEX_POINT('',#8099);
#2641=VERTEX_POINT('',#8107);
#2642=VERTEX_POINT('',#8109);
#2643=VERTEX_POINT('',#8113);
#2644=VERTEX_POINT('',#8115);
#2645=VERTEX_POINT('',#8119);
#2646=VERTEX_POINT('',#8121);
#2647=VERTEX_POINT('',#8129);
#2648=VERTEX_POINT('',#8130);
#2649=VERTEX_POINT('',#8132);
#2650=VERTEX_POINT('',#8134);
#2651=VERTEX_POINT('',#8138);
#2652=VERTEX_POINT('',#8140);
#2653=VERTEX_POINT('',#8144);
#2654=VERTEX_POINT('',#8146);
#2655=VERTEX_POINT('',#8154);
#2656=VERTEX_POINT('',#8155);
#2657=VERTEX_POINT('',#8157);
#2658=VERTEX_POINT('',#8159);
#2659=VERTEX_POINT('',#8172);
#2660=VERTEX_POINT('',#8178);
#2661=VERTEX_POINT('',#8195);
#2662=VERTEX_POINT('',#8201);
#2663=VERTEX_POINT('',#8218);
#2664=VERTEX_POINT('',#8224);
#2665=VERTEX_POINT('',#8241);
#2666=VERTEX_POINT('',#8247);
#2667=VERTEX_POINT('',#8264);
#2668=VERTEX_POINT('',#8270);
#2669=VERTEX_POINT('',#8278);
#2670=VERTEX_POINT('',#8280);
#2671=VERTEX_POINT('',#8284);
#2672=VERTEX_POINT('',#8286);
#2673=VERTEX_POINT('',#8290);
#2674=VERTEX_POINT('',#8292);
#2675=VERTEX_POINT('',#8305);
#2676=VERTEX_POINT('',#8311);
#2677=VERTEX_POINT('',#8328);
#2678=VERTEX_POINT('',#8334);
#2679=VERTEX_POINT('',#8351);
#2680=VERTEX_POINT('',#8357);
#2681=VERTEX_POINT('',#8374);
#2682=VERTEX_POINT('',#8380);
#2683=VERTEX_POINT('',#8388);
#2684=VERTEX_POINT('',#8390);
#2685=VERTEX_POINT('',#8394);
#2686=VERTEX_POINT('',#8396);
#2687=VERTEX_POINT('',#8400);
#2688=VERTEX_POINT('',#8402);
#2689=VERTEX_POINT('',#8419);
#2690=VERTEX_POINT('',#8420);
#2691=VERTEX_POINT('',#8426);
#2692=VERTEX_POINT('',#8428);
#2693=VERTEX_POINT('',#8445);
#2694=VERTEX_POINT('',#8451);
#2695=VERTEX_POINT('',#8468);
#2696=VERTEX_POINT('',#8474);
#2697=VERTEX_POINT('',#8491);
#2698=VERTEX_POINT('',#8497);
#2699=VERTEX_POINT('',#8514);
#2700=VERTEX_POINT('',#8520);
#2701=VERTEX_POINT('',#8537);
#2702=VERTEX_POINT('',#8543);
#2703=VERTEX_POINT('',#8560);
#2704=VERTEX_POINT('',#8566);
#2705=VERTEX_POINT('',#8594);
#2706=VERTEX_POINT('',#8595);
#2707=VERTEX_POINT('',#8597);
#2708=VERTEX_POINT('',#8599);
#2709=VERTEX_POINT('',#8603);
#2710=VERTEX_POINT('',#8605);
#2711=VERTEX_POINT('',#8609);
#2712=VERTEX_POINT('',#8611);
#2713=VERTEX_POINT('',#8624);
#2714=VERTEX_POINT('',#8630);
#2715=VERTEX_POINT('',#8647);
#2716=VERTEX_POINT('',#8653);
#2717=VERTEX_POINT('',#8670);
#2718=VERTEX_POINT('',#8676);
#2719=VERTEX_POINT('',#8693);
#2720=VERTEX_POINT('',#8699);
#2721=VERTEX_POINT('',#8716);
#2722=VERTEX_POINT('',#8722);
#2723=VERTEX_POINT('',#8739);
#2724=VERTEX_POINT('',#8745);
#2725=VERTEX_POINT('',#8762);
#2726=VERTEX_POINT('',#8768);
#2727=VERTEX_POINT('',#8785);
#2728=VERTEX_POINT('',#8791);
#2729=VERTEX_POINT('',#8808);
#2730=VERTEX_POINT('',#8814);
#2731=VERTEX_POINT('',#8822);
#2732=VERTEX_POINT('',#8824);
#2733=VERTEX_POINT('',#8832);
#2734=VERTEX_POINT('',#8833);
#2735=VERTEX_POINT('',#8835);
#2736=VERTEX_POINT('',#8837);
#2737=VERTEX_POINT('',#8841);
#2738=VERTEX_POINT('',#8843);
#2739=VERTEX_POINT('',#8847);
#2740=VERTEX_POINT('',#8849);
#2741=VERTEX_POINT('',#8853);
#2742=VERTEX_POINT('',#8855);
#2743=VERTEX_POINT('',#8859);
#2744=VERTEX_POINT('',#8861);
#2745=VERTEX_POINT('',#8865);
#2746=VERTEX_POINT('',#8867);
#2747=VERTEX_POINT('',#8871);
#2748=VERTEX_POINT('',#8873);
#2749=VERTEX_POINT('',#8877);
#2750=VERTEX_POINT('',#8879);
#2751=VERTEX_POINT('',#8883);
#2752=VERTEX_POINT('',#8885);
#2753=VERTEX_POINT('',#8889);
#2754=VERTEX_POINT('',#8891);
#2755=VERTEX_POINT('',#8895);
#2756=VERTEX_POINT('',#8897);
#2757=VERTEX_POINT('',#8914);
#2758=VERTEX_POINT('',#8915);
#2759=VERTEX_POINT('',#8921);
#2760=VERTEX_POINT('',#8923);
#2761=VERTEX_POINT('',#8940);
#2762=VERTEX_POINT('',#8946);
#2763=VERTEX_POINT('',#8963);
#2764=VERTEX_POINT('',#8969);
#2765=VERTEX_POINT('',#8986);
#2766=VERTEX_POINT('',#8992);
#2767=VERTEX_POINT('',#9009);
#2768=VERTEX_POINT('',#9015);
#2769=VERTEX_POINT('',#9032);
#2770=VERTEX_POINT('',#9038);
#2771=VERTEX_POINT('',#9055);
#2772=VERTEX_POINT('',#9061);
#2773=VERTEX_POINT('',#9069);
#2774=VERTEX_POINT('',#9071);
#2775=VERTEX_POINT('',#9084);
#2776=VERTEX_POINT('',#9090);
#2777=VERTEX_POINT('',#9107);
#2778=VERTEX_POINT('',#9113);
#2779=VERTEX_POINT('',#9130);
#2780=VERTEX_POINT('',#9136);
#2781=VERTEX_POINT('',#9153);
#2782=VERTEX_POINT('',#9159);
#2783=VERTEX_POINT('',#9176);
#2784=VERTEX_POINT('',#9182);
#2785=VERTEX_POINT('',#9199);
#2786=VERTEX_POINT('',#9205);
#2787=VERTEX_POINT('',#9222);
#2788=VERTEX_POINT('',#9228);
#2789=VERTEX_POINT('',#9245);
#2790=VERTEX_POINT('',#9251);
#2791=VERTEX_POINT('',#9268);
#2792=VERTEX_POINT('',#9274);
#2793=VERTEX_POINT('',#9282);
#2794=VERTEX_POINT('',#9284);
#2795=VERTEX_POINT('',#9318);
#2796=VERTEX_POINT('',#9319);
#2797=VERTEX_POINT('',#9325);
#2798=VERTEX_POINT('',#9327);
#2799=VERTEX_POINT('',#9344);
#2800=VERTEX_POINT('',#9350);
#2801=VERTEX_POINT('',#9367);
#2802=VERTEX_POINT('',#9373);
#2803=VERTEX_POINT('',#9390);
#2804=VERTEX_POINT('',#9396);
#2805=VERTEX_POINT('',#9413);
#2806=VERTEX_POINT('',#9419);
#2807=VERTEX_POINT('',#9436);
#2808=VERTEX_POINT('',#9442);
#2809=VERTEX_POINT('',#9459);
#2810=VERTEX_POINT('',#9465);
#2811=VERTEX_POINT('',#9493);
#2812=VERTEX_POINT('',#9494);
#2813=VERTEX_POINT('',#9496);
#2814=VERTEX_POINT('',#9498);
#2815=VERTEX_POINT('',#9511);
#2816=VERTEX_POINT('',#9517);
#2817=VERTEX_POINT('',#9534);
#2818=VERTEX_POINT('',#9540);
#2819=VERTEX_POINT('',#9557);
#2820=VERTEX_POINT('',#9563);
#2821=VERTEX_POINT('',#9580);
#2822=VERTEX_POINT('',#9586);
#2823=VERTEX_POINT('',#9603);
#2824=VERTEX_POINT('',#9609);
#2825=VERTEX_POINT('',#9626);
#2826=VERTEX_POINT('',#9632);
#2827=VERTEX_POINT('',#9649);
#2828=VERTEX_POINT('',#9655);
#2829=VERTEX_POINT('',#9672);
#2830=VERTEX_POINT('',#9678);
#2831=VERTEX_POINT('',#9695);
#2832=VERTEX_POINT('',#9701);
#2833=VERTEX_POINT('',#9718);
#2834=VERTEX_POINT('',#9724);
#2835=VERTEX_POINT('',#9732);
#2836=VERTEX_POINT('',#9734);
#2837=VERTEX_POINT('',#9738);
#2838=VERTEX_POINT('',#9740);
#2839=VERTEX_POINT('',#9744);
#2840=VERTEX_POINT('',#9746);
#2841=VERTEX_POINT('',#9763);
#2842=VERTEX_POINT('',#9764);
#2843=VERTEX_POINT('',#9770);
#2844=VERTEX_POINT('',#9772);
#2845=VERTEX_POINT('',#9789);
#2846=VERTEX_POINT('',#9795);
#2847=VERTEX_POINT('',#9812);
#2848=VERTEX_POINT('',#9818);
#2849=VERTEX_POINT('',#9835);
#2850=VERTEX_POINT('',#9841);
#2851=VERTEX_POINT('',#9858);
#2852=VERTEX_POINT('',#9864);
#2853=VERTEX_POINT('',#9881);
#2854=VERTEX_POINT('',#9887);
#2855=VERTEX_POINT('',#9904);
#2856=VERTEX_POINT('',#9910);
#2857=VERTEX_POINT('',#9927);
#2858=VERTEX_POINT('',#9933);
#2859=VERTEX_POINT('',#9950);
#2860=VERTEX_POINT('',#9956);
#2861=VERTEX_POINT('',#9967);
#2862=VERTEX_POINT('',#9968);
#2863=VERTEX_POINT('',#9970);
#2864=VERTEX_POINT('',#9972);
#2865=VERTEX_POINT('',#9985);
#2866=VERTEX_POINT('',#9991);
#2867=VERTEX_POINT('',#10008);
#2868=VERTEX_POINT('',#10014);
#2869=VERTEX_POINT('',#10022);
#2870=VERTEX_POINT('',#10024);
#2871=VERTEX_POINT('',#10037);
#2872=VERTEX_POINT('',#10043);
#2873=VERTEX_POINT('',#10060);
#2874=VERTEX_POINT('',#10066);
#2875=VERTEX_POINT('',#10083);
#2876=VERTEX_POINT('',#10089);
#2877=VERTEX_POINT('',#10106);
#2878=VERTEX_POINT('',#10112);
#2879=VERTEX_POINT('',#10129);
#2880=VERTEX_POINT('',#10135);
#2881=VERTEX_POINT('',#10152);
#2882=VERTEX_POINT('',#10158);
#2883=VERTEX_POINT('',#10175);
#2884=VERTEX_POINT('',#10181);
#2885=VERTEX_POINT('',#10189);
#2886=VERTEX_POINT('',#10191);
#2887=VERTEX_POINT('',#10204);
#2888=VERTEX_POINT('',#10210);
#2889=VERTEX_POINT('',#10227);
#2890=VERTEX_POINT('',#10233);
#2891=VERTEX_POINT('',#10250);
#2892=VERTEX_POINT('',#10256);
#2893=VERTEX_POINT('',#10273);
#2894=VERTEX_POINT('',#10279);
#2895=VERTEX_POINT('',#10296);
#2896=VERTEX_POINT('',#10302);
#2897=VERTEX_POINT('',#10319);
#2898=VERTEX_POINT('',#10325);
#2899=VERTEX_POINT('',#10342);
#2900=VERTEX_POINT('',#10348);
#2901=VERTEX_POINT('',#10365);
#2902=VERTEX_POINT('',#10371);
#2903=VERTEX_POINT('',#10388);
#2904=VERTEX_POINT('',#10394);
#2905=VERTEX_POINT('',#10411);
#2906=VERTEX_POINT('',#10417);
#2907=VERTEX_POINT('',#10434);
#2908=VERTEX_POINT('',#10440);
#2909=VERTEX_POINT('',#10457);
#2910=VERTEX_POINT('',#10463);
#2911=VERTEX_POINT('',#10480);
#2912=VERTEX_POINT('',#10486);
#2913=VERTEX_POINT('',#10503);
#2914=VERTEX_POINT('',#10509);
#2915=VERTEX_POINT('',#10538);
#2916=VERTEX_POINT('',#10539);
#2917=VERTEX_POINT('',#10541);
#2918=VERTEX_POINT('',#10543);
#2919=VERTEX_POINT('',#10547);
#2920=VERTEX_POINT('',#10549);
#2921=VERTEX_POINT('',#10553);
#2922=VERTEX_POINT('',#10555);
#2923=VERTEX_POINT('',#10559);
#2924=VERTEX_POINT('',#10561);
#2925=VERTEX_POINT('',#10565);
#2926=VERTEX_POINT('',#10567);
#2927=VERTEX_POINT('',#10571);
#2928=VERTEX_POINT('',#10573);
#2929=VERTEX_POINT('',#10577);
#2930=VERTEX_POINT('',#10579);
#2931=VERTEX_POINT('',#10583);
#2932=VERTEX_POINT('',#10585);
#2933=VERTEX_POINT('',#10589);
#2934=VERTEX_POINT('',#10591);
#2935=VERTEX_POINT('',#10595);
#2936=VERTEX_POINT('',#10597);
#2937=VERTEX_POINT('',#10601);
#2938=VERTEX_POINT('',#10603);
#2939=VERTEX_POINT('',#10620);
#2940=VERTEX_POINT('',#10621);
#2941=VERTEX_POINT('',#10627);
#2942=VERTEX_POINT('',#10629);
#2943=VERTEX_POINT('',#10646);
#2944=VERTEX_POINT('',#10652);
#2945=VERTEX_POINT('',#10669);
#2946=VERTEX_POINT('',#10675);
#2947=VERTEX_POINT('',#10692);
#2948=VERTEX_POINT('',#10698);
#2949=VERTEX_POINT('',#10715);
#2950=VERTEX_POINT('',#10721);
#2951=VERTEX_POINT('',#10738);
#2952=VERTEX_POINT('',#10744);
#2953=VERTEX_POINT('',#10761);
#2954=VERTEX_POINT('',#10767);
#2955=VERTEX_POINT('',#10784);
#2956=VERTEX_POINT('',#10790);
#2957=VERTEX_POINT('',#10807);
#2958=VERTEX_POINT('',#10813);
#2959=VERTEX_POINT('',#10824);
#2960=VERTEX_POINT('',#10825);
#2961=VERTEX_POINT('',#10827);
#2962=VERTEX_POINT('',#10829);
#2963=VERTEX_POINT('',#10842);
#2964=VERTEX_POINT('',#10848);
#2965=VERTEX_POINT('',#10865);
#2966=VERTEX_POINT('',#10871);
#2967=VERTEX_POINT('',#10879);
#2968=VERTEX_POINT('',#10881);
#2969=VERTEX_POINT('',#10894);
#2970=VERTEX_POINT('',#10900);
#2971=VERTEX_POINT('',#10917);
#2972=VERTEX_POINT('',#10923);
#2973=VERTEX_POINT('',#10940);
#2974=VERTEX_POINT('',#10946);
#2975=VERTEX_POINT('',#10963);
#2976=VERTEX_POINT('',#10969);
#2977=VERTEX_POINT('',#10986);
#2978=VERTEX_POINT('',#10992);
#2979=VERTEX_POINT('',#11009);
#2980=VERTEX_POINT('',#11015);
#2981=VERTEX_POINT('',#11032);
#2982=VERTEX_POINT('',#11038);
#2983=VERTEX_POINT('',#11046);
#2984=VERTEX_POINT('',#11048);
#2985=VERTEX_POINT('',#11061);
#2986=VERTEX_POINT('',#11067);
#2987=VERTEX_POINT('',#11084);
#2988=VERTEX_POINT('',#11090);
#2989=VERTEX_POINT('',#11107);
#2990=VERTEX_POINT('',#11113);
#2991=VERTEX_POINT('',#11130);
#2992=VERTEX_POINT('',#11136);
#2993=VERTEX_POINT('',#11153);
#2994=VERTEX_POINT('',#11159);
#2995=VERTEX_POINT('',#11176);
#2996=VERTEX_POINT('',#11182);
#2997=VERTEX_POINT('',#11199);
#2998=VERTEX_POINT('',#11205);
#2999=VERTEX_POINT('',#11222);
#3000=VERTEX_POINT('',#11228);
#3001=VERTEX_POINT('',#11245);
#3002=VERTEX_POINT('',#11251);
#3003=VERTEX_POINT('',#11268);
#3004=VERTEX_POINT('',#11274);
#3005=VERTEX_POINT('',#11291);
#3006=VERTEX_POINT('',#11297);
#3007=VERTEX_POINT('',#11314);
#3008=VERTEX_POINT('',#11320);
#3009=VERTEX_POINT('',#11337);
#3010=VERTEX_POINT('',#11343);
#3011=VERTEX_POINT('',#11360);
#3012=VERTEX_POINT('',#11366);
#3013=VERTEX_POINT('',#11404);
#3014=VERTEX_POINT('',#11405);
#3015=VERTEX_POINT('',#11411);
#3016=VERTEX_POINT('',#11413);
#3017=VERTEX_POINT('',#11430);
#3018=VERTEX_POINT('',#11436);
#3019=VERTEX_POINT('',#11453);
#3020=VERTEX_POINT('',#11459);
#3021=VERTEX_POINT('',#11476);
#3022=VERTEX_POINT('',#11482);
#3023=VERTEX_POINT('',#11499);
#3024=VERTEX_POINT('',#11505);
#3025=VERTEX_POINT('',#11522);
#3026=VERTEX_POINT('',#11528);
#3027=VERTEX_POINT('',#11545);
#3028=VERTEX_POINT('',#11551);
#3029=VERTEX_POINT('',#11568);
#3030=VERTEX_POINT('',#11574);
#3031=VERTEX_POINT('',#11591);
#3032=VERTEX_POINT('',#11597);
#3033=VERTEX_POINT('',#11614);
#3034=VERTEX_POINT('',#11620);
#3035=VERTEX_POINT('',#11637);
#3036=VERTEX_POINT('',#11643);
#3037=VERTEX_POINT('',#11660);
#3038=VERTEX_POINT('',#11666);
#3039=VERTEX_POINT('',#11683);
#3040=VERTEX_POINT('',#11689);
#3041=VERTEX_POINT('',#11706);
#3042=VERTEX_POINT('',#11712);
#3043=VERTEX_POINT('',#11720);
#3044=VERTEX_POINT('',#11722);
#3045=VERTEX_POINT('',#11735);
#3046=VERTEX_POINT('',#11741);
#3047=VERTEX_POINT('',#11758);
#3048=VERTEX_POINT('',#11764);
#3049=VERTEX_POINT('',#11781);
#3050=VERTEX_POINT('',#11787);
#3051=VERTEX_POINT('',#11804);
#3052=VERTEX_POINT('',#11810);
#3053=VERTEX_POINT('',#11827);
#3054=VERTEX_POINT('',#11833);
#3055=VERTEX_POINT('',#11850);
#3056=VERTEX_POINT('',#11856);
#3057=VERTEX_POINT('',#11873);
#3058=VERTEX_POINT('',#11879);
#3059=VERTEX_POINT('',#11896);
#3060=VERTEX_POINT('',#11902);
#3061=VERTEX_POINT('',#11919);
#3062=VERTEX_POINT('',#11925);
#3063=VERTEX_POINT('',#11942);
#3064=VERTEX_POINT('',#11948);
#3065=VERTEX_POINT('',#11965);
#3066=VERTEX_POINT('',#11971);
#3067=VERTEX_POINT('',#11988);
#3068=VERTEX_POINT('',#11994);
#3069=VERTEX_POINT('',#12011);
#3070=VERTEX_POINT('',#12017);
#3071=VERTEX_POINT('',#12034);
#3072=VERTEX_POINT('',#12040);
#3073=VERTEX_POINT('',#12057);
#3074=VERTEX_POINT('',#12063);
#3075=VERTEX_POINT('',#12080);
#3076=VERTEX_POINT('',#12086);
#3077=VERTEX_POINT('',#12094);
#3078=VERTEX_POINT('',#12096);
#3079=VERTEX_POINT('',#12130);
#3080=VERTEX_POINT('',#12131);
#3081=VERTEX_POINT('',#12137);
#3082=VERTEX_POINT('',#12139);
#3083=VERTEX_POINT('',#12156);
#3084=VERTEX_POINT('',#12162);
#3085=VERTEX_POINT('',#12179);
#3086=VERTEX_POINT('',#12185);
#3087=VERTEX_POINT('',#12193);
#3088=VERTEX_POINT('',#12195);
#3089=VERTEX_POINT('',#12199);
#3090=VERTEX_POINT('',#12201);
#3091=VERTEX_POINT('',#12205);
#3092=VERTEX_POINT('',#12207);
#3093=VERTEX_POINT('',#12211);
#3094=VERTEX_POINT('',#12213);
#3095=VERTEX_POINT('',#12217);
#3096=VERTEX_POINT('',#12219);
#3097=VERTEX_POINT('',#12223);
#3098=VERTEX_POINT('',#12225);
#3099=VERTEX_POINT('',#12229);
#3100=VERTEX_POINT('',#12231);
#3101=VERTEX_POINT('',#12235);
#3102=VERTEX_POINT('',#12237);
#3103=VERTEX_POINT('',#12241);
#3104=VERTEX_POINT('',#12243);
#3105=VERTEX_POINT('',#12247);
#3106=VERTEX_POINT('',#12249);
#3107=VERTEX_POINT('',#12253);
#3108=VERTEX_POINT('',#12255);
#3109=VERTEX_POINT('',#12268);
#3110=VERTEX_POINT('',#12274);
#3111=VERTEX_POINT('',#12291);
#3112=VERTEX_POINT('',#12297);
#3113=VERTEX_POINT('',#12314);
#3114=VERTEX_POINT('',#12320);
#3115=VERTEX_POINT('',#12337);
#3116=VERTEX_POINT('',#12343);
#3117=VERTEX_POINT('',#12351);
#3118=VERTEX_POINT('',#12353);
#3119=VERTEX_POINT('',#12387);
#3120=VERTEX_POINT('',#12388);
#3121=VERTEX_POINT('',#12394);
#3122=VERTEX_POINT('',#12396);
#3123=VERTEX_POINT('',#12413);
#3124=VERTEX_POINT('',#12419);
#3125=VERTEX_POINT('',#12436);
#3126=VERTEX_POINT('',#12442);
#3127=VERTEX_POINT('',#12459);
#3128=VERTEX_POINT('',#12465);
#3129=VERTEX_POINT('',#12482);
#3130=VERTEX_POINT('',#12488);
#3131=VERTEX_POINT('',#12505);
#3132=VERTEX_POINT('',#12511);
#3133=VERTEX_POINT('',#12528);
#3134=VERTEX_POINT('',#12534);
#3135=VERTEX_POINT('',#12571);
#3136=VERTEX_POINT('',#12572);
#3137=VERTEX_POINT('',#12578);
#3138=VERTEX_POINT('',#12580);
#3139=VERTEX_POINT('',#12597);
#3140=VERTEX_POINT('',#12603);
#3141=VERTEX_POINT('',#12620);
#3142=VERTEX_POINT('',#12626);
#3143=VERTEX_POINT('',#12643);
#3144=VERTEX_POINT('',#12649);
#3145=VERTEX_POINT('',#12657);
#3146=VERTEX_POINT('',#12659);
#3147=VERTEX_POINT('',#12663);
#3148=VERTEX_POINT('',#12665);
#3149=VERTEX_POINT('',#12669);
#3150=VERTEX_POINT('',#12671);
#3151=VERTEX_POINT('',#12684);
#3152=VERTEX_POINT('',#12690);
#3153=VERTEX_POINT('',#12707);
#3154=VERTEX_POINT('',#12713);
#3155=VERTEX_POINT('',#12730);
#3156=VERTEX_POINT('',#12736);
#3157=VERTEX_POINT('',#12753);
#3158=VERTEX_POINT('',#12759);
#3159=VERTEX_POINT('',#12776);
#3160=VERTEX_POINT('',#12782);
#3161=VERTEX_POINT('',#12799);
#3162=VERTEX_POINT('',#12805);
#3163=VERTEX_POINT('',#12822);
#3164=VERTEX_POINT('',#12828);
#3165=VERTEX_POINT('',#12845);
#3166=VERTEX_POINT('',#12851);
#3167=VERTEX_POINT('',#12868);
#3168=VERTEX_POINT('',#12874);
#3169=VERTEX_POINT('',#12891);
#3170=VERTEX_POINT('',#12897);
#3171=VERTEX_POINT('',#12914);
#3172=VERTEX_POINT('',#12920);
#3173=VERTEX_POINT('',#12937);
#3174=VERTEX_POINT('',#12943);
#3175=VERTEX_POINT('',#12951);
#3176=VERTEX_POINT('',#12953);
#3177=VERTEX_POINT('',#12978);
#3178=VERTEX_POINT('',#12979);
#3179=VERTEX_POINT('',#12981);
#3180=VERTEX_POINT('',#12983);
#3181=VERTEX_POINT('',#12987);
#3182=VERTEX_POINT('',#12989);
#3183=VERTEX_POINT('',#12993);
#3184=VERTEX_POINT('',#12995);
#3185=VERTEX_POINT('',#13003);
#3186=VERTEX_POINT('',#13004);
#3187=VERTEX_POINT('',#13006);
#3188=VERTEX_POINT('',#13008);
#3189=VERTEX_POINT('',#13021);
#3190=VERTEX_POINT('',#13027);
#3191=VERTEX_POINT('',#13044);
#3192=VERTEX_POINT('',#13050);
#3193=VERTEX_POINT('',#13067);
#3194=VERTEX_POINT('',#13073);
#3195=VERTEX_POINT('',#13090);
#3196=VERTEX_POINT('',#13096);
#3197=VERTEX_POINT('',#13113);
#3198=VERTEX_POINT('',#13119);
#3199=VERTEX_POINT('',#13136);
#3200=VERTEX_POINT('',#13142);
#3201=VERTEX_POINT('',#13150);
#3202=VERTEX_POINT('',#13152);
#3203=VERTEX_POINT('',#13159);
#3204=VERTEX_POINT('',#13160);
#3205=VERTEX_POINT('',#13162);
#3206=VERTEX_POINT('',#13164);
#3207=VERTEX_POINT('',#13177);
#3208=VERTEX_POINT('',#13183);
#3209=VERTEX_POINT('',#13200);
#3210=VERTEX_POINT('',#13206);
#3211=VERTEX_POINT('',#13223);
#3212=VERTEX_POINT('',#13229);
#3213=VERTEX_POINT('',#13246);
#3214=VERTEX_POINT('',#13252);
#3215=VERTEX_POINT('',#13269);
#3216=VERTEX_POINT('',#13275);
#3217=VERTEX_POINT('',#13292);
#3218=VERTEX_POINT('',#13298);
#3219=VERTEX_POINT('',#13315);
#3220=VERTEX_POINT('',#13321);
#3221=VERTEX_POINT('',#13329);
#3222=VERTEX_POINT('',#13331);
#3223=VERTEX_POINT('',#13347);
#3224=VERTEX_POINT('',#13348);
#3225=VERTEX_POINT('',#13354);
#3226=VERTEX_POINT('',#13356);
#3227=VERTEX_POINT('',#13373);
#3228=VERTEX_POINT('',#13379);
#3229=VERTEX_POINT('',#13396);
#3230=VERTEX_POINT('',#13402);
#3231=VERTEX_POINT('',#13419);
#3232=VERTEX_POINT('',#13425);
#3233=VERTEX_POINT('',#13442);
#3234=VERTEX_POINT('',#13448);
#3235=VERTEX_POINT('',#13465);
#3236=VERTEX_POINT('',#13471);
#3237=VERTEX_POINT('',#13488);
#3238=VERTEX_POINT('',#13494);
#3239=VERTEX_POINT('',#13511);
#3240=VERTEX_POINT('',#13517);
#3241=VERTEX_POINT('',#13534);
#3242=VERTEX_POINT('',#13540);
#3243=VERTEX_POINT('',#13557);
#3244=VERTEX_POINT('',#13563);
#3245=VERTEX_POINT('',#13580);
#3246=VERTEX_POINT('',#13586);
#3247=VERTEX_POINT('',#13594);
#3248=VERTEX_POINT('',#13596);
#3249=VERTEX_POINT('',#13600);
#3250=VERTEX_POINT('',#13602);
#3251=VERTEX_POINT('',#13610);
#3252=VERTEX_POINT('',#13611);
#3253=VERTEX_POINT('',#13613);
#3254=VERTEX_POINT('',#13615);
#3255=VERTEX_POINT('',#13617);
#3256=VERTEX_POINT('',#13619);
#3257=VERTEX_POINT('',#13621);
#3258=VERTEX_POINT('',#13623);
#3259=VERTEX_POINT('',#13626);
#3260=VERTEX_POINT('',#13628);
#3261=VERTEX_POINT('',#13630);
#3262=VERTEX_POINT('',#13632);
#3263=VERTEX_POINT('',#13641);
#3264=VERTEX_POINT('',#13642);
#3265=VERTEX_POINT('',#13647);
#3266=VERTEX_POINT('',#13649);
#3267=VERTEX_POINT('',#13651);
#3268=VERTEX_POINT('',#13653);
#3269=VERTEX_POINT('',#13655);
#3270=VERTEX_POINT('',#13657);
#3271=VERTEX_POINT('',#13659);
#3272=VERTEX_POINT('',#13661);
#3273=VERTEX_POINT('',#13663);
#3274=VERTEX_POINT('',#13665);
#3275=VERTEX_POINT('',#13667);
#3276=VERTEX_POINT('',#13669);
#3277=VERTEX_POINT('',#13671);
#3278=VERTEX_POINT('',#13673);
#3279=VERTEX_POINT('',#13676);
#3280=VERTEX_POINT('',#13678);
#3281=VERTEX_POINT('',#13680);
#3282=VERTEX_POINT('',#13682);
#3283=VERTEX_POINT('',#13693);
#3284=VERTEX_POINT('',#13695);
#3285=VERTEX_POINT('',#13701);
#3286=VERTEX_POINT('',#13705);
#3287=VERTEX_POINT('',#13711);
#3288=VERTEX_POINT('',#13712);
#3289=VERTEX_POINT('',#13714);
#3290=VERTEX_POINT('',#13716);
#3291=VERTEX_POINT('',#13725);
#3292=VERTEX_POINT('',#13729);
#3293=VERTEX_POINT('',#13733);
#3294=VERTEX_POINT('',#13737);
#3295=VERTEX_POINT('',#13747);
#3296=VERTEX_POINT('',#13752);
#3297=VERTEX_POINT('',#13757);
#3298=VERTEX_POINT('',#13762);
#3299=EDGE_CURVE('',#2621,#2622,#1523,.T.);
#3300=EDGE_CURVE('',#2621,#2623,#1524,.T.);
#3301=EDGE_CURVE('',#2623,#2624,#1525,.T.);
#3302=EDGE_CURVE('',#2622,#2624,#1526,.T.);
#3303=EDGE_CURVE('',#2625,#2621,#89,.T.);
#3304=EDGE_CURVE('',#2625,#2626,#1527,.T.);
#3305=EDGE_CURVE('',#2626,#2623,#90,.T.);
#3306=EDGE_CURVE('',#2627,#2625,#91,.T.);
#3307=EDGE_CURVE('',#2627,#2628,#1528,.T.);
#3308=EDGE_CURVE('',#2628,#2626,#92,.T.);
#3309=EDGE_CURVE('',#2629,#2627,#93,.T.);
#3310=EDGE_CURVE('',#2629,#2630,#1529,.T.);
#3311=EDGE_CURVE('',#2630,#2628,#94,.T.);
#3312=EDGE_CURVE('',#2631,#2629,#95,.T.);
#3313=EDGE_CURVE('',#2631,#2632,#1530,.T.);
#3314=EDGE_CURVE('',#2632,#2630,#96,.T.);
#3315=EDGE_CURVE('',#2633,#2631,#1531,.T.);
#3316=EDGE_CURVE('',#2633,#2634,#1532,.T.);
#3317=EDGE_CURVE('',#2634,#2632,#1533,.T.);
#3318=EDGE_CURVE('',#2635,#2633,#97,.T.);
#3319=EDGE_CURVE('',#2635,#2636,#1534,.T.);
#3320=EDGE_CURVE('',#2636,#2634,#98,.T.);
#3321=EDGE_CURVE('',#2637,#2635,#99,.T.);
#3322=EDGE_CURVE('',#2637,#2638,#1535,.T.);
#3323=EDGE_CURVE('',#2638,#2636,#100,.T.);
#3324=EDGE_CURVE('',#2639,#2637,#101,.T.);
#3325=EDGE_CURVE('',#2639,#2640,#1536,.T.);
#3326=EDGE_CURVE('',#2640,#2638,#102,.T.);
#3327=EDGE_CURVE('',#2641,#2639,#1537,.T.);
#3328=EDGE_CURVE('',#2641,#2642,#1538,.T.);
#3329=EDGE_CURVE('',#2642,#2640,#1539,.T.);
#3330=EDGE_CURVE('',#2643,#2641,#1540,.T.);
#3331=EDGE_CURVE('',#2643,#2644,#1541,.T.);
#3332=EDGE_CURVE('',#2644,#2642,#1542,.T.);
#3333=EDGE_CURVE('',#2645,#2643,#1543,.T.);
#3334=EDGE_CURVE('',#2645,#2646,#1544,.T.);
#3335=EDGE_CURVE('',#2646,#2644,#1545,.T.);
#3336=EDGE_CURVE('',#2622,#2645,#1546,.T.);
#3337=EDGE_CURVE('',#2624,#2646,#1547,.T.);
#3338=EDGE_CURVE('',#2647,#2648,#1548,.T.);
#3339=EDGE_CURVE('',#2647,#2649,#1549,.T.);
#3340=EDGE_CURVE('',#2649,#2650,#1550,.T.);
#3341=EDGE_CURVE('',#2648,#2650,#1551,.T.);
#3342=EDGE_CURVE('',#2651,#2647,#1552,.T.);
#3343=EDGE_CURVE('',#2651,#2652,#1553,.T.);
#3344=EDGE_CURVE('',#2652,#2649,#1554,.T.);
#3345=EDGE_CURVE('',#2653,#2651,#1555,.T.);
#3346=EDGE_CURVE('',#2653,#2654,#1556,.T.);
#3347=EDGE_CURVE('',#2654,#2652,#1557,.T.);
#3348=EDGE_CURVE('',#2648,#2653,#1558,.T.);
#3349=EDGE_CURVE('',#2650,#2654,#1559,.T.);
#3350=EDGE_CURVE('',#2655,#2656,#1560,.T.);
#3351=EDGE_CURVE('',#2655,#2657,#1561,.T.);
#3352=EDGE_CURVE('',#2657,#2658,#1562,.T.);
#3353=EDGE_CURVE('',#2656,#2658,#1563,.T.);
#3354=EDGE_CURVE('',#2659,#2655,#103,.T.);
#3355=EDGE_CURVE('',#2659,#2660,#1564,.T.);
#3356=EDGE_CURVE('',#2660,#2657,#104,.T.);
#3357=EDGE_CURVE('',#2661,#2659,#105,.T.);
#3358=EDGE_CURVE('',#2661,#2662,#1565,.T.);
#3359=EDGE_CURVE('',#2662,#2660,#106,.T.);
#3360=EDGE_CURVE('',#2663,#2661,#107,.T.);
#3361=EDGE_CURVE('',#2663,#2664,#1566,.T.);
#3362=EDGE_CURVE('',#2664,#2662,#108,.T.);
#3363=EDGE_CURVE('',#2665,#2663,#109,.T.);
#3364=EDGE_CURVE('',#2665,#2666,#1567,.T.);
#3365=EDGE_CURVE('',#2666,#2664,#110,.T.);
#3366=EDGE_CURVE('',#2667,#2665,#111,.T.);
#3367=EDGE_CURVE('',#2667,#2668,#1568,.T.);
#3368=EDGE_CURVE('',#2668,#2666,#112,.T.);
#3369=EDGE_CURVE('',#2669,#2667,#1569,.T.);
#3370=EDGE_CURVE('',#2669,#2670,#1570,.T.);
#3371=EDGE_CURVE('',#2670,#2668,#1571,.T.);
#3372=EDGE_CURVE('',#2671,#2669,#1572,.T.);
#3373=EDGE_CURVE('',#2671,#2672,#1573,.T.);
#3374=EDGE_CURVE('',#2672,#2670,#1574,.T.);
#3375=EDGE_CURVE('',#2673,#2671,#1575,.T.);
#3376=EDGE_CURVE('',#2673,#2674,#1576,.T.);
#3377=EDGE_CURVE('',#2674,#2672,#1577,.T.);
#3378=EDGE_CURVE('',#2675,#2673,#113,.T.);
#3379=EDGE_CURVE('',#2675,#2676,#1578,.T.);
#3380=EDGE_CURVE('',#2676,#2674,#114,.T.);
#3381=EDGE_CURVE('',#2677,#2675,#115,.T.);
#3382=EDGE_CURVE('',#2677,#2678,#1579,.T.);
#3383=EDGE_CURVE('',#2678,#2676,#116,.T.);
#3384=EDGE_CURVE('',#2679,#2677,#117,.T.);
#3385=EDGE_CURVE('',#2679,#2680,#1580,.T.);
#3386=EDGE_CURVE('',#2680,#2678,#118,.T.);
#3387=EDGE_CURVE('',#2681,#2679,#119,.T.);
#3388=EDGE_CURVE('',#2681,#2682,#1581,.T.);
#3389=EDGE_CURVE('',#2682,#2680,#120,.T.);
#3390=EDGE_CURVE('',#2683,#2681,#1582,.T.);
#3391=EDGE_CURVE('',#2683,#2684,#1583,.T.);
#3392=EDGE_CURVE('',#2684,#2682,#1584,.T.);
#3393=EDGE_CURVE('',#2685,#2683,#1585,.T.);
#3394=EDGE_CURVE('',#2685,#2686,#1586,.T.);
#3395=EDGE_CURVE('',#2686,#2684,#1587,.T.);
#3396=EDGE_CURVE('',#2687,#2685,#1588,.T.);
#3397=EDGE_CURVE('',#2687,#2688,#1589,.T.);
#3398=EDGE_CURVE('',#2688,#2686,#1590,.T.);
#3399=EDGE_CURVE('',#2656,#2687,#1591,.T.);
#3400=EDGE_CURVE('',#2658,#2688,#1592,.T.);
#3401=EDGE_CURVE('',#2689,#2690,#121,.T.);
#3402=EDGE_CURVE('',#2689,#2691,#1593,.T.);
#3403=EDGE_CURVE('',#2691,#2692,#122,.T.);
#3404=EDGE_CURVE('',#2690,#2692,#1594,.T.);
#3405=EDGE_CURVE('',#2693,#2689,#123,.T.);
#3406=EDGE_CURVE('',#2693,#2694,#1595,.T.);
#3407=EDGE_CURVE('',#2694,#2691,#124,.T.);
#3408=EDGE_CURVE('',#2695,#2693,#125,.T.);
#3409=EDGE_CURVE('',#2695,#2696,#1596,.T.);
#3410=EDGE_CURVE('',#2696,#2694,#126,.T.);
#3411=EDGE_CURVE('',#2697,#2695,#127,.T.);
#3412=EDGE_CURVE('',#2697,#2698,#1597,.T.);
#3413=EDGE_CURVE('',#2698,#2696,#128,.T.);
#3414=EDGE_CURVE('',#2699,#2697,#129,.T.);
#3415=EDGE_CURVE('',#2699,#2700,#1598,.T.);
#3416=EDGE_CURVE('',#2700,#2698,#130,.T.);
#3417=EDGE_CURVE('',#2701,#2699,#131,.T.);
#3418=EDGE_CURVE('',#2701,#2702,#1599,.T.);
#3419=EDGE_CURVE('',#2702,#2700,#132,.T.);
#3420=EDGE_CURVE('',#2703,#2701,#133,.T.);
#3421=EDGE_CURVE('',#2703,#2704,#1600,.T.);
#3422=EDGE_CURVE('',#2704,#2702,#134,.T.);
#3423=EDGE_CURVE('',#2690,#2703,#135,.T.);
#3424=EDGE_CURVE('',#2692,#2704,#136,.T.);
#3425=EDGE_CURVE('',#2705,#2706,#1601,.T.);
#3426=EDGE_CURVE('',#2705,#2707,#1602,.T.);
#3427=EDGE_CURVE('',#2707,#2708,#1603,.T.);
#3428=EDGE_CURVE('',#2706,#2708,#1604,.T.);
#3429=EDGE_CURVE('',#2709,#2705,#1605,.T.);
#3430=EDGE_CURVE('',#2709,#2710,#1606,.T.);
#3431=EDGE_CURVE('',#2710,#2707,#1607,.T.);
#3432=EDGE_CURVE('',#2711,#2709,#1608,.T.);
#3433=EDGE_CURVE('',#2711,#2712,#1609,.T.);
#3434=EDGE_CURVE('',#2712,#2710,#1610,.T.);
#3435=EDGE_CURVE('',#2713,#2711,#137,.T.);
#3436=EDGE_CURVE('',#2713,#2714,#1611,.T.);
#3437=EDGE_CURVE('',#2714,#2712,#138,.T.);
#3438=EDGE_CURVE('',#2715,#2713,#139,.T.);
#3439=EDGE_CURVE('',#2715,#2716,#1612,.T.);
#3440=EDGE_CURVE('',#2716,#2714,#140,.T.);
#3441=EDGE_CURVE('',#2717,#2715,#141,.T.);
#3442=EDGE_CURVE('',#2717,#2718,#1613,.T.);
#3443=EDGE_CURVE('',#2718,#2716,#142,.T.);
#3444=EDGE_CURVE('',#2719,#2717,#143,.T.);
#3445=EDGE_CURVE('',#2719,#2720,#1614,.T.);
#3446=EDGE_CURVE('',#2720,#2718,#144,.T.);
#3447=EDGE_CURVE('',#2721,#2719,#145,.T.);
#3448=EDGE_CURVE('',#2721,#2722,#1615,.T.);
#3449=EDGE_CURVE('',#2722,#2720,#146,.T.);
#3450=EDGE_CURVE('',#2723,#2721,#147,.T.);
#3451=EDGE_CURVE('',#2723,#2724,#1616,.T.);
#3452=EDGE_CURVE('',#2724,#2722,#148,.T.);
#3453=EDGE_CURVE('',#2725,#2723,#149,.T.);
#3454=EDGE_CURVE('',#2725,#2726,#1617,.T.);
#3455=EDGE_CURVE('',#2726,#2724,#150,.T.);
#3456=EDGE_CURVE('',#2727,#2725,#151,.T.);
#3457=EDGE_CURVE('',#2727,#2728,#1618,.T.);
#3458=EDGE_CURVE('',#2728,#2726,#152,.T.);
#3459=EDGE_CURVE('',#2729,#2727,#153,.T.);
#3460=EDGE_CURVE('',#2729,#2730,#1619,.T.);
#3461=EDGE_CURVE('',#2730,#2728,#154,.T.);
#3462=EDGE_CURVE('',#2731,#2729,#1620,.T.);
#3463=EDGE_CURVE('',#2731,#2732,#1621,.T.);
#3464=EDGE_CURVE('',#2732,#2730,#1622,.T.);
#3465=EDGE_CURVE('',#2706,#2731,#1623,.T.);
#3466=EDGE_CURVE('',#2708,#2732,#1624,.T.);
#3467=EDGE_CURVE('',#2733,#2734,#1625,.T.);
#3468=EDGE_CURVE('',#2733,#2735,#1626,.T.);
#3469=EDGE_CURVE('',#2735,#2736,#1627,.T.);
#3470=EDGE_CURVE('',#2734,#2736,#1628,.T.);
#3471=EDGE_CURVE('',#2737,#2733,#1629,.T.);
#3472=EDGE_CURVE('',#2737,#2738,#1630,.T.);
#3473=EDGE_CURVE('',#2738,#2735,#1631,.T.);
#3474=EDGE_CURVE('',#2739,#2737,#1632,.T.);
#3475=EDGE_CURVE('',#2739,#2740,#1633,.T.);
#3476=EDGE_CURVE('',#2740,#2738,#1634,.T.);
#3477=EDGE_CURVE('',#2741,#2739,#1635,.T.);
#3478=EDGE_CURVE('',#2741,#2742,#1636,.T.);
#3479=EDGE_CURVE('',#2742,#2740,#1637,.T.);
#3480=EDGE_CURVE('',#2743,#2741,#1638,.T.);
#3481=EDGE_CURVE('',#2743,#2744,#1639,.T.);
#3482=EDGE_CURVE('',#2744,#2742,#1640,.T.);
#3483=EDGE_CURVE('',#2745,#2743,#1641,.T.);
#3484=EDGE_CURVE('',#2745,#2746,#1642,.T.);
#3485=EDGE_CURVE('',#2746,#2744,#1643,.T.);
#3486=EDGE_CURVE('',#2747,#2745,#1644,.T.);
#3487=EDGE_CURVE('',#2747,#2748,#1645,.T.);
#3488=EDGE_CURVE('',#2748,#2746,#1646,.T.);
#3489=EDGE_CURVE('',#2749,#2747,#1647,.T.);
#3490=EDGE_CURVE('',#2749,#2750,#1648,.T.);
#3491=EDGE_CURVE('',#2750,#2748,#1649,.T.);
#3492=EDGE_CURVE('',#2751,#2749,#1650,.T.);
#3493=EDGE_CURVE('',#2751,#2752,#1651,.T.);
#3494=EDGE_CURVE('',#2752,#2750,#1652,.T.);
#3495=EDGE_CURVE('',#2753,#2751,#1653,.T.);
#3496=EDGE_CURVE('',#2753,#2754,#1654,.T.);
#3497=EDGE_CURVE('',#2754,#2752,#1655,.T.);
#3498=EDGE_CURVE('',#2755,#2753,#1656,.T.);
#3499=EDGE_CURVE('',#2755,#2756,#1657,.T.);
#3500=EDGE_CURVE('',#2756,#2754,#1658,.T.);
#3501=EDGE_CURVE('',#2734,#2755,#1659,.T.);
#3502=EDGE_CURVE('',#2736,#2756,#1660,.T.);
#3503=EDGE_CURVE('',#2757,#2758,#155,.T.);
#3504=EDGE_CURVE('',#2757,#2759,#1661,.T.);
#3505=EDGE_CURVE('',#2759,#2760,#156,.T.);
#3506=EDGE_CURVE('',#2758,#2760,#1662,.T.);
#3507=EDGE_CURVE('',#2761,#2757,#157,.T.);
#3508=EDGE_CURVE('',#2761,#2762,#1663,.T.);
#3509=EDGE_CURVE('',#2762,#2759,#158,.T.);
#3510=EDGE_CURVE('',#2763,#2761,#159,.T.);
#3511=EDGE_CURVE('',#2763,#2764,#1664,.T.);
#3512=EDGE_CURVE('',#2764,#2762,#160,.T.);
#3513=EDGE_CURVE('',#2765,#2763,#161,.T.);
#3514=EDGE_CURVE('',#2765,#2766,#1665,.T.);
#3515=EDGE_CURVE('',#2766,#2764,#162,.T.);
#3516=EDGE_CURVE('',#2767,#2765,#163,.T.);
#3517=EDGE_CURVE('',#2767,#2768,#1666,.T.);
#3518=EDGE_CURVE('',#2768,#2766,#164,.T.);
#3519=EDGE_CURVE('',#2769,#2767,#165,.T.);
#3520=EDGE_CURVE('',#2769,#2770,#1667,.T.);
#3521=EDGE_CURVE('',#2770,#2768,#166,.T.);
#3522=EDGE_CURVE('',#2771,#2769,#167,.T.);
#3523=EDGE_CURVE('',#2771,#2772,#1668,.T.);
#3524=EDGE_CURVE('',#2772,#2770,#168,.T.);
#3525=EDGE_CURVE('',#2773,#2771,#1669,.T.);
#3526=EDGE_CURVE('',#2773,#2774,#1670,.T.);
#3527=EDGE_CURVE('',#2774,#2772,#1671,.T.);
#3528=EDGE_CURVE('',#2775,#2773,#169,.T.);
#3529=EDGE_CURVE('',#2775,#2776,#1672,.T.);
#3530=EDGE_CURVE('',#2776,#2774,#170,.T.);
#3531=EDGE_CURVE('',#2777,#2775,#171,.T.);
#3532=EDGE_CURVE('',#2777,#2778,#1673,.T.);
#3533=EDGE_CURVE('',#2778,#2776,#172,.T.);
#3534=EDGE_CURVE('',#2779,#2777,#173,.T.);
#3535=EDGE_CURVE('',#2779,#2780,#1674,.T.);
#3536=EDGE_CURVE('',#2780,#2778,#174,.T.);
#3537=EDGE_CURVE('',#2781,#2779,#175,.T.);
#3538=EDGE_CURVE('',#2781,#2782,#1675,.T.);
#3539=EDGE_CURVE('',#2782,#2780,#176,.T.);
#3540=EDGE_CURVE('',#2783,#2781,#177,.T.);
#3541=EDGE_CURVE('',#2783,#2784,#1676,.T.);
#3542=EDGE_CURVE('',#2784,#2782,#178,.T.);
#3543=EDGE_CURVE('',#2785,#2783,#179,.T.);
#3544=EDGE_CURVE('',#2785,#2786,#1677,.T.);
#3545=EDGE_CURVE('',#2786,#2784,#180,.T.);
#3546=EDGE_CURVE('',#2787,#2785,#181,.T.);
#3547=EDGE_CURVE('',#2787,#2788,#1678,.T.);
#3548=EDGE_CURVE('',#2788,#2786,#182,.T.);
#3549=EDGE_CURVE('',#2789,#2787,#183,.T.);
#3550=EDGE_CURVE('',#2789,#2790,#1679,.T.);
#3551=EDGE_CURVE('',#2790,#2788,#184,.T.);
#3552=EDGE_CURVE('',#2791,#2789,#185,.T.);
#3553=EDGE_CURVE('',#2791,#2792,#1680,.T.);
#3554=EDGE_CURVE('',#2792,#2790,#186,.T.);
#3555=EDGE_CURVE('',#2793,#2791,#1681,.T.);
#3556=EDGE_CURVE('',#2793,#2794,#1682,.T.);
#3557=EDGE_CURVE('',#2794,#2792,#1683,.T.);
#3558=EDGE_CURVE('',#2758,#2793,#187,.T.);
#3559=EDGE_CURVE('',#2760,#2794,#188,.T.);
#3560=EDGE_CURVE('',#2795,#2796,#189,.T.);
#3561=EDGE_CURVE('',#2795,#2797,#1684,.T.);
#3562=EDGE_CURVE('',#2797,#2798,#190,.T.);
#3563=EDGE_CURVE('',#2796,#2798,#1685,.T.);
#3564=EDGE_CURVE('',#2799,#2795,#191,.T.);
#3565=EDGE_CURVE('',#2799,#2800,#1686,.T.);
#3566=EDGE_CURVE('',#2800,#2797,#192,.T.);
#3567=EDGE_CURVE('',#2801,#2799,#193,.T.);
#3568=EDGE_CURVE('',#2801,#2802,#1687,.T.);
#3569=EDGE_CURVE('',#2802,#2800,#194,.T.);
#3570=EDGE_CURVE('',#2803,#2801,#195,.T.);
#3571=EDGE_CURVE('',#2803,#2804,#1688,.T.);
#3572=EDGE_CURVE('',#2804,#2802,#196,.T.);
#3573=EDGE_CURVE('',#2805,#2803,#197,.T.);
#3574=EDGE_CURVE('',#2805,#2806,#1689,.T.);
#3575=EDGE_CURVE('',#2806,#2804,#198,.T.);
#3576=EDGE_CURVE('',#2807,#2805,#199,.T.);
#3577=EDGE_CURVE('',#2807,#2808,#1690,.T.);
#3578=EDGE_CURVE('',#2808,#2806,#200,.T.);
#3579=EDGE_CURVE('',#2809,#2807,#201,.T.);
#3580=EDGE_CURVE('',#2809,#2810,#1691,.T.);
#3581=EDGE_CURVE('',#2810,#2808,#202,.T.);
#3582=EDGE_CURVE('',#2796,#2809,#203,.T.);
#3583=EDGE_CURVE('',#2798,#2810,#204,.T.);
#3584=EDGE_CURVE('',#2811,#2812,#1692,.T.);
#3585=EDGE_CURVE('',#2811,#2813,#1693,.T.);
#3586=EDGE_CURVE('',#2813,#2814,#1694,.T.);
#3587=EDGE_CURVE('',#2812,#2814,#1695,.T.);
#3588=EDGE_CURVE('',#2815,#2811,#205,.T.);
#3589=EDGE_CURVE('',#2815,#2816,#1696,.T.);
#3590=EDGE_CURVE('',#2816,#2813,#206,.T.);
#3591=EDGE_CURVE('',#2817,#2815,#207,.T.);
#3592=EDGE_CURVE('',#2817,#2818,#1697,.T.);
#3593=EDGE_CURVE('',#2818,#2816,#208,.T.);
#3594=EDGE_CURVE('',#2819,#2817,#209,.T.);
#3595=EDGE_CURVE('',#2819,#2820,#1698,.T.);
#3596=EDGE_CURVE('',#2820,#2818,#210,.T.);
#3597=EDGE_CURVE('',#2821,#2819,#211,.T.);
#3598=EDGE_CURVE('',#2821,#2822,#1699,.T.);
#3599=EDGE_CURVE('',#2822,#2820,#212,.T.);
#3600=EDGE_CURVE('',#2823,#2821,#213,.T.);
#3601=EDGE_CURVE('',#2823,#2824,#1700,.T.);
#3602=EDGE_CURVE('',#2824,#2822,#214,.T.);
#3603=EDGE_CURVE('',#2825,#2823,#215,.T.);
#3604=EDGE_CURVE('',#2825,#2826,#1701,.T.);
#3605=EDGE_CURVE('',#2826,#2824,#216,.T.);
#3606=EDGE_CURVE('',#2827,#2825,#217,.T.);
#3607=EDGE_CURVE('',#2827,#2828,#1702,.T.);
#3608=EDGE_CURVE('',#2828,#2826,#218,.T.);
#3609=EDGE_CURVE('',#2829,#2827,#219,.T.);
#3610=EDGE_CURVE('',#2829,#2830,#1703,.T.);
#3611=EDGE_CURVE('',#2830,#2828,#220,.T.);
#3612=EDGE_CURVE('',#2831,#2829,#221,.T.);
#3613=EDGE_CURVE('',#2831,#2832,#1704,.T.);
#3614=EDGE_CURVE('',#2832,#2830,#222,.T.);
#3615=EDGE_CURVE('',#2833,#2831,#223,.T.);
#3616=EDGE_CURVE('',#2833,#2834,#1705,.T.);
#3617=EDGE_CURVE('',#2834,#2832,#224,.T.);
#3618=EDGE_CURVE('',#2835,#2833,#1706,.T.);
#3619=EDGE_CURVE('',#2835,#2836,#1707,.T.);
#3620=EDGE_CURVE('',#2836,#2834,#1708,.T.);
#3621=EDGE_CURVE('',#2837,#2835,#1709,.T.);
#3622=EDGE_CURVE('',#2837,#2838,#1710,.T.);
#3623=EDGE_CURVE('',#2838,#2836,#1711,.T.);
#3624=EDGE_CURVE('',#2839,#2837,#1712,.T.);
#3625=EDGE_CURVE('',#2839,#2840,#1713,.T.);
#3626=EDGE_CURVE('',#2840,#2838,#1714,.T.);
#3627=EDGE_CURVE('',#2812,#2839,#1715,.T.);
#3628=EDGE_CURVE('',#2814,#2840,#1716,.T.);
#3629=EDGE_CURVE('',#2841,#2842,#225,.T.);
#3630=EDGE_CURVE('',#2841,#2843,#1717,.T.);
#3631=EDGE_CURVE('',#2843,#2844,#226,.T.);
#3632=EDGE_CURVE('',#2842,#2844,#1718,.T.);
#3633=EDGE_CURVE('',#2845,#2841,#227,.T.);
#3634=EDGE_CURVE('',#2845,#2846,#1719,.T.);
#3635=EDGE_CURVE('',#2846,#2843,#228,.T.);
#3636=EDGE_CURVE('',#2847,#2845,#229,.T.);
#3637=EDGE_CURVE('',#2847,#2848,#1720,.T.);
#3638=EDGE_CURVE('',#2848,#2846,#230,.T.);
#3639=EDGE_CURVE('',#2849,#2847,#231,.T.);
#3640=EDGE_CURVE('',#2849,#2850,#1721,.T.);
#3641=EDGE_CURVE('',#2850,#2848,#232,.T.);
#3642=EDGE_CURVE('',#2851,#2849,#233,.T.);
#3643=EDGE_CURVE('',#2851,#2852,#1722,.T.);
#3644=EDGE_CURVE('',#2852,#2850,#234,.T.);
#3645=EDGE_CURVE('',#2853,#2851,#235,.T.);
#3646=EDGE_CURVE('',#2853,#2854,#1723,.T.);
#3647=EDGE_CURVE('',#2854,#2852,#236,.T.);
#3648=EDGE_CURVE('',#2855,#2853,#237,.T.);
#3649=EDGE_CURVE('',#2855,#2856,#1724,.T.);
#3650=EDGE_CURVE('',#2856,#2854,#238,.T.);
#3651=EDGE_CURVE('',#2857,#2855,#239,.T.);
#3652=EDGE_CURVE('',#2857,#2858,#1725,.T.);
#3653=EDGE_CURVE('',#2858,#2856,#240,.T.);
#3654=EDGE_CURVE('',#2859,#2857,#241,.T.);
#3655=EDGE_CURVE('',#2859,#2860,#1726,.T.);
#3656=EDGE_CURVE('',#2860,#2858,#242,.T.);
#3657=EDGE_CURVE('',#2842,#2859,#1727,.T.);
#3658=EDGE_CURVE('',#2844,#2860,#1728,.T.);
#3659=EDGE_CURVE('',#2861,#2862,#1729,.T.);
#3660=EDGE_CURVE('',#2861,#2863,#1730,.T.);
#3661=EDGE_CURVE('',#2863,#2864,#1731,.T.);
#3662=EDGE_CURVE('',#2862,#2864,#1732,.T.);
#3663=EDGE_CURVE('',#2865,#2861,#243,.T.);
#3664=EDGE_CURVE('',#2865,#2866,#1733,.T.);
#3665=EDGE_CURVE('',#2866,#2863,#244,.T.);
#3666=EDGE_CURVE('',#2867,#2865,#245,.T.);
#3667=EDGE_CURVE('',#2867,#2868,#1734,.T.);
#3668=EDGE_CURVE('',#2868,#2866,#246,.T.);
#3669=EDGE_CURVE('',#2869,#2867,#1735,.T.);
#3670=EDGE_CURVE('',#2869,#2870,#1736,.T.);
#3671=EDGE_CURVE('',#2870,#2868,#1737,.T.);
#3672=EDGE_CURVE('',#2871,#2869,#247,.T.);
#3673=EDGE_CURVE('',#2871,#2872,#1738,.T.);
#3674=EDGE_CURVE('',#2872,#2870,#248,.T.);
#3675=EDGE_CURVE('',#2873,#2871,#249,.T.);
#3676=EDGE_CURVE('',#2873,#2874,#1739,.T.);
#3677=EDGE_CURVE('',#2874,#2872,#250,.T.);
#3678=EDGE_CURVE('',#2875,#2873,#251,.T.);
#3679=EDGE_CURVE('',#2875,#2876,#1740,.T.);
#3680=EDGE_CURVE('',#2876,#2874,#252,.T.);
#3681=EDGE_CURVE('',#2877,#2875,#253,.T.);
#3682=EDGE_CURVE('',#2877,#2878,#1741,.T.);
#3683=EDGE_CURVE('',#2878,#2876,#254,.T.);
#3684=EDGE_CURVE('',#2879,#2877,#255,.T.);
#3685=EDGE_CURVE('',#2879,#2880,#1742,.T.);
#3686=EDGE_CURVE('',#2880,#2878,#256,.T.);
#3687=EDGE_CURVE('',#2881,#2879,#257,.T.);
#3688=EDGE_CURVE('',#2881,#2882,#1743,.T.);
#3689=EDGE_CURVE('',#2882,#2880,#258,.T.);
#3690=EDGE_CURVE('',#2883,#2881,#259,.T.);
#3691=EDGE_CURVE('',#2883,#2884,#1744,.T.);
#3692=EDGE_CURVE('',#2884,#2882,#260,.T.);
#3693=EDGE_CURVE('',#2885,#2883,#1745,.T.);
#3694=EDGE_CURVE('',#2885,#2886,#1746,.T.);
#3695=EDGE_CURVE('',#2886,#2884,#1747,.T.);
#3696=EDGE_CURVE('',#2887,#2885,#261,.T.);
#3697=EDGE_CURVE('',#2887,#2888,#1748,.T.);
#3698=EDGE_CURVE('',#2888,#2886,#262,.T.);
#3699=EDGE_CURVE('',#2889,#2887,#263,.T.);
#3700=EDGE_CURVE('',#2889,#2890,#1749,.T.);
#3701=EDGE_CURVE('',#2890,#2888,#264,.T.);
#3702=EDGE_CURVE('',#2891,#2889,#265,.T.);
#3703=EDGE_CURVE('',#2891,#2892,#1750,.T.);
#3704=EDGE_CURVE('',#2892,#2890,#266,.T.);
#3705=EDGE_CURVE('',#2893,#2891,#267,.T.);
#3706=EDGE_CURVE('',#2893,#2894,#1751,.T.);
#3707=EDGE_CURVE('',#2894,#2892,#268,.T.);
#3708=EDGE_CURVE('',#2895,#2893,#269,.T.);
#3709=EDGE_CURVE('',#2895,#2896,#1752,.T.);
#3710=EDGE_CURVE('',#2896,#2894,#270,.T.);
#3711=EDGE_CURVE('',#2897,#2895,#271,.T.);
#3712=EDGE_CURVE('',#2897,#2898,#1753,.T.);
#3713=EDGE_CURVE('',#2898,#2896,#272,.T.);
#3714=EDGE_CURVE('',#2899,#2897,#273,.T.);
#3715=EDGE_CURVE('',#2899,#2900,#1754,.T.);
#3716=EDGE_CURVE('',#2900,#2898,#274,.T.);
#3717=EDGE_CURVE('',#2901,#2899,#275,.T.);
#3718=EDGE_CURVE('',#2901,#2902,#1755,.T.);
#3719=EDGE_CURVE('',#2902,#2900,#276,.T.);
#3720=EDGE_CURVE('',#2903,#2901,#277,.T.);
#3721=EDGE_CURVE('',#2903,#2904,#1756,.T.);
#3722=EDGE_CURVE('',#2904,#2902,#278,.T.);
#3723=EDGE_CURVE('',#2905,#2903,#279,.T.);
#3724=EDGE_CURVE('',#2905,#2906,#1757,.T.);
#3725=EDGE_CURVE('',#2906,#2904,#280,.T.);
#3726=EDGE_CURVE('',#2907,#2905,#281,.T.);
#3727=EDGE_CURVE('',#2907,#2908,#1758,.T.);
#3728=EDGE_CURVE('',#2908,#2906,#282,.T.);
#3729=EDGE_CURVE('',#2909,#2907,#283,.T.);
#3730=EDGE_CURVE('',#2909,#2910,#1759,.T.);
#3731=EDGE_CURVE('',#2910,#2908,#284,.T.);
#3732=EDGE_CURVE('',#2911,#2909,#285,.T.);
#3733=EDGE_CURVE('',#2911,#2912,#1760,.T.);
#3734=EDGE_CURVE('',#2912,#2910,#286,.T.);
#3735=EDGE_CURVE('',#2913,#2911,#287,.T.);
#3736=EDGE_CURVE('',#2913,#2914,#1761,.T.);
#3737=EDGE_CURVE('',#2914,#2912,#288,.T.);
#3738=EDGE_CURVE('',#2862,#2913,#289,.T.);
#3739=EDGE_CURVE('',#2864,#2914,#290,.T.);
#3740=EDGE_CURVE('',#2915,#2916,#1762,.T.);
#3741=EDGE_CURVE('',#2915,#2917,#1763,.T.);
#3742=EDGE_CURVE('',#2917,#2918,#1764,.T.);
#3743=EDGE_CURVE('',#2916,#2918,#1765,.T.);
#3744=EDGE_CURVE('',#2919,#2915,#1766,.T.);
#3745=EDGE_CURVE('',#2919,#2920,#1767,.T.);
#3746=EDGE_CURVE('',#2920,#2917,#1768,.T.);
#3747=EDGE_CURVE('',#2921,#2919,#1769,.T.);
#3748=EDGE_CURVE('',#2921,#2922,#1770,.T.);
#3749=EDGE_CURVE('',#2922,#2920,#1771,.T.);
#3750=EDGE_CURVE('',#2923,#2921,#1772,.T.);
#3751=EDGE_CURVE('',#2923,#2924,#1773,.T.);
#3752=EDGE_CURVE('',#2924,#2922,#1774,.T.);
#3753=EDGE_CURVE('',#2925,#2923,#1775,.T.);
#3754=EDGE_CURVE('',#2925,#2926,#1776,.T.);
#3755=EDGE_CURVE('',#2926,#2924,#1777,.T.);
#3756=EDGE_CURVE('',#2927,#2925,#1778,.T.);
#3757=EDGE_CURVE('',#2927,#2928,#1779,.T.);
#3758=EDGE_CURVE('',#2928,#2926,#1780,.T.);
#3759=EDGE_CURVE('',#2929,#2927,#1781,.T.);
#3760=EDGE_CURVE('',#2929,#2930,#1782,.T.);
#3761=EDGE_CURVE('',#2930,#2928,#1783,.T.);
#3762=EDGE_CURVE('',#2931,#2929,#1784,.T.);
#3763=EDGE_CURVE('',#2931,#2932,#1785,.T.);
#3764=EDGE_CURVE('',#2932,#2930,#1786,.T.);
#3765=EDGE_CURVE('',#2933,#2931,#1787,.T.);
#3766=EDGE_CURVE('',#2933,#2934,#1788,.T.);
#3767=EDGE_CURVE('',#2934,#2932,#1789,.T.);
#3768=EDGE_CURVE('',#2935,#2933,#1790,.T.);
#3769=EDGE_CURVE('',#2935,#2936,#1791,.T.);
#3770=EDGE_CURVE('',#2936,#2934,#1792,.T.);
#3771=EDGE_CURVE('',#2937,#2935,#1793,.T.);
#3772=EDGE_CURVE('',#2937,#2938,#1794,.T.);
#3773=EDGE_CURVE('',#2938,#2936,#1795,.T.);
#3774=EDGE_CURVE('',#2916,#2937,#1796,.T.);
#3775=EDGE_CURVE('',#2918,#2938,#1797,.T.);
#3776=EDGE_CURVE('',#2939,#2940,#291,.T.);
#3777=EDGE_CURVE('',#2939,#2941,#1798,.T.);
#3778=EDGE_CURVE('',#2941,#2942,#292,.T.);
#3779=EDGE_CURVE('',#2940,#2942,#1799,.T.);
#3780=EDGE_CURVE('',#2943,#2939,#293,.T.);
#3781=EDGE_CURVE('',#2943,#2944,#1800,.T.);
#3782=EDGE_CURVE('',#2944,#2941,#294,.T.);
#3783=EDGE_CURVE('',#2945,#2943,#295,.T.);
#3784=EDGE_CURVE('',#2945,#2946,#1801,.T.);
#3785=EDGE_CURVE('',#2946,#2944,#296,.T.);
#3786=EDGE_CURVE('',#2947,#2945,#297,.T.);
#3787=EDGE_CURVE('',#2947,#2948,#1802,.T.);
#3788=EDGE_CURVE('',#2948,#2946,#298,.T.);
#3789=EDGE_CURVE('',#2949,#2947,#299,.T.);
#3790=EDGE_CURVE('',#2949,#2950,#1803,.T.);
#3791=EDGE_CURVE('',#2950,#2948,#300,.T.);
#3792=EDGE_CURVE('',#2951,#2949,#301,.T.);
#3793=EDGE_CURVE('',#2951,#2952,#1804,.T.);
#3794=EDGE_CURVE('',#2952,#2950,#302,.T.);
#3795=EDGE_CURVE('',#2953,#2951,#303,.T.);
#3796=EDGE_CURVE('',#2953,#2954,#1805,.T.);
#3797=EDGE_CURVE('',#2954,#2952,#304,.T.);
#3798=EDGE_CURVE('',#2955,#2953,#305,.T.);
#3799=EDGE_CURVE('',#2955,#2956,#1806,.T.);
#3800=EDGE_CURVE('',#2956,#2954,#306,.T.);
#3801=EDGE_CURVE('',#2957,#2955,#307,.T.);
#3802=EDGE_CURVE('',#2957,#2958,#1807,.T.);
#3803=EDGE_CURVE('',#2958,#2956,#308,.T.);
#3804=EDGE_CURVE('',#2940,#2957,#1808,.T.);
#3805=EDGE_CURVE('',#2942,#2958,#1809,.T.);
#3806=EDGE_CURVE('',#2959,#2960,#1810,.T.);
#3807=EDGE_CURVE('',#2959,#2961,#1811,.T.);
#3808=EDGE_CURVE('',#2961,#2962,#1812,.T.);
#3809=EDGE_CURVE('',#2960,#2962,#1813,.T.);
#3810=EDGE_CURVE('',#2963,#2959,#309,.T.);
#3811=EDGE_CURVE('',#2963,#2964,#1814,.T.);
#3812=EDGE_CURVE('',#2964,#2961,#310,.T.);
#3813=EDGE_CURVE('',#2965,#2963,#311,.T.);
#3814=EDGE_CURVE('',#2965,#2966,#1815,.T.);
#3815=EDGE_CURVE('',#2966,#2964,#312,.T.);
#3816=EDGE_CURVE('',#2967,#2965,#1816,.T.);
#3817=EDGE_CURVE('',#2967,#2968,#1817,.T.);
#3818=EDGE_CURVE('',#2968,#2966,#1818,.T.);
#3819=EDGE_CURVE('',#2969,#2967,#313,.T.);
#3820=EDGE_CURVE('',#2969,#2970,#1819,.T.);
#3821=EDGE_CURVE('',#2970,#2968,#314,.T.);
#3822=EDGE_CURVE('',#2971,#2969,#315,.T.);
#3823=EDGE_CURVE('',#2971,#2972,#1820,.T.);
#3824=EDGE_CURVE('',#2972,#2970,#316,.T.);
#3825=EDGE_CURVE('',#2973,#2971,#317,.T.);
#3826=EDGE_CURVE('',#2973,#2974,#1821,.T.);
#3827=EDGE_CURVE('',#2974,#2972,#318,.T.);
#3828=EDGE_CURVE('',#2975,#2973,#319,.T.);
#3829=EDGE_CURVE('',#2975,#2976,#1822,.T.);
#3830=EDGE_CURVE('',#2976,#2974,#320,.T.);
#3831=EDGE_CURVE('',#2977,#2975,#321,.T.);
#3832=EDGE_CURVE('',#2977,#2978,#1823,.T.);
#3833=EDGE_CURVE('',#2978,#2976,#322,.T.);
#3834=EDGE_CURVE('',#2979,#2977,#323,.T.);
#3835=EDGE_CURVE('',#2979,#2980,#1824,.T.);
#3836=EDGE_CURVE('',#2980,#2978,#324,.T.);
#3837=EDGE_CURVE('',#2981,#2979,#325,.T.);
#3838=EDGE_CURVE('',#2981,#2982,#1825,.T.);
#3839=EDGE_CURVE('',#2982,#2980,#326,.T.);
#3840=EDGE_CURVE('',#2983,#2981,#1826,.T.);
#3841=EDGE_CURVE('',#2983,#2984,#1827,.T.);
#3842=EDGE_CURVE('',#2984,#2982,#1828,.T.);
#3843=EDGE_CURVE('',#2985,#2983,#327,.T.);
#3844=EDGE_CURVE('',#2985,#2986,#1829,.T.);
#3845=EDGE_CURVE('',#2986,#2984,#328,.T.);
#3846=EDGE_CURVE('',#2987,#2985,#329,.T.);
#3847=EDGE_CURVE('',#2987,#2988,#1830,.T.);
#3848=EDGE_CURVE('',#2988,#2986,#330,.T.);
#3849=EDGE_CURVE('',#2989,#2987,#331,.T.);
#3850=EDGE_CURVE('',#2989,#2990,#1831,.T.);
#3851=EDGE_CURVE('',#2990,#2988,#332,.T.);
#3852=EDGE_CURVE('',#2991,#2989,#333,.T.);
#3853=EDGE_CURVE('',#2991,#2992,#1832,.T.);
#3854=EDGE_CURVE('',#2992,#2990,#334,.T.);
#3855=EDGE_CURVE('',#2993,#2991,#335,.T.);
#3856=EDGE_CURVE('',#2993,#2994,#1833,.T.);
#3857=EDGE_CURVE('',#2994,#2992,#336,.T.);
#3858=EDGE_CURVE('',#2995,#2993,#337,.T.);
#3859=EDGE_CURVE('',#2995,#2996,#1834,.T.);
#3860=EDGE_CURVE('',#2996,#2994,#338,.T.);
#3861=EDGE_CURVE('',#2997,#2995,#339,.T.);
#3862=EDGE_CURVE('',#2997,#2998,#1835,.T.);
#3863=EDGE_CURVE('',#2998,#2996,#340,.T.);
#3864=EDGE_CURVE('',#2999,#2997,#341,.T.);
#3865=EDGE_CURVE('',#2999,#3000,#1836,.T.);
#3866=EDGE_CURVE('',#3000,#2998,#342,.T.);
#3867=EDGE_CURVE('',#3001,#2999,#343,.T.);
#3868=EDGE_CURVE('',#3001,#3002,#1837,.T.);
#3869=EDGE_CURVE('',#3002,#3000,#344,.T.);
#3870=EDGE_CURVE('',#3003,#3001,#345,.T.);
#3871=EDGE_CURVE('',#3003,#3004,#1838,.T.);
#3872=EDGE_CURVE('',#3004,#3002,#346,.T.);
#3873=EDGE_CURVE('',#3005,#3003,#347,.T.);
#3874=EDGE_CURVE('',#3005,#3006,#1839,.T.);
#3875=EDGE_CURVE('',#3006,#3004,#348,.T.);
#3876=EDGE_CURVE('',#3007,#3005,#349,.T.);
#3877=EDGE_CURVE('',#3007,#3008,#1840,.T.);
#3878=EDGE_CURVE('',#3008,#3006,#350,.T.);
#3879=EDGE_CURVE('',#3009,#3007,#351,.T.);
#3880=EDGE_CURVE('',#3009,#3010,#1841,.T.);
#3881=EDGE_CURVE('',#3010,#3008,#352,.T.);
#3882=EDGE_CURVE('',#3011,#3009,#353,.T.);
#3883=EDGE_CURVE('',#3011,#3012,#1842,.T.);
#3884=EDGE_CURVE('',#3012,#3010,#354,.T.);
#3885=EDGE_CURVE('',#2960,#3011,#355,.T.);
#3886=EDGE_CURVE('',#2962,#3012,#356,.T.);
#3887=EDGE_CURVE('',#3013,#3014,#357,.T.);
#3888=EDGE_CURVE('',#3013,#3015,#1843,.T.);
#3889=EDGE_CURVE('',#3015,#3016,#358,.T.);
#3890=EDGE_CURVE('',#3014,#3016,#1844,.T.);
#3891=EDGE_CURVE('',#3017,#3013,#359,.T.);
#3892=EDGE_CURVE('',#3017,#3018,#1845,.T.);
#3893=EDGE_CURVE('',#3018,#3015,#360,.T.);
#3894=EDGE_CURVE('',#3019,#3017,#361,.T.);
#3895=EDGE_CURVE('',#3019,#3020,#1846,.T.);
#3896=EDGE_CURVE('',#3020,#3018,#362,.T.);
#3897=EDGE_CURVE('',#3021,#3019,#363,.T.);
#3898=EDGE_CURVE('',#3021,#3022,#1847,.T.);
#3899=EDGE_CURVE('',#3022,#3020,#364,.T.);
#3900=EDGE_CURVE('',#3023,#3021,#365,.T.);
#3901=EDGE_CURVE('',#3023,#3024,#1848,.T.);
#3902=EDGE_CURVE('',#3024,#3022,#366,.T.);
#3903=EDGE_CURVE('',#3025,#3023,#367,.T.);
#3904=EDGE_CURVE('',#3025,#3026,#1849,.T.);
#3905=EDGE_CURVE('',#3026,#3024,#368,.T.);
#3906=EDGE_CURVE('',#3027,#3025,#369,.T.);
#3907=EDGE_CURVE('',#3027,#3028,#1850,.T.);
#3908=EDGE_CURVE('',#3028,#3026,#370,.T.);
#3909=EDGE_CURVE('',#3029,#3027,#371,.T.);
#3910=EDGE_CURVE('',#3029,#3030,#1851,.T.);
#3911=EDGE_CURVE('',#3030,#3028,#372,.T.);
#3912=EDGE_CURVE('',#3031,#3029,#373,.T.);
#3913=EDGE_CURVE('',#3031,#3032,#1852,.T.);
#3914=EDGE_CURVE('',#3032,#3030,#374,.T.);
#3915=EDGE_CURVE('',#3033,#3031,#375,.T.);
#3916=EDGE_CURVE('',#3033,#3034,#1853,.T.);
#3917=EDGE_CURVE('',#3034,#3032,#376,.T.);
#3918=EDGE_CURVE('',#3035,#3033,#377,.T.);
#3919=EDGE_CURVE('',#3035,#3036,#1854,.T.);
#3920=EDGE_CURVE('',#3036,#3034,#378,.T.);
#3921=EDGE_CURVE('',#3037,#3035,#379,.T.);
#3922=EDGE_CURVE('',#3037,#3038,#1855,.T.);
#3923=EDGE_CURVE('',#3038,#3036,#380,.T.);
#3924=EDGE_CURVE('',#3039,#3037,#381,.T.);
#3925=EDGE_CURVE('',#3039,#3040,#1856,.T.);
#3926=EDGE_CURVE('',#3040,#3038,#382,.T.);
#3927=EDGE_CURVE('',#3041,#3039,#383,.T.);
#3928=EDGE_CURVE('',#3041,#3042,#1857,.T.);
#3929=EDGE_CURVE('',#3042,#3040,#384,.T.);
#3930=EDGE_CURVE('',#3043,#3041,#1858,.T.);
#3931=EDGE_CURVE('',#3043,#3044,#1859,.T.);
#3932=EDGE_CURVE('',#3044,#3042,#1860,.T.);
#3933=EDGE_CURVE('',#3045,#3043,#385,.T.);
#3934=EDGE_CURVE('',#3045,#3046,#1861,.T.);
#3935=EDGE_CURVE('',#3046,#3044,#386,.T.);
#3936=EDGE_CURVE('',#3047,#3045,#387,.T.);
#3937=EDGE_CURVE('',#3047,#3048,#1862,.T.);
#3938=EDGE_CURVE('',#3048,#3046,#388,.T.);
#3939=EDGE_CURVE('',#3049,#3047,#389,.T.);
#3940=EDGE_CURVE('',#3049,#3050,#1863,.T.);
#3941=EDGE_CURVE('',#3050,#3048,#390,.T.);
#3942=EDGE_CURVE('',#3051,#3049,#391,.T.);
#3943=EDGE_CURVE('',#3051,#3052,#1864,.T.);
#3944=EDGE_CURVE('',#3052,#3050,#392,.T.);
#3945=EDGE_CURVE('',#3053,#3051,#393,.T.);
#3946=EDGE_CURVE('',#3053,#3054,#1865,.T.);
#3947=EDGE_CURVE('',#3054,#3052,#394,.T.);
#3948=EDGE_CURVE('',#3055,#3053,#395,.T.);
#3949=EDGE_CURVE('',#3055,#3056,#1866,.T.);
#3950=EDGE_CURVE('',#3056,#3054,#396,.T.);
#3951=EDGE_CURVE('',#3057,#3055,#397,.T.);
#3952=EDGE_CURVE('',#3057,#3058,#1867,.T.);
#3953=EDGE_CURVE('',#3058,#3056,#398,.T.);
#3954=EDGE_CURVE('',#3059,#3057,#399,.T.);
#3955=EDGE_CURVE('',#3059,#3060,#1868,.T.);
#3956=EDGE_CURVE('',#3060,#3058,#400,.T.);
#3957=EDGE_CURVE('',#3061,#3059,#401,.T.);
#3958=EDGE_CURVE('',#3061,#3062,#1869,.T.);
#3959=EDGE_CURVE('',#3062,#3060,#402,.T.);
#3960=EDGE_CURVE('',#3063,#3061,#403,.T.);
#3961=EDGE_CURVE('',#3063,#3064,#1870,.T.);
#3962=EDGE_CURVE('',#3064,#3062,#404,.T.);
#3963=EDGE_CURVE('',#3065,#3063,#405,.T.);
#3964=EDGE_CURVE('',#3065,#3066,#1871,.T.);
#3965=EDGE_CURVE('',#3066,#3064,#406,.T.);
#3966=EDGE_CURVE('',#3067,#3065,#407,.T.);
#3967=EDGE_CURVE('',#3067,#3068,#1872,.T.);
#3968=EDGE_CURVE('',#3068,#3066,#408,.T.);
#3969=EDGE_CURVE('',#3069,#3067,#409,.T.);
#3970=EDGE_CURVE('',#3069,#3070,#1873,.T.);
#3971=EDGE_CURVE('',#3070,#3068,#410,.T.);
#3972=EDGE_CURVE('',#3071,#3069,#411,.T.);
#3973=EDGE_CURVE('',#3071,#3072,#1874,.T.);
#3974=EDGE_CURVE('',#3072,#3070,#412,.T.);
#3975=EDGE_CURVE('',#3073,#3071,#413,.T.);
#3976=EDGE_CURVE('',#3073,#3074,#1875,.T.);
#3977=EDGE_CURVE('',#3074,#3072,#414,.T.);
#3978=EDGE_CURVE('',#3075,#3073,#415,.T.);
#3979=EDGE_CURVE('',#3075,#3076,#1876,.T.);
#3980=EDGE_CURVE('',#3076,#3074,#416,.T.);
#3981=EDGE_CURVE('',#3077,#3075,#1877,.T.);
#3982=EDGE_CURVE('',#3077,#3078,#1878,.T.);
#3983=EDGE_CURVE('',#3078,#3076,#1879,.T.);
#3984=EDGE_CURVE('',#3014,#3077,#417,.T.);
#3985=EDGE_CURVE('',#3016,#3078,#418,.T.);
#3986=EDGE_CURVE('',#3079,#3080,#419,.T.);
#3987=EDGE_CURVE('',#3079,#3081,#1880,.T.);
#3988=EDGE_CURVE('',#3081,#3082,#420,.T.);
#3989=EDGE_CURVE('',#3080,#3082,#1881,.T.);
#3990=EDGE_CURVE('',#3083,#3079,#421,.T.);
#3991=EDGE_CURVE('',#3083,#3084,#1882,.T.);
#3992=EDGE_CURVE('',#3084,#3081,#422,.T.);
#3993=EDGE_CURVE('',#3085,#3083,#423,.T.);
#3994=EDGE_CURVE('',#3085,#3086,#1883,.T.);
#3995=EDGE_CURVE('',#3086,#3084,#424,.T.);
#3996=EDGE_CURVE('',#3087,#3085,#1884,.T.);
#3997=EDGE_CURVE('',#3087,#3088,#1885,.T.);
#3998=EDGE_CURVE('',#3088,#3086,#1886,.T.);
#3999=EDGE_CURVE('',#3089,#3087,#1887,.T.);
#4000=EDGE_CURVE('',#3089,#3090,#1888,.T.);
#4001=EDGE_CURVE('',#3090,#3088,#1889,.T.);
#4002=EDGE_CURVE('',#3091,#3089,#1890,.T.);
#4003=EDGE_CURVE('',#3091,#3092,#1891,.T.);
#4004=EDGE_CURVE('',#3092,#3090,#1892,.T.);
#4005=EDGE_CURVE('',#3093,#3091,#1893,.T.);
#4006=EDGE_CURVE('',#3093,#3094,#1894,.T.);
#4007=EDGE_CURVE('',#3094,#3092,#1895,.T.);
#4008=EDGE_CURVE('',#3095,#3093,#1896,.T.);
#4009=EDGE_CURVE('',#3095,#3096,#1897,.T.);
#4010=EDGE_CURVE('',#3096,#3094,#1898,.T.);
#4011=EDGE_CURVE('',#3097,#3095,#1899,.T.);
#4012=EDGE_CURVE('',#3097,#3098,#1900,.T.);
#4013=EDGE_CURVE('',#3098,#3096,#1901,.T.);
#4014=EDGE_CURVE('',#3099,#3097,#1902,.T.);
#4015=EDGE_CURVE('',#3099,#3100,#1903,.T.);
#4016=EDGE_CURVE('',#3100,#3098,#1904,.T.);
#4017=EDGE_CURVE('',#3101,#3099,#1905,.T.);
#4018=EDGE_CURVE('',#3101,#3102,#1906,.T.);
#4019=EDGE_CURVE('',#3102,#3100,#1907,.T.);
#4020=EDGE_CURVE('',#3103,#3101,#1908,.T.);
#4021=EDGE_CURVE('',#3103,#3104,#1909,.T.);
#4022=EDGE_CURVE('',#3104,#3102,#1910,.T.);
#4023=EDGE_CURVE('',#3105,#3103,#1911,.T.);
#4024=EDGE_CURVE('',#3105,#3106,#1912,.T.);
#4025=EDGE_CURVE('',#3106,#3104,#1913,.T.);
#4026=EDGE_CURVE('',#3107,#3105,#1914,.T.);
#4027=EDGE_CURVE('',#3107,#3108,#1915,.T.);
#4028=EDGE_CURVE('',#3108,#3106,#1916,.T.);
#4029=EDGE_CURVE('',#3109,#3107,#425,.T.);
#4030=EDGE_CURVE('',#3109,#3110,#1917,.T.);
#4031=EDGE_CURVE('',#3110,#3108,#426,.T.);
#4032=EDGE_CURVE('',#3111,#3109,#427,.T.);
#4033=EDGE_CURVE('',#3111,#3112,#1918,.T.);
#4034=EDGE_CURVE('',#3112,#3110,#428,.T.);
#4035=EDGE_CURVE('',#3113,#3111,#429,.T.);
#4036=EDGE_CURVE('',#3113,#3114,#1919,.T.);
#4037=EDGE_CURVE('',#3114,#3112,#430,.T.);
#4038=EDGE_CURVE('',#3115,#3113,#431,.T.);
#4039=EDGE_CURVE('',#3115,#3116,#1920,.T.);
#4040=EDGE_CURVE('',#3116,#3114,#432,.T.);
#4041=EDGE_CURVE('',#3117,#3115,#1921,.T.);
#4042=EDGE_CURVE('',#3117,#3118,#1922,.T.);
#4043=EDGE_CURVE('',#3118,#3116,#1923,.T.);
#4044=EDGE_CURVE('',#3080,#3117,#433,.T.);
#4045=EDGE_CURVE('',#3082,#3118,#434,.T.);
#4046=EDGE_CURVE('',#3119,#3120,#435,.T.);
#4047=EDGE_CURVE('',#3119,#3121,#1924,.T.);
#4048=EDGE_CURVE('',#3121,#3122,#436,.T.);
#4049=EDGE_CURVE('',#3120,#3122,#1925,.T.);
#4050=EDGE_CURVE('',#3123,#3119,#437,.T.);
#4051=EDGE_CURVE('',#3123,#3124,#1926,.T.);
#4052=EDGE_CURVE('',#3124,#3121,#438,.T.);
#4053=EDGE_CURVE('',#3125,#3123,#439,.T.);
#4054=EDGE_CURVE('',#3125,#3126,#1927,.T.);
#4055=EDGE_CURVE('',#3126,#3124,#440,.T.);
#4056=EDGE_CURVE('',#3127,#3125,#441,.T.);
#4057=EDGE_CURVE('',#3127,#3128,#1928,.T.);
#4058=EDGE_CURVE('',#3128,#3126,#442,.T.);
#4059=EDGE_CURVE('',#3129,#3127,#443,.T.);
#4060=EDGE_CURVE('',#3129,#3130,#1929,.T.);
#4061=EDGE_CURVE('',#3130,#3128,#444,.T.);
#4062=EDGE_CURVE('',#3131,#3129,#445,.T.);
#4063=EDGE_CURVE('',#3131,#3132,#1930,.T.);
#4064=EDGE_CURVE('',#3132,#3130,#446,.T.);
#4065=EDGE_CURVE('',#3133,#3131,#447,.T.);
#4066=EDGE_CURVE('',#3133,#3134,#1931,.T.);
#4067=EDGE_CURVE('',#3134,#3132,#448,.T.);
#4068=EDGE_CURVE('',#3120,#3133,#449,.T.);
#4069=EDGE_CURVE('',#3122,#3134,#450,.T.);
#4070=EDGE_CURVE('',#3135,#3136,#451,.T.);
#4071=EDGE_CURVE('',#3135,#3137,#1932,.T.);
#4072=EDGE_CURVE('',#3137,#3138,#452,.T.);
#4073=EDGE_CURVE('',#3136,#3138,#1933,.T.);
#4074=EDGE_CURVE('',#3139,#3135,#453,.T.);
#4075=EDGE_CURVE('',#3139,#3140,#1934,.T.);
#4076=EDGE_CURVE('',#3140,#3137,#454,.T.);
#4077=EDGE_CURVE('',#3141,#3139,#455,.T.);
#4078=EDGE_CURVE('',#3141,#3142,#1935,.T.);
#4079=EDGE_CURVE('',#3142,#3140,#456,.T.);
#4080=EDGE_CURVE('',#3143,#3141,#457,.T.);
#4081=EDGE_CURVE('',#3143,#3144,#1936,.T.);
#4082=EDGE_CURVE('',#3144,#3142,#458,.T.);
#4083=EDGE_CURVE('',#3145,#3143,#1937,.T.);
#4084=EDGE_CURVE('',#3145,#3146,#1938,.T.);
#4085=EDGE_CURVE('',#3146,#3144,#1939,.T.);
#4086=EDGE_CURVE('',#3147,#3145,#1940,.T.);
#4087=EDGE_CURVE('',#3147,#3148,#1941,.T.);
#4088=EDGE_CURVE('',#3148,#3146,#1942,.T.);
#4089=EDGE_CURVE('',#3149,#3147,#1943,.T.);
#4090=EDGE_CURVE('',#3149,#3150,#1944,.T.);
#4091=EDGE_CURVE('',#3150,#3148,#1945,.T.);
#4092=EDGE_CURVE('',#3151,#3149,#459,.T.);
#4093=EDGE_CURVE('',#3151,#3152,#1946,.T.);
#4094=EDGE_CURVE('',#3152,#3150,#460,.T.);
#4095=EDGE_CURVE('',#3153,#3151,#461,.T.);
#4096=EDGE_CURVE('',#3153,#3154,#1947,.T.);
#4097=EDGE_CURVE('',#3154,#3152,#462,.T.);
#4098=EDGE_CURVE('',#3155,#3153,#463,.T.);
#4099=EDGE_CURVE('',#3155,#3156,#1948,.T.);
#4100=EDGE_CURVE('',#3156,#3154,#464,.T.);
#4101=EDGE_CURVE('',#3157,#3155,#465,.T.);
#4102=EDGE_CURVE('',#3157,#3158,#1949,.T.);
#4103=EDGE_CURVE('',#3158,#3156,#466,.T.);
#4104=EDGE_CURVE('',#3159,#3157,#467,.T.);
#4105=EDGE_CURVE('',#3159,#3160,#1950,.T.);
#4106=EDGE_CURVE('',#3160,#3158,#468,.T.);
#4107=EDGE_CURVE('',#3161,#3159,#469,.T.);
#4108=EDGE_CURVE('',#3161,#3162,#1951,.T.);
#4109=EDGE_CURVE('',#3162,#3160,#470,.T.);
#4110=EDGE_CURVE('',#3163,#3161,#471,.T.);
#4111=EDGE_CURVE('',#3163,#3164,#1952,.T.);
#4112=EDGE_CURVE('',#3164,#3162,#472,.T.);
#4113=EDGE_CURVE('',#3165,#3163,#473,.T.);
#4114=EDGE_CURVE('',#3165,#3166,#1953,.T.);
#4115=EDGE_CURVE('',#3166,#3164,#474,.T.);
#4116=EDGE_CURVE('',#3167,#3165,#475,.T.);
#4117=EDGE_CURVE('',#3167,#3168,#1954,.T.);
#4118=EDGE_CURVE('',#3168,#3166,#476,.T.);
#4119=EDGE_CURVE('',#3169,#3167,#477,.T.);
#4120=EDGE_CURVE('',#3169,#3170,#1955,.T.);
#4121=EDGE_CURVE('',#3170,#3168,#478,.T.);
#4122=EDGE_CURVE('',#3171,#3169,#479,.T.);
#4123=EDGE_CURVE('',#3171,#3172,#1956,.T.);
#4124=EDGE_CURVE('',#3172,#3170,#480,.T.);
#4125=EDGE_CURVE('',#3173,#3171,#481,.T.);
#4126=EDGE_CURVE('',#3173,#3174,#1957,.T.);
#4127=EDGE_CURVE('',#3174,#3172,#482,.T.);
#4128=EDGE_CURVE('',#3175,#3173,#1958,.T.);
#4129=EDGE_CURVE('',#3175,#3176,#1959,.T.);
#4130=EDGE_CURVE('',#3176,#3174,#1960,.T.);
#4131=EDGE_CURVE('',#3136,#3175,#483,.T.);
#4132=EDGE_CURVE('',#3138,#3176,#484,.T.);
#4133=EDGE_CURVE('',#3177,#3178,#1961,.T.);
#4134=EDGE_CURVE('',#3177,#3179,#1962,.T.);
#4135=EDGE_CURVE('',#3179,#3180,#1963,.T.);
#4136=EDGE_CURVE('',#3178,#3180,#1964,.T.);
#4137=EDGE_CURVE('',#3181,#3177,#1965,.T.);
#4138=EDGE_CURVE('',#3181,#3182,#1966,.T.);
#4139=EDGE_CURVE('',#3182,#3179,#1967,.T.);
#4140=EDGE_CURVE('',#3183,#3181,#1968,.T.);
#4141=EDGE_CURVE('',#3183,#3184,#1969,.T.);
#4142=EDGE_CURVE('',#3184,#3182,#1970,.T.);
#4143=EDGE_CURVE('',#3178,#3183,#1971,.T.);
#4144=EDGE_CURVE('',#3180,#3184,#1972,.T.);
#4145=EDGE_CURVE('',#3185,#3186,#1973,.T.);
#4146=EDGE_CURVE('',#3185,#3187,#1974,.T.);
#4147=EDGE_CURVE('',#3187,#3188,#1975,.T.);
#4148=EDGE_CURVE('',#3186,#3188,#1976,.T.);
#4149=EDGE_CURVE('',#3189,#3185,#485,.T.);
#4150=EDGE_CURVE('',#3189,#3190,#1977,.T.);
#4151=EDGE_CURVE('',#3190,#3187,#486,.T.);
#4152=EDGE_CURVE('',#3191,#3189,#487,.T.);
#4153=EDGE_CURVE('',#3191,#3192,#1978,.T.);
#4154=EDGE_CURVE('',#3192,#3190,#488,.T.);
#4155=EDGE_CURVE('',#3193,#3191,#489,.T.);
#4156=EDGE_CURVE('',#3193,#3194,#1979,.T.);
#4157=EDGE_CURVE('',#3194,#3192,#490,.T.);
#4158=EDGE_CURVE('',#3195,#3193,#491,.T.);
#4159=EDGE_CURVE('',#3195,#3196,#1980,.T.);
#4160=EDGE_CURVE('',#3196,#3194,#492,.T.);
#4161=EDGE_CURVE('',#3197,#3195,#493,.T.);
#4162=EDGE_CURVE('',#3197,#3198,#1981,.T.);
#4163=EDGE_CURVE('',#3198,#3196,#494,.T.);
#4164=EDGE_CURVE('',#3199,#3197,#495,.T.);
#4165=EDGE_CURVE('',#3199,#3200,#1982,.T.);
#4166=EDGE_CURVE('',#3200,#3198,#496,.T.);
#4167=EDGE_CURVE('',#3201,#3199,#1983,.T.);
#4168=EDGE_CURVE('',#3201,#3202,#1984,.T.);
#4169=EDGE_CURVE('',#3202,#3200,#1985,.T.);
#4170=EDGE_CURVE('',#3186,#3201,#1986,.T.);
#4171=EDGE_CURVE('',#3188,#3202,#1987,.T.);
#4172=EDGE_CURVE('',#3203,#3204,#1988,.T.);
#4173=EDGE_CURVE('',#3203,#3205,#1989,.T.);
#4174=EDGE_CURVE('',#3205,#3206,#1990,.T.);
#4175=EDGE_CURVE('',#3204,#3206,#1991,.T.);
#4176=EDGE_CURVE('',#3207,#3203,#497,.T.);
#4177=EDGE_CURVE('',#3207,#3208,#1992,.T.);
#4178=EDGE_CURVE('',#3208,#3205,#498,.T.);
#4179=EDGE_CURVE('',#3209,#3207,#499,.T.);
#4180=EDGE_CURVE('',#3209,#3210,#1993,.T.);
#4181=EDGE_CURVE('',#3210,#3208,#500,.T.);
#4182=EDGE_CURVE('',#3211,#3209,#501,.T.);
#4183=EDGE_CURVE('',#3211,#3212,#1994,.T.);
#4184=EDGE_CURVE('',#3212,#3210,#502,.T.);
#4185=EDGE_CURVE('',#3213,#3211,#503,.T.);
#4186=EDGE_CURVE('',#3213,#3214,#1995,.T.);
#4187=EDGE_CURVE('',#3214,#3212,#504,.T.);
#4188=EDGE_CURVE('',#3215,#3213,#505,.T.);
#4189=EDGE_CURVE('',#3215,#3216,#1996,.T.);
#4190=EDGE_CURVE('',#3216,#3214,#506,.T.);
#4191=EDGE_CURVE('',#3217,#3215,#507,.T.);
#4192=EDGE_CURVE('',#3217,#3218,#1997,.T.);
#4193=EDGE_CURVE('',#3218,#3216,#508,.T.);
#4194=EDGE_CURVE('',#3219,#3217,#509,.T.);
#4195=EDGE_CURVE('',#3219,#3220,#1998,.T.);
#4196=EDGE_CURVE('',#3220,#3218,#510,.T.);
#4197=EDGE_CURVE('',#3221,#3219,#1999,.T.);
#4198=EDGE_CURVE('',#3221,#3222,#2000,.T.);
#4199=EDGE_CURVE('',#3222,#3220,#2001,.T.);
#4200=EDGE_CURVE('',#3204,#3221,#2002,.T.);
#4201=EDGE_CURVE('',#3206,#3222,#2003,.T.);
#4202=EDGE_CURVE('',#3223,#3224,#511,.T.);
#4203=EDGE_CURVE('',#3223,#3225,#2004,.T.);
#4204=EDGE_CURVE('',#3225,#3226,#512,.T.);
#4205=EDGE_CURVE('',#3224,#3226,#2005,.T.);
#4206=EDGE_CURVE('',#3227,#3223,#513,.T.);
#4207=EDGE_CURVE('',#3227,#3228,#2006,.T.);
#4208=EDGE_CURVE('',#3228,#3225,#514,.T.);
#4209=EDGE_CURVE('',#3229,#3227,#515,.T.);
#4210=EDGE_CURVE('',#3229,#3230,#2007,.T.);
#4211=EDGE_CURVE('',#3230,#3228,#516,.T.);
#4212=EDGE_CURVE('',#3231,#3229,#517,.T.);
#4213=EDGE_CURVE('',#3231,#3232,#2008,.T.);
#4214=EDGE_CURVE('',#3232,#3230,#518,.T.);
#4215=EDGE_CURVE('',#3233,#3231,#519,.T.);
#4216=EDGE_CURVE('',#3233,#3234,#2009,.T.);
#4217=EDGE_CURVE('',#3234,#3232,#520,.T.);
#4218=EDGE_CURVE('',#3235,#3233,#521,.T.);
#4219=EDGE_CURVE('',#3235,#3236,#2010,.T.);
#4220=EDGE_CURVE('',#3236,#3234,#522,.T.);
#4221=EDGE_CURVE('',#3237,#3235,#523,.T.);
#4222=EDGE_CURVE('',#3237,#3238,#2011,.T.);
#4223=EDGE_CURVE('',#3238,#3236,#524,.T.);
#4224=EDGE_CURVE('',#3239,#3237,#525,.T.);
#4225=EDGE_CURVE('',#3239,#3240,#2012,.T.);
#4226=EDGE_CURVE('',#3240,#3238,#526,.T.);
#4227=EDGE_CURVE('',#3241,#3239,#527,.T.);
#4228=EDGE_CURVE('',#3241,#3242,#2013,.T.);
#4229=EDGE_CURVE('',#3242,#3240,#528,.T.);
#4230=EDGE_CURVE('',#3243,#3241,#529,.T.);
#4231=EDGE_CURVE('',#3243,#3244,#2014,.T.);
#4232=EDGE_CURVE('',#3244,#3242,#530,.T.);
#4233=EDGE_CURVE('',#3245,#3243,#531,.T.);
#4234=EDGE_CURVE('',#3245,#3246,#2015,.T.);
#4235=EDGE_CURVE('',#3246,#3244,#532,.T.);
#4236=EDGE_CURVE('',#3247,#3245,#2016,.T.);
#4237=EDGE_CURVE('',#3247,#3248,#2017,.T.);
#4238=EDGE_CURVE('',#3248,#3246,#2018,.T.);
#4239=EDGE_CURVE('',#3249,#3247,#2019,.T.);
#4240=EDGE_CURVE('',#3249,#3250,#2020,.T.);
#4241=EDGE_CURVE('',#3250,#3248,#2021,.T.);
#4242=EDGE_CURVE('',#3224,#3249,#2022,.T.);
#4243=EDGE_CURVE('',#3226,#3250,#2023,.T.);
#4244=EDGE_CURVE('',#3251,#3252,#31,.T.);
#4245=EDGE_CURVE('',#3251,#3253,#2024,.T.);
#4246=EDGE_CURVE('',#3254,#3253,#32,.T.);
#4247=EDGE_CURVE('',#3254,#3255,#2025,.T.);
#4248=EDGE_CURVE('',#3256,#3255,#33,.T.);
#4249=EDGE_CURVE('',#3256,#3257,#2026,.T.);
#4250=EDGE_CURVE('',#3258,#3257,#34,.T.);
#4251=EDGE_CURVE('',#3258,#3252,#2027,.T.);
#4252=EDGE_CURVE('',#3259,#3259,#35,.T.);
#4253=EDGE_CURVE('',#3260,#3260,#36,.T.);
#4254=EDGE_CURVE('',#3261,#3261,#37,.T.);
#4255=EDGE_CURVE('',#3262,#3262,#38,.T.);
#4256=EDGE_CURVE('',#3263,#3264,#39,.T.);
#4257=EDGE_CURVE('',#3264,#3251,#2028,.T.);
#4258=EDGE_CURVE('',#3252,#3263,#2029,.T.);
#4259=EDGE_CURVE('',#3263,#3265,#2030,.T.);
#4260=EDGE_CURVE('',#3266,#3265,#40,.T.);
#4261=EDGE_CURVE('',#3266,#3267,#2031,.T.);
#4262=EDGE_CURVE('',#3268,#3267,#41,.T.);
#4263=EDGE_CURVE('',#3268,#3269,#2032,.T.);
#4264=EDGE_CURVE('',#3269,#3270,#2033,.T.);
#4265=EDGE_CURVE('',#3270,#3271,#2034,.T.);
#4266=EDGE_CURVE('',#3271,#3272,#2035,.T.);
#4267=EDGE_CURVE('',#3272,#3273,#2036,.T.);
#4268=EDGE_CURVE('',#3273,#3274,#2037,.T.);
#4269=EDGE_CURVE('',#3274,#3275,#2038,.T.);
#4270=EDGE_CURVE('',#3275,#3276,#2039,.T.);
#4271=EDGE_CURVE('',#3276,#3277,#2040,.T.);
#4272=EDGE_CURVE('',#3278,#3277,#42,.T.);
#4273=EDGE_CURVE('',#3278,#3264,#2041,.T.);
#4274=EDGE_CURVE('',#3279,#3279,#43,.T.);
#4275=EDGE_CURVE('',#3280,#3280,#44,.T.);
#4276=EDGE_CURVE('',#3281,#3281,#45,.T.);
#4277=EDGE_CURVE('',#3282,#3282,#46,.T.);
#4278=EDGE_CURVE('',#3265,#3258,#2042,.T.);
#4279=EDGE_CURVE('',#3257,#3266,#2043,.T.);
#4280=EDGE_CURVE('',#3267,#3256,#2044,.T.);
#4281=EDGE_CURVE('',#3255,#3268,#2045,.T.);
#4282=EDGE_CURVE('',#3277,#3254,#2046,.T.);
#4283=EDGE_CURVE('',#3276,#3283,#2047,.T.);
#4284=EDGE_CURVE('',#3283,#3284,#2048,.T.);
#4285=EDGE_CURVE('',#3284,#3269,#2049,.T.);
#4286=EDGE_CURVE('',#3253,#3278,#2050,.T.);
#4287=EDGE_CURVE('',#3285,#3275,#2051,.T.);
#4288=EDGE_CURVE('',#3285,#3283,#2052,.T.);
#4289=EDGE_CURVE('',#3284,#3286,#2053,.T.);
#4290=EDGE_CURVE('',#3270,#3286,#2054,.T.);
#4291=EDGE_CURVE('',#3286,#3285,#2055,.T.);
#4292=EDGE_CURVE('',#3287,#3288,#2056,.T.);
#4293=EDGE_CURVE('',#3289,#3287,#2057,.T.);
#4294=EDGE_CURVE('',#3290,#3289,#2058,.T.);
#4295=EDGE_CURVE('',#3288,#3290,#2059,.T.);
#4296=EDGE_CURVE('',#3289,#3274,#2060,.T.);
#4297=EDGE_CURVE('',#3290,#3273,#2061,.T.);
#4298=EDGE_CURVE('',#3287,#3271,#2062,.T.);
#4299=EDGE_CURVE('',#3291,#3291,#47,.T.);
#4300=EDGE_CURVE('',#3291,#3261,#2063,.T.);
#4301=EDGE_CURVE('',#3292,#3292,#48,.T.);
#4302=EDGE_CURVE('',#3292,#3260,#2064,.T.);
#4303=EDGE_CURVE('',#3293,#3293,#49,.T.);
#4304=EDGE_CURVE('',#3293,#3262,#2065,.T.);
#4305=EDGE_CURVE('',#3294,#3294,#50,.T.);
#4306=EDGE_CURVE('',#3294,#3259,#2066,.T.);
#4307=EDGE_CURVE('',#3288,#3272,#2067,.T.);
#4308=EDGE_CURVE('',#3281,#3295,#2068,.T.);
#4309=EDGE_CURVE('',#3295,#3295,#51,.T.);
#4310=EDGE_CURVE('',#3280,#3296,#2069,.T.);
#4311=EDGE_CURVE('',#3296,#3296,#52,.T.);
#4312=EDGE_CURVE('',#3282,#3297,#2070,.T.);
#4313=EDGE_CURVE('',#3297,#3297,#53,.T.);
#4314=EDGE_CURVE('',#3279,#3298,#2071,.T.);
#4315=EDGE_CURVE('',#3298,#3298,#54,.T.);
#4316=ORIENTED_EDGE('',*,*,#3299,.F.);
#4317=ORIENTED_EDGE('',*,*,#3300,.T.);
#4318=ORIENTED_EDGE('',*,*,#3301,.T.);
#4319=ORIENTED_EDGE('',*,*,#3302,.F.);
#4320=ORIENTED_EDGE('',*,*,#3303,.F.);
#4321=ORIENTED_EDGE('',*,*,#3304,.T.);
#4322=ORIENTED_EDGE('',*,*,#3305,.T.);
#4323=ORIENTED_EDGE('',*,*,#3300,.F.);
#4324=ORIENTED_EDGE('',*,*,#3306,.F.);
#4325=ORIENTED_EDGE('',*,*,#3307,.T.);
#4326=ORIENTED_EDGE('',*,*,#3308,.T.);
#4327=ORIENTED_EDGE('',*,*,#3304,.F.);
#4328=ORIENTED_EDGE('',*,*,#3309,.F.);
#4329=ORIENTED_EDGE('',*,*,#3310,.T.);
#4330=ORIENTED_EDGE('',*,*,#3311,.T.);
#4331=ORIENTED_EDGE('',*,*,#3307,.F.);
#4332=ORIENTED_EDGE('',*,*,#3312,.F.);
#4333=ORIENTED_EDGE('',*,*,#3313,.T.);
#4334=ORIENTED_EDGE('',*,*,#3314,.T.);
#4335=ORIENTED_EDGE('',*,*,#3310,.F.);
#4336=ORIENTED_EDGE('',*,*,#3315,.F.);
#4337=ORIENTED_EDGE('',*,*,#3316,.T.);
#4338=ORIENTED_EDGE('',*,*,#3317,.T.);
#4339=ORIENTED_EDGE('',*,*,#3313,.F.);
#4340=ORIENTED_EDGE('',*,*,#3318,.F.);
#4341=ORIENTED_EDGE('',*,*,#3319,.T.);
#4342=ORIENTED_EDGE('',*,*,#3320,.T.);
#4343=ORIENTED_EDGE('',*,*,#3316,.F.);
#4344=ORIENTED_EDGE('',*,*,#3321,.F.);
#4345=ORIENTED_EDGE('',*,*,#3322,.T.);
#4346=ORIENTED_EDGE('',*,*,#3323,.T.);
#4347=ORIENTED_EDGE('',*,*,#3319,.F.);
#4348=ORIENTED_EDGE('',*,*,#3324,.F.);
#4349=ORIENTED_EDGE('',*,*,#3325,.T.);
#4350=ORIENTED_EDGE('',*,*,#3326,.T.);
#4351=ORIENTED_EDGE('',*,*,#3322,.F.);
#4352=ORIENTED_EDGE('',*,*,#3327,.F.);
#4353=ORIENTED_EDGE('',*,*,#3328,.T.);
#4354=ORIENTED_EDGE('',*,*,#3329,.T.);
#4355=ORIENTED_EDGE('',*,*,#3325,.F.);
#4356=ORIENTED_EDGE('',*,*,#3330,.F.);
#4357=ORIENTED_EDGE('',*,*,#3331,.T.);
#4358=ORIENTED_EDGE('',*,*,#3332,.T.);
#4359=ORIENTED_EDGE('',*,*,#3328,.F.);
#4360=ORIENTED_EDGE('',*,*,#3333,.F.);
#4361=ORIENTED_EDGE('',*,*,#3334,.T.);
#4362=ORIENTED_EDGE('',*,*,#3335,.T.);
#4363=ORIENTED_EDGE('',*,*,#3331,.F.);
#4364=ORIENTED_EDGE('',*,*,#3336,.F.);
#4365=ORIENTED_EDGE('',*,*,#3302,.T.);
#4366=ORIENTED_EDGE('',*,*,#3337,.T.);
#4367=ORIENTED_EDGE('',*,*,#3334,.F.);
#4368=ORIENTED_EDGE('',*,*,#3337,.F.);
#4369=ORIENTED_EDGE('',*,*,#3301,.F.);
#4370=ORIENTED_EDGE('',*,*,#3305,.F.);
#4371=ORIENTED_EDGE('',*,*,#3308,.F.);
#4372=ORIENTED_EDGE('',*,*,#3311,.F.);
#4373=ORIENTED_EDGE('',*,*,#3314,.F.);
#4374=ORIENTED_EDGE('',*,*,#3317,.F.);
#4375=ORIENTED_EDGE('',*,*,#3320,.F.);
#4376=ORIENTED_EDGE('',*,*,#3323,.F.);
#4377=ORIENTED_EDGE('',*,*,#3326,.F.);
#4378=ORIENTED_EDGE('',*,*,#3329,.F.);
#4379=ORIENTED_EDGE('',*,*,#3332,.F.);
#4380=ORIENTED_EDGE('',*,*,#3335,.F.);
#4381=ORIENTED_EDGE('',*,*,#3338,.F.);
#4382=ORIENTED_EDGE('',*,*,#3339,.T.);
#4383=ORIENTED_EDGE('',*,*,#3340,.T.);
#4384=ORIENTED_EDGE('',*,*,#3341,.F.);
#4385=ORIENTED_EDGE('',*,*,#3342,.F.);
#4386=ORIENTED_EDGE('',*,*,#3343,.T.);
#4387=ORIENTED_EDGE('',*,*,#3344,.T.);
#4388=ORIENTED_EDGE('',*,*,#3339,.F.);
#4389=ORIENTED_EDGE('',*,*,#3345,.F.);
#4390=ORIENTED_EDGE('',*,*,#3346,.T.);
#4391=ORIENTED_EDGE('',*,*,#3347,.T.);
#4392=ORIENTED_EDGE('',*,*,#3343,.F.);
#4393=ORIENTED_EDGE('',*,*,#3348,.F.);
#4394=ORIENTED_EDGE('',*,*,#3341,.T.);
#4395=ORIENTED_EDGE('',*,*,#3349,.T.);
#4396=ORIENTED_EDGE('',*,*,#3346,.F.);
#4397=ORIENTED_EDGE('',*,*,#3349,.F.);
#4398=ORIENTED_EDGE('',*,*,#3340,.F.);
#4399=ORIENTED_EDGE('',*,*,#3344,.F.);
#4400=ORIENTED_EDGE('',*,*,#3347,.F.);
#4401=ORIENTED_EDGE('',*,*,#3350,.F.);
#4402=ORIENTED_EDGE('',*,*,#3351,.T.);
#4403=ORIENTED_EDGE('',*,*,#3352,.T.);
#4404=ORIENTED_EDGE('',*,*,#3353,.F.);
#4405=ORIENTED_EDGE('',*,*,#3354,.F.);
#4406=ORIENTED_EDGE('',*,*,#3355,.T.);
#4407=ORIENTED_EDGE('',*,*,#3356,.T.);
#4408=ORIENTED_EDGE('',*,*,#3351,.F.);
#4409=ORIENTED_EDGE('',*,*,#3357,.F.);
#4410=ORIENTED_EDGE('',*,*,#3358,.T.);
#4411=ORIENTED_EDGE('',*,*,#3359,.T.);
#4412=ORIENTED_EDGE('',*,*,#3355,.F.);
#4413=ORIENTED_EDGE('',*,*,#3360,.F.);
#4414=ORIENTED_EDGE('',*,*,#3361,.T.);
#4415=ORIENTED_EDGE('',*,*,#3362,.T.);
#4416=ORIENTED_EDGE('',*,*,#3358,.F.);
#4417=ORIENTED_EDGE('',*,*,#3363,.F.);
#4418=ORIENTED_EDGE('',*,*,#3364,.T.);
#4419=ORIENTED_EDGE('',*,*,#3365,.T.);
#4420=ORIENTED_EDGE('',*,*,#3361,.F.);
#4421=ORIENTED_EDGE('',*,*,#3366,.F.);
#4422=ORIENTED_EDGE('',*,*,#3367,.T.);
#4423=ORIENTED_EDGE('',*,*,#3368,.T.);
#4424=ORIENTED_EDGE('',*,*,#3364,.F.);
#4425=ORIENTED_EDGE('',*,*,#3369,.F.);
#4426=ORIENTED_EDGE('',*,*,#3370,.T.);
#4427=ORIENTED_EDGE('',*,*,#3371,.T.);
#4428=ORIENTED_EDGE('',*,*,#3367,.F.);
#4429=ORIENTED_EDGE('',*,*,#3372,.F.);
#4430=ORIENTED_EDGE('',*,*,#3373,.T.);
#4431=ORIENTED_EDGE('',*,*,#3374,.T.);
#4432=ORIENTED_EDGE('',*,*,#3370,.F.);
#4433=ORIENTED_EDGE('',*,*,#3375,.F.);
#4434=ORIENTED_EDGE('',*,*,#3376,.T.);
#4435=ORIENTED_EDGE('',*,*,#3377,.T.);
#4436=ORIENTED_EDGE('',*,*,#3373,.F.);
#4437=ORIENTED_EDGE('',*,*,#3378,.F.);
#4438=ORIENTED_EDGE('',*,*,#3379,.T.);
#4439=ORIENTED_EDGE('',*,*,#3380,.T.);
#4440=ORIENTED_EDGE('',*,*,#3376,.F.);
#4441=ORIENTED_EDGE('',*,*,#3381,.F.);
#4442=ORIENTED_EDGE('',*,*,#3382,.T.);
#4443=ORIENTED_EDGE('',*,*,#3383,.T.);
#4444=ORIENTED_EDGE('',*,*,#3379,.F.);
#4445=ORIENTED_EDGE('',*,*,#3384,.F.);
#4446=ORIENTED_EDGE('',*,*,#3385,.T.);
#4447=ORIENTED_EDGE('',*,*,#3386,.T.);
#4448=ORIENTED_EDGE('',*,*,#3382,.F.);
#4449=ORIENTED_EDGE('',*,*,#3387,.F.);
#4450=ORIENTED_EDGE('',*,*,#3388,.T.);
#4451=ORIENTED_EDGE('',*,*,#3389,.T.);
#4452=ORIENTED_EDGE('',*,*,#3385,.F.);
#4453=ORIENTED_EDGE('',*,*,#3390,.F.);
#4454=ORIENTED_EDGE('',*,*,#3391,.T.);
#4455=ORIENTED_EDGE('',*,*,#3392,.T.);
#4456=ORIENTED_EDGE('',*,*,#3388,.F.);
#4457=ORIENTED_EDGE('',*,*,#3393,.F.);
#4458=ORIENTED_EDGE('',*,*,#3394,.T.);
#4459=ORIENTED_EDGE('',*,*,#3395,.T.);
#4460=ORIENTED_EDGE('',*,*,#3391,.F.);
#4461=ORIENTED_EDGE('',*,*,#3396,.F.);
#4462=ORIENTED_EDGE('',*,*,#3397,.T.);
#4463=ORIENTED_EDGE('',*,*,#3398,.T.);
#4464=ORIENTED_EDGE('',*,*,#3394,.F.);
#4465=ORIENTED_EDGE('',*,*,#3399,.F.);
#4466=ORIENTED_EDGE('',*,*,#3353,.T.);
#4467=ORIENTED_EDGE('',*,*,#3400,.T.);
#4468=ORIENTED_EDGE('',*,*,#3397,.F.);
#4469=ORIENTED_EDGE('',*,*,#3400,.F.);
#4470=ORIENTED_EDGE('',*,*,#3352,.F.);
#4471=ORIENTED_EDGE('',*,*,#3356,.F.);
#4472=ORIENTED_EDGE('',*,*,#3359,.F.);
#4473=ORIENTED_EDGE('',*,*,#3362,.F.);
#4474=ORIENTED_EDGE('',*,*,#3365,.F.);
#4475=ORIENTED_EDGE('',*,*,#3368,.F.);
#4476=ORIENTED_EDGE('',*,*,#3371,.F.);
#4477=ORIENTED_EDGE('',*,*,#3374,.F.);
#4478=ORIENTED_EDGE('',*,*,#3377,.F.);
#4479=ORIENTED_EDGE('',*,*,#3380,.F.);
#4480=ORIENTED_EDGE('',*,*,#3383,.F.);
#4481=ORIENTED_EDGE('',*,*,#3386,.F.);
#4482=ORIENTED_EDGE('',*,*,#3389,.F.);
#4483=ORIENTED_EDGE('',*,*,#3392,.F.);
#4484=ORIENTED_EDGE('',*,*,#3395,.F.);
#4485=ORIENTED_EDGE('',*,*,#3398,.F.);
#4486=ORIENTED_EDGE('',*,*,#3401,.F.);
#4487=ORIENTED_EDGE('',*,*,#3402,.T.);
#4488=ORIENTED_EDGE('',*,*,#3403,.T.);
#4489=ORIENTED_EDGE('',*,*,#3404,.F.);
#4490=ORIENTED_EDGE('',*,*,#3405,.F.);
#4491=ORIENTED_EDGE('',*,*,#3406,.T.);
#4492=ORIENTED_EDGE('',*,*,#3407,.T.);
#4493=ORIENTED_EDGE('',*,*,#3402,.F.);
#4494=ORIENTED_EDGE('',*,*,#3408,.F.);
#4495=ORIENTED_EDGE('',*,*,#3409,.T.);
#4496=ORIENTED_EDGE('',*,*,#3410,.T.);
#4497=ORIENTED_EDGE('',*,*,#3406,.F.);
#4498=ORIENTED_EDGE('',*,*,#3411,.F.);
#4499=ORIENTED_EDGE('',*,*,#3412,.T.);
#4500=ORIENTED_EDGE('',*,*,#3413,.T.);
#4501=ORIENTED_EDGE('',*,*,#3409,.F.);
#4502=ORIENTED_EDGE('',*,*,#3414,.F.);
#4503=ORIENTED_EDGE('',*,*,#3415,.T.);
#4504=ORIENTED_EDGE('',*,*,#3416,.T.);
#4505=ORIENTED_EDGE('',*,*,#3412,.F.);
#4506=ORIENTED_EDGE('',*,*,#3417,.F.);
#4507=ORIENTED_EDGE('',*,*,#3418,.T.);
#4508=ORIENTED_EDGE('',*,*,#3419,.T.);
#4509=ORIENTED_EDGE('',*,*,#3415,.F.);
#4510=ORIENTED_EDGE('',*,*,#3420,.F.);
#4511=ORIENTED_EDGE('',*,*,#3421,.T.);
#4512=ORIENTED_EDGE('',*,*,#3422,.T.);
#4513=ORIENTED_EDGE('',*,*,#3418,.F.);
#4514=ORIENTED_EDGE('',*,*,#3423,.F.);
#4515=ORIENTED_EDGE('',*,*,#3404,.T.);
#4516=ORIENTED_EDGE('',*,*,#3424,.T.);
#4517=ORIENTED_EDGE('',*,*,#3421,.F.);
#4518=ORIENTED_EDGE('',*,*,#3425,.F.);
#4519=ORIENTED_EDGE('',*,*,#3426,.T.);
#4520=ORIENTED_EDGE('',*,*,#3427,.T.);
#4521=ORIENTED_EDGE('',*,*,#3428,.F.);
#4522=ORIENTED_EDGE('',*,*,#3429,.F.);
#4523=ORIENTED_EDGE('',*,*,#3430,.T.);
#4524=ORIENTED_EDGE('',*,*,#3431,.T.);
#4525=ORIENTED_EDGE('',*,*,#3426,.F.);
#4526=ORIENTED_EDGE('',*,*,#3432,.F.);
#4527=ORIENTED_EDGE('',*,*,#3433,.T.);
#4528=ORIENTED_EDGE('',*,*,#3434,.T.);
#4529=ORIENTED_EDGE('',*,*,#3430,.F.);
#4530=ORIENTED_EDGE('',*,*,#3435,.F.);
#4531=ORIENTED_EDGE('',*,*,#3436,.T.);
#4532=ORIENTED_EDGE('',*,*,#3437,.T.);
#4533=ORIENTED_EDGE('',*,*,#3433,.F.);
#4534=ORIENTED_EDGE('',*,*,#3438,.F.);
#4535=ORIENTED_EDGE('',*,*,#3439,.T.);
#4536=ORIENTED_EDGE('',*,*,#3440,.T.);
#4537=ORIENTED_EDGE('',*,*,#3436,.F.);
#4538=ORIENTED_EDGE('',*,*,#3441,.F.);
#4539=ORIENTED_EDGE('',*,*,#3442,.T.);
#4540=ORIENTED_EDGE('',*,*,#3443,.T.);
#4541=ORIENTED_EDGE('',*,*,#3439,.F.);
#4542=ORIENTED_EDGE('',*,*,#3444,.F.);
#4543=ORIENTED_EDGE('',*,*,#3445,.T.);
#4544=ORIENTED_EDGE('',*,*,#3446,.T.);
#4545=ORIENTED_EDGE('',*,*,#3442,.F.);
#4546=ORIENTED_EDGE('',*,*,#3447,.F.);
#4547=ORIENTED_EDGE('',*,*,#3448,.T.);
#4548=ORIENTED_EDGE('',*,*,#3449,.T.);
#4549=ORIENTED_EDGE('',*,*,#3445,.F.);
#4550=ORIENTED_EDGE('',*,*,#3450,.F.);
#4551=ORIENTED_EDGE('',*,*,#3451,.T.);
#4552=ORIENTED_EDGE('',*,*,#3452,.T.);
#4553=ORIENTED_EDGE('',*,*,#3448,.F.);
#4554=ORIENTED_EDGE('',*,*,#3453,.F.);
#4555=ORIENTED_EDGE('',*,*,#3454,.T.);
#4556=ORIENTED_EDGE('',*,*,#3455,.T.);
#4557=ORIENTED_EDGE('',*,*,#3451,.F.);
#4558=ORIENTED_EDGE('',*,*,#3456,.F.);
#4559=ORIENTED_EDGE('',*,*,#3457,.T.);
#4560=ORIENTED_EDGE('',*,*,#3458,.T.);
#4561=ORIENTED_EDGE('',*,*,#3454,.F.);
#4562=ORIENTED_EDGE('',*,*,#3459,.F.);
#4563=ORIENTED_EDGE('',*,*,#3460,.T.);
#4564=ORIENTED_EDGE('',*,*,#3461,.T.);
#4565=ORIENTED_EDGE('',*,*,#3457,.F.);
#4566=ORIENTED_EDGE('',*,*,#3462,.F.);
#4567=ORIENTED_EDGE('',*,*,#3463,.T.);
#4568=ORIENTED_EDGE('',*,*,#3464,.T.);
#4569=ORIENTED_EDGE('',*,*,#3460,.F.);
#4570=ORIENTED_EDGE('',*,*,#3465,.F.);
#4571=ORIENTED_EDGE('',*,*,#3428,.T.);
#4572=ORIENTED_EDGE('',*,*,#3466,.T.);
#4573=ORIENTED_EDGE('',*,*,#3463,.F.);
#4574=ORIENTED_EDGE('',*,*,#3466,.F.);
#4575=ORIENTED_EDGE('',*,*,#3427,.F.);
#4576=ORIENTED_EDGE('',*,*,#3431,.F.);
#4577=ORIENTED_EDGE('',*,*,#3434,.F.);
#4578=ORIENTED_EDGE('',*,*,#3437,.F.);
#4579=ORIENTED_EDGE('',*,*,#3440,.F.);
#4580=ORIENTED_EDGE('',*,*,#3443,.F.);
#4581=ORIENTED_EDGE('',*,*,#3446,.F.);
#4582=ORIENTED_EDGE('',*,*,#3449,.F.);
#4583=ORIENTED_EDGE('',*,*,#3452,.F.);
#4584=ORIENTED_EDGE('',*,*,#3455,.F.);
#4585=ORIENTED_EDGE('',*,*,#3458,.F.);
#4586=ORIENTED_EDGE('',*,*,#3461,.F.);
#4587=ORIENTED_EDGE('',*,*,#3464,.F.);
#4588=ORIENTED_EDGE('',*,*,#3424,.F.);
#4589=ORIENTED_EDGE('',*,*,#3403,.F.);
#4590=ORIENTED_EDGE('',*,*,#3407,.F.);
#4591=ORIENTED_EDGE('',*,*,#3410,.F.);
#4592=ORIENTED_EDGE('',*,*,#3413,.F.);
#4593=ORIENTED_EDGE('',*,*,#3416,.F.);
#4594=ORIENTED_EDGE('',*,*,#3419,.F.);
#4595=ORIENTED_EDGE('',*,*,#3422,.F.);
#4596=ORIENTED_EDGE('',*,*,#3467,.F.);
#4597=ORIENTED_EDGE('',*,*,#3468,.T.);
#4598=ORIENTED_EDGE('',*,*,#3469,.T.);
#4599=ORIENTED_EDGE('',*,*,#3470,.F.);
#4600=ORIENTED_EDGE('',*,*,#3471,.F.);
#4601=ORIENTED_EDGE('',*,*,#3472,.T.);
#4602=ORIENTED_EDGE('',*,*,#3473,.T.);
#4603=ORIENTED_EDGE('',*,*,#3468,.F.);
#4604=ORIENTED_EDGE('',*,*,#3474,.F.);
#4605=ORIENTED_EDGE('',*,*,#3475,.T.);
#4606=ORIENTED_EDGE('',*,*,#3476,.T.);
#4607=ORIENTED_EDGE('',*,*,#3472,.F.);
#4608=ORIENTED_EDGE('',*,*,#3477,.F.);
#4609=ORIENTED_EDGE('',*,*,#3478,.T.);
#4610=ORIENTED_EDGE('',*,*,#3479,.T.);
#4611=ORIENTED_EDGE('',*,*,#3475,.F.);
#4612=ORIENTED_EDGE('',*,*,#3480,.F.);
#4613=ORIENTED_EDGE('',*,*,#3481,.T.);
#4614=ORIENTED_EDGE('',*,*,#3482,.T.);
#4615=ORIENTED_EDGE('',*,*,#3478,.F.);
#4616=ORIENTED_EDGE('',*,*,#3483,.F.);
#4617=ORIENTED_EDGE('',*,*,#3484,.T.);
#4618=ORIENTED_EDGE('',*,*,#3485,.T.);
#4619=ORIENTED_EDGE('',*,*,#3481,.F.);
#4620=ORIENTED_EDGE('',*,*,#3486,.F.);
#4621=ORIENTED_EDGE('',*,*,#3487,.T.);
#4622=ORIENTED_EDGE('',*,*,#3488,.T.);
#4623=ORIENTED_EDGE('',*,*,#3484,.F.);
#4624=ORIENTED_EDGE('',*,*,#3489,.F.);
#4625=ORIENTED_EDGE('',*,*,#3490,.T.);
#4626=ORIENTED_EDGE('',*,*,#3491,.T.);
#4627=ORIENTED_EDGE('',*,*,#3487,.F.);
#4628=ORIENTED_EDGE('',*,*,#3492,.F.);
#4629=ORIENTED_EDGE('',*,*,#3493,.T.);
#4630=ORIENTED_EDGE('',*,*,#3494,.T.);
#4631=ORIENTED_EDGE('',*,*,#3490,.F.);
#4632=ORIENTED_EDGE('',*,*,#3495,.F.);
#4633=ORIENTED_EDGE('',*,*,#3496,.T.);
#4634=ORIENTED_EDGE('',*,*,#3497,.T.);
#4635=ORIENTED_EDGE('',*,*,#3493,.F.);
#4636=ORIENTED_EDGE('',*,*,#3498,.F.);
#4637=ORIENTED_EDGE('',*,*,#3499,.T.);
#4638=ORIENTED_EDGE('',*,*,#3500,.T.);
#4639=ORIENTED_EDGE('',*,*,#3496,.F.);
#4640=ORIENTED_EDGE('',*,*,#3501,.F.);
#4641=ORIENTED_EDGE('',*,*,#3470,.T.);
#4642=ORIENTED_EDGE('',*,*,#3502,.T.);
#4643=ORIENTED_EDGE('',*,*,#3499,.F.);
#4644=ORIENTED_EDGE('',*,*,#3502,.F.);
#4645=ORIENTED_EDGE('',*,*,#3469,.F.);
#4646=ORIENTED_EDGE('',*,*,#3473,.F.);
#4647=ORIENTED_EDGE('',*,*,#3476,.F.);
#4648=ORIENTED_EDGE('',*,*,#3479,.F.);
#4649=ORIENTED_EDGE('',*,*,#3482,.F.);
#4650=ORIENTED_EDGE('',*,*,#3485,.F.);
#4651=ORIENTED_EDGE('',*,*,#3488,.F.);
#4652=ORIENTED_EDGE('',*,*,#3491,.F.);
#4653=ORIENTED_EDGE('',*,*,#3494,.F.);
#4654=ORIENTED_EDGE('',*,*,#3497,.F.);
#4655=ORIENTED_EDGE('',*,*,#3500,.F.);
#4656=ORIENTED_EDGE('',*,*,#3503,.F.);
#4657=ORIENTED_EDGE('',*,*,#3504,.T.);
#4658=ORIENTED_EDGE('',*,*,#3505,.T.);
#4659=ORIENTED_EDGE('',*,*,#3506,.F.);
#4660=ORIENTED_EDGE('',*,*,#3507,.F.);
#4661=ORIENTED_EDGE('',*,*,#3508,.T.);
#4662=ORIENTED_EDGE('',*,*,#3509,.T.);
#4663=ORIENTED_EDGE('',*,*,#3504,.F.);
#4664=ORIENTED_EDGE('',*,*,#3510,.F.);
#4665=ORIENTED_EDGE('',*,*,#3511,.T.);
#4666=ORIENTED_EDGE('',*,*,#3512,.T.);
#4667=ORIENTED_EDGE('',*,*,#3508,.F.);
#4668=ORIENTED_EDGE('',*,*,#3513,.F.);
#4669=ORIENTED_EDGE('',*,*,#3514,.T.);
#4670=ORIENTED_EDGE('',*,*,#3515,.T.);
#4671=ORIENTED_EDGE('',*,*,#3511,.F.);
#4672=ORIENTED_EDGE('',*,*,#3516,.F.);
#4673=ORIENTED_EDGE('',*,*,#3517,.T.);
#4674=ORIENTED_EDGE('',*,*,#3518,.T.);
#4675=ORIENTED_EDGE('',*,*,#3514,.F.);
#4676=ORIENTED_EDGE('',*,*,#3519,.F.);
#4677=ORIENTED_EDGE('',*,*,#3520,.T.);
#4678=ORIENTED_EDGE('',*,*,#3521,.T.);
#4679=ORIENTED_EDGE('',*,*,#3517,.F.);
#4680=ORIENTED_EDGE('',*,*,#3522,.F.);
#4681=ORIENTED_EDGE('',*,*,#3523,.T.);
#4682=ORIENTED_EDGE('',*,*,#3524,.T.);
#4683=ORIENTED_EDGE('',*,*,#3520,.F.);
#4684=ORIENTED_EDGE('',*,*,#3525,.F.);
#4685=ORIENTED_EDGE('',*,*,#3526,.T.);
#4686=ORIENTED_EDGE('',*,*,#3527,.T.);
#4687=ORIENTED_EDGE('',*,*,#3523,.F.);
#4688=ORIENTED_EDGE('',*,*,#3528,.F.);
#4689=ORIENTED_EDGE('',*,*,#3529,.T.);
#4690=ORIENTED_EDGE('',*,*,#3530,.T.);
#4691=ORIENTED_EDGE('',*,*,#3526,.F.);
#4692=ORIENTED_EDGE('',*,*,#3531,.F.);
#4693=ORIENTED_EDGE('',*,*,#3532,.T.);
#4694=ORIENTED_EDGE('',*,*,#3533,.T.);
#4695=ORIENTED_EDGE('',*,*,#3529,.F.);
#4696=ORIENTED_EDGE('',*,*,#3534,.F.);
#4697=ORIENTED_EDGE('',*,*,#3535,.T.);
#4698=ORIENTED_EDGE('',*,*,#3536,.T.);
#4699=ORIENTED_EDGE('',*,*,#3532,.F.);
#4700=ORIENTED_EDGE('',*,*,#3537,.F.);
#4701=ORIENTED_EDGE('',*,*,#3538,.T.);
#4702=ORIENTED_EDGE('',*,*,#3539,.T.);
#4703=ORIENTED_EDGE('',*,*,#3535,.F.);
#4704=ORIENTED_EDGE('',*,*,#3540,.F.);
#4705=ORIENTED_EDGE('',*,*,#3541,.T.);
#4706=ORIENTED_EDGE('',*,*,#3542,.T.);
#4707=ORIENTED_EDGE('',*,*,#3538,.F.);
#4708=ORIENTED_EDGE('',*,*,#3543,.F.);
#4709=ORIENTED_EDGE('',*,*,#3544,.T.);
#4710=ORIENTED_EDGE('',*,*,#3545,.T.);
#4711=ORIENTED_EDGE('',*,*,#3541,.F.);
#4712=ORIENTED_EDGE('',*,*,#3546,.F.);
#4713=ORIENTED_EDGE('',*,*,#3547,.T.);
#4714=ORIENTED_EDGE('',*,*,#3548,.T.);
#4715=ORIENTED_EDGE('',*,*,#3544,.F.);
#4716=ORIENTED_EDGE('',*,*,#3549,.F.);
#4717=ORIENTED_EDGE('',*,*,#3550,.T.);
#4718=ORIENTED_EDGE('',*,*,#3551,.T.);
#4719=ORIENTED_EDGE('',*,*,#3547,.F.);
#4720=ORIENTED_EDGE('',*,*,#3552,.F.);
#4721=ORIENTED_EDGE('',*,*,#3553,.T.);
#4722=ORIENTED_EDGE('',*,*,#3554,.T.);
#4723=ORIENTED_EDGE('',*,*,#3550,.F.);
#4724=ORIENTED_EDGE('',*,*,#3555,.F.);
#4725=ORIENTED_EDGE('',*,*,#3556,.T.);
#4726=ORIENTED_EDGE('',*,*,#3557,.T.);
#4727=ORIENTED_EDGE('',*,*,#3553,.F.);
#4728=ORIENTED_EDGE('',*,*,#3558,.F.);
#4729=ORIENTED_EDGE('',*,*,#3506,.T.);
#4730=ORIENTED_EDGE('',*,*,#3559,.T.);
#4731=ORIENTED_EDGE('',*,*,#3556,.F.);
#4732=ORIENTED_EDGE('',*,*,#3559,.F.);
#4733=ORIENTED_EDGE('',*,*,#3505,.F.);
#4734=ORIENTED_EDGE('',*,*,#3509,.F.);
#4735=ORIENTED_EDGE('',*,*,#3512,.F.);
#4736=ORIENTED_EDGE('',*,*,#3515,.F.);
#4737=ORIENTED_EDGE('',*,*,#3518,.F.);
#4738=ORIENTED_EDGE('',*,*,#3521,.F.);
#4739=ORIENTED_EDGE('',*,*,#3524,.F.);
#4740=ORIENTED_EDGE('',*,*,#3527,.F.);
#4741=ORIENTED_EDGE('',*,*,#3530,.F.);
#4742=ORIENTED_EDGE('',*,*,#3533,.F.);
#4743=ORIENTED_EDGE('',*,*,#3536,.F.);
#4744=ORIENTED_EDGE('',*,*,#3539,.F.);
#4745=ORIENTED_EDGE('',*,*,#3542,.F.);
#4746=ORIENTED_EDGE('',*,*,#3545,.F.);
#4747=ORIENTED_EDGE('',*,*,#3548,.F.);
#4748=ORIENTED_EDGE('',*,*,#3551,.F.);
#4749=ORIENTED_EDGE('',*,*,#3554,.F.);
#4750=ORIENTED_EDGE('',*,*,#3557,.F.);
#4751=ORIENTED_EDGE('',*,*,#3560,.F.);
#4752=ORIENTED_EDGE('',*,*,#3561,.T.);
#4753=ORIENTED_EDGE('',*,*,#3562,.T.);
#4754=ORIENTED_EDGE('',*,*,#3563,.F.);
#4755=ORIENTED_EDGE('',*,*,#3564,.F.);
#4756=ORIENTED_EDGE('',*,*,#3565,.T.);
#4757=ORIENTED_EDGE('',*,*,#3566,.T.);
#4758=ORIENTED_EDGE('',*,*,#3561,.F.);
#4759=ORIENTED_EDGE('',*,*,#3567,.F.);
#4760=ORIENTED_EDGE('',*,*,#3568,.T.);
#4761=ORIENTED_EDGE('',*,*,#3569,.T.);
#4762=ORIENTED_EDGE('',*,*,#3565,.F.);
#4763=ORIENTED_EDGE('',*,*,#3570,.F.);
#4764=ORIENTED_EDGE('',*,*,#3571,.T.);
#4765=ORIENTED_EDGE('',*,*,#3572,.T.);
#4766=ORIENTED_EDGE('',*,*,#3568,.F.);
#4767=ORIENTED_EDGE('',*,*,#3573,.F.);
#4768=ORIENTED_EDGE('',*,*,#3574,.T.);
#4769=ORIENTED_EDGE('',*,*,#3575,.T.);
#4770=ORIENTED_EDGE('',*,*,#3571,.F.);
#4771=ORIENTED_EDGE('',*,*,#3576,.F.);
#4772=ORIENTED_EDGE('',*,*,#3577,.T.);
#4773=ORIENTED_EDGE('',*,*,#3578,.T.);
#4774=ORIENTED_EDGE('',*,*,#3574,.F.);
#4775=ORIENTED_EDGE('',*,*,#3579,.F.);
#4776=ORIENTED_EDGE('',*,*,#3580,.T.);
#4777=ORIENTED_EDGE('',*,*,#3581,.T.);
#4778=ORIENTED_EDGE('',*,*,#3577,.F.);
#4779=ORIENTED_EDGE('',*,*,#3582,.F.);
#4780=ORIENTED_EDGE('',*,*,#3563,.T.);
#4781=ORIENTED_EDGE('',*,*,#3583,.T.);
#4782=ORIENTED_EDGE('',*,*,#3580,.F.);
#4783=ORIENTED_EDGE('',*,*,#3584,.F.);
#4784=ORIENTED_EDGE('',*,*,#3585,.T.);
#4785=ORIENTED_EDGE('',*,*,#3586,.T.);
#4786=ORIENTED_EDGE('',*,*,#3587,.F.);
#4787=ORIENTED_EDGE('',*,*,#3588,.F.);
#4788=ORIENTED_EDGE('',*,*,#3589,.T.);
#4789=ORIENTED_EDGE('',*,*,#3590,.T.);
#4790=ORIENTED_EDGE('',*,*,#3585,.F.);
#4791=ORIENTED_EDGE('',*,*,#3591,.F.);
#4792=ORIENTED_EDGE('',*,*,#3592,.T.);
#4793=ORIENTED_EDGE('',*,*,#3593,.T.);
#4794=ORIENTED_EDGE('',*,*,#3589,.F.);
#4795=ORIENTED_EDGE('',*,*,#3594,.F.);
#4796=ORIENTED_EDGE('',*,*,#3595,.T.);
#4797=ORIENTED_EDGE('',*,*,#3596,.T.);
#4798=ORIENTED_EDGE('',*,*,#3592,.F.);
#4799=ORIENTED_EDGE('',*,*,#3597,.F.);
#4800=ORIENTED_EDGE('',*,*,#3598,.T.);
#4801=ORIENTED_EDGE('',*,*,#3599,.T.);
#4802=ORIENTED_EDGE('',*,*,#3595,.F.);
#4803=ORIENTED_EDGE('',*,*,#3600,.F.);
#4804=ORIENTED_EDGE('',*,*,#3601,.T.);
#4805=ORIENTED_EDGE('',*,*,#3602,.T.);
#4806=ORIENTED_EDGE('',*,*,#3598,.F.);
#4807=ORIENTED_EDGE('',*,*,#3603,.F.);
#4808=ORIENTED_EDGE('',*,*,#3604,.T.);
#4809=ORIENTED_EDGE('',*,*,#3605,.T.);
#4810=ORIENTED_EDGE('',*,*,#3601,.F.);
#4811=ORIENTED_EDGE('',*,*,#3606,.F.);
#4812=ORIENTED_EDGE('',*,*,#3607,.T.);
#4813=ORIENTED_EDGE('',*,*,#3608,.T.);
#4814=ORIENTED_EDGE('',*,*,#3604,.F.);
#4815=ORIENTED_EDGE('',*,*,#3609,.F.);
#4816=ORIENTED_EDGE('',*,*,#3610,.T.);
#4817=ORIENTED_EDGE('',*,*,#3611,.T.);
#4818=ORIENTED_EDGE('',*,*,#3607,.F.);
#4819=ORIENTED_EDGE('',*,*,#3612,.F.);
#4820=ORIENTED_EDGE('',*,*,#3613,.T.);
#4821=ORIENTED_EDGE('',*,*,#3614,.T.);
#4822=ORIENTED_EDGE('',*,*,#3610,.F.);
#4823=ORIENTED_EDGE('',*,*,#3615,.F.);
#4824=ORIENTED_EDGE('',*,*,#3616,.T.);
#4825=ORIENTED_EDGE('',*,*,#3617,.T.);
#4826=ORIENTED_EDGE('',*,*,#3613,.F.);
#4827=ORIENTED_EDGE('',*,*,#3618,.F.);
#4828=ORIENTED_EDGE('',*,*,#3619,.T.);
#4829=ORIENTED_EDGE('',*,*,#3620,.T.);
#4830=ORIENTED_EDGE('',*,*,#3616,.F.);
#4831=ORIENTED_EDGE('',*,*,#3621,.F.);
#4832=ORIENTED_EDGE('',*,*,#3622,.T.);
#4833=ORIENTED_EDGE('',*,*,#3623,.T.);
#4834=ORIENTED_EDGE('',*,*,#3619,.F.);
#4835=ORIENTED_EDGE('',*,*,#3624,.F.);
#4836=ORIENTED_EDGE('',*,*,#3625,.T.);
#4837=ORIENTED_EDGE('',*,*,#3626,.T.);
#4838=ORIENTED_EDGE('',*,*,#3622,.F.);
#4839=ORIENTED_EDGE('',*,*,#3627,.F.);
#4840=ORIENTED_EDGE('',*,*,#3587,.T.);
#4841=ORIENTED_EDGE('',*,*,#3628,.T.);
#4842=ORIENTED_EDGE('',*,*,#3625,.F.);
#4843=ORIENTED_EDGE('',*,*,#3628,.F.);
#4844=ORIENTED_EDGE('',*,*,#3586,.F.);
#4845=ORIENTED_EDGE('',*,*,#3590,.F.);
#4846=ORIENTED_EDGE('',*,*,#3593,.F.);
#4847=ORIENTED_EDGE('',*,*,#3596,.F.);
#4848=ORIENTED_EDGE('',*,*,#3599,.F.);
#4849=ORIENTED_EDGE('',*,*,#3602,.F.);
#4850=ORIENTED_EDGE('',*,*,#3605,.F.);
#4851=ORIENTED_EDGE('',*,*,#3608,.F.);
#4852=ORIENTED_EDGE('',*,*,#3611,.F.);
#4853=ORIENTED_EDGE('',*,*,#3614,.F.);
#4854=ORIENTED_EDGE('',*,*,#3617,.F.);
#4855=ORIENTED_EDGE('',*,*,#3620,.F.);
#4856=ORIENTED_EDGE('',*,*,#3623,.F.);
#4857=ORIENTED_EDGE('',*,*,#3626,.F.);
#4858=ORIENTED_EDGE('',*,*,#3583,.F.);
#4859=ORIENTED_EDGE('',*,*,#3562,.F.);
#4860=ORIENTED_EDGE('',*,*,#3566,.F.);
#4861=ORIENTED_EDGE('',*,*,#3569,.F.);
#4862=ORIENTED_EDGE('',*,*,#3572,.F.);
#4863=ORIENTED_EDGE('',*,*,#3575,.F.);
#4864=ORIENTED_EDGE('',*,*,#3578,.F.);
#4865=ORIENTED_EDGE('',*,*,#3581,.F.);
#4866=ORIENTED_EDGE('',*,*,#3629,.F.);
#4867=ORIENTED_EDGE('',*,*,#3630,.T.);
#4868=ORIENTED_EDGE('',*,*,#3631,.T.);
#4869=ORIENTED_EDGE('',*,*,#3632,.F.);
#4870=ORIENTED_EDGE('',*,*,#3633,.F.);
#4871=ORIENTED_EDGE('',*,*,#3634,.T.);
#4872=ORIENTED_EDGE('',*,*,#3635,.T.);
#4873=ORIENTED_EDGE('',*,*,#3630,.F.);
#4874=ORIENTED_EDGE('',*,*,#3636,.F.);
#4875=ORIENTED_EDGE('',*,*,#3637,.T.);
#4876=ORIENTED_EDGE('',*,*,#3638,.T.);
#4877=ORIENTED_EDGE('',*,*,#3634,.F.);
#4878=ORIENTED_EDGE('',*,*,#3639,.F.);
#4879=ORIENTED_EDGE('',*,*,#3640,.T.);
#4880=ORIENTED_EDGE('',*,*,#3641,.T.);
#4881=ORIENTED_EDGE('',*,*,#3637,.F.);
#4882=ORIENTED_EDGE('',*,*,#3642,.F.);
#4883=ORIENTED_EDGE('',*,*,#3643,.T.);
#4884=ORIENTED_EDGE('',*,*,#3644,.T.);
#4885=ORIENTED_EDGE('',*,*,#3640,.F.);
#4886=ORIENTED_EDGE('',*,*,#3645,.F.);
#4887=ORIENTED_EDGE('',*,*,#3646,.T.);
#4888=ORIENTED_EDGE('',*,*,#3647,.T.);
#4889=ORIENTED_EDGE('',*,*,#3643,.F.);
#4890=ORIENTED_EDGE('',*,*,#3648,.F.);
#4891=ORIENTED_EDGE('',*,*,#3649,.T.);
#4892=ORIENTED_EDGE('',*,*,#3650,.T.);
#4893=ORIENTED_EDGE('',*,*,#3646,.F.);
#4894=ORIENTED_EDGE('',*,*,#3651,.F.);
#4895=ORIENTED_EDGE('',*,*,#3652,.T.);
#4896=ORIENTED_EDGE('',*,*,#3653,.T.);
#4897=ORIENTED_EDGE('',*,*,#3649,.F.);
#4898=ORIENTED_EDGE('',*,*,#3654,.F.);
#4899=ORIENTED_EDGE('',*,*,#3655,.T.);
#4900=ORIENTED_EDGE('',*,*,#3656,.T.);
#4901=ORIENTED_EDGE('',*,*,#3652,.F.);
#4902=ORIENTED_EDGE('',*,*,#3657,.F.);
#4903=ORIENTED_EDGE('',*,*,#3632,.T.);
#4904=ORIENTED_EDGE('',*,*,#3658,.T.);
#4905=ORIENTED_EDGE('',*,*,#3655,.F.);
#4906=ORIENTED_EDGE('',*,*,#3659,.F.);
#4907=ORIENTED_EDGE('',*,*,#3660,.T.);
#4908=ORIENTED_EDGE('',*,*,#3661,.T.);
#4909=ORIENTED_EDGE('',*,*,#3662,.F.);
#4910=ORIENTED_EDGE('',*,*,#3663,.F.);
#4911=ORIENTED_EDGE('',*,*,#3664,.T.);
#4912=ORIENTED_EDGE('',*,*,#3665,.T.);
#4913=ORIENTED_EDGE('',*,*,#3660,.F.);
#4914=ORIENTED_EDGE('',*,*,#3666,.F.);
#4915=ORIENTED_EDGE('',*,*,#3667,.T.);
#4916=ORIENTED_EDGE('',*,*,#3668,.T.);
#4917=ORIENTED_EDGE('',*,*,#3664,.F.);
#4918=ORIENTED_EDGE('',*,*,#3669,.F.);
#4919=ORIENTED_EDGE('',*,*,#3670,.T.);
#4920=ORIENTED_EDGE('',*,*,#3671,.T.);
#4921=ORIENTED_EDGE('',*,*,#3667,.F.);
#4922=ORIENTED_EDGE('',*,*,#3672,.F.);
#4923=ORIENTED_EDGE('',*,*,#3673,.T.);
#4924=ORIENTED_EDGE('',*,*,#3674,.T.);
#4925=ORIENTED_EDGE('',*,*,#3670,.F.);
#4926=ORIENTED_EDGE('',*,*,#3675,.F.);
#4927=ORIENTED_EDGE('',*,*,#3676,.T.);
#4928=ORIENTED_EDGE('',*,*,#3677,.T.);
#4929=ORIENTED_EDGE('',*,*,#3673,.F.);
#4930=ORIENTED_EDGE('',*,*,#3678,.F.);
#4931=ORIENTED_EDGE('',*,*,#3679,.T.);
#4932=ORIENTED_EDGE('',*,*,#3680,.T.);
#4933=ORIENTED_EDGE('',*,*,#3676,.F.);
#4934=ORIENTED_EDGE('',*,*,#3681,.F.);
#4935=ORIENTED_EDGE('',*,*,#3682,.T.);
#4936=ORIENTED_EDGE('',*,*,#3683,.T.);
#4937=ORIENTED_EDGE('',*,*,#3679,.F.);
#4938=ORIENTED_EDGE('',*,*,#3684,.F.);
#4939=ORIENTED_EDGE('',*,*,#3685,.T.);
#4940=ORIENTED_EDGE('',*,*,#3686,.T.);
#4941=ORIENTED_EDGE('',*,*,#3682,.F.);
#4942=ORIENTED_EDGE('',*,*,#3687,.F.);
#4943=ORIENTED_EDGE('',*,*,#3688,.T.);
#4944=ORIENTED_EDGE('',*,*,#3689,.T.);
#4945=ORIENTED_EDGE('',*,*,#3685,.F.);
#4946=ORIENTED_EDGE('',*,*,#3690,.F.);
#4947=ORIENTED_EDGE('',*,*,#3691,.T.);
#4948=ORIENTED_EDGE('',*,*,#3692,.T.);
#4949=ORIENTED_EDGE('',*,*,#3688,.F.);
#4950=ORIENTED_EDGE('',*,*,#3693,.F.);
#4951=ORIENTED_EDGE('',*,*,#3694,.T.);
#4952=ORIENTED_EDGE('',*,*,#3695,.T.);
#4953=ORIENTED_EDGE('',*,*,#3691,.F.);
#4954=ORIENTED_EDGE('',*,*,#3696,.F.);
#4955=ORIENTED_EDGE('',*,*,#3697,.T.);
#4956=ORIENTED_EDGE('',*,*,#3698,.T.);
#4957=ORIENTED_EDGE('',*,*,#3694,.F.);
#4958=ORIENTED_EDGE('',*,*,#3699,.F.);
#4959=ORIENTED_EDGE('',*,*,#3700,.T.);
#4960=ORIENTED_EDGE('',*,*,#3701,.T.);
#4961=ORIENTED_EDGE('',*,*,#3697,.F.);
#4962=ORIENTED_EDGE('',*,*,#3702,.F.);
#4963=ORIENTED_EDGE('',*,*,#3703,.T.);
#4964=ORIENTED_EDGE('',*,*,#3704,.T.);
#4965=ORIENTED_EDGE('',*,*,#3700,.F.);
#4966=ORIENTED_EDGE('',*,*,#3705,.F.);
#4967=ORIENTED_EDGE('',*,*,#3706,.T.);
#4968=ORIENTED_EDGE('',*,*,#3707,.T.);
#4969=ORIENTED_EDGE('',*,*,#3703,.F.);
#4970=ORIENTED_EDGE('',*,*,#3708,.F.);
#4971=ORIENTED_EDGE('',*,*,#3709,.T.);
#4972=ORIENTED_EDGE('',*,*,#3710,.T.);
#4973=ORIENTED_EDGE('',*,*,#3706,.F.);
#4974=ORIENTED_EDGE('',*,*,#3711,.F.);
#4975=ORIENTED_EDGE('',*,*,#3712,.T.);
#4976=ORIENTED_EDGE('',*,*,#3713,.T.);
#4977=ORIENTED_EDGE('',*,*,#3709,.F.);
#4978=ORIENTED_EDGE('',*,*,#3714,.F.);
#4979=ORIENTED_EDGE('',*,*,#3715,.T.);
#4980=ORIENTED_EDGE('',*,*,#3716,.T.);
#4981=ORIENTED_EDGE('',*,*,#3712,.F.);
#4982=ORIENTED_EDGE('',*,*,#3717,.F.);
#4983=ORIENTED_EDGE('',*,*,#3718,.T.);
#4984=ORIENTED_EDGE('',*,*,#3719,.T.);
#4985=ORIENTED_EDGE('',*,*,#3715,.F.);
#4986=ORIENTED_EDGE('',*,*,#3720,.F.);
#4987=ORIENTED_EDGE('',*,*,#3721,.T.);
#4988=ORIENTED_EDGE('',*,*,#3722,.T.);
#4989=ORIENTED_EDGE('',*,*,#3718,.F.);
#4990=ORIENTED_EDGE('',*,*,#3723,.F.);
#4991=ORIENTED_EDGE('',*,*,#3724,.T.);
#4992=ORIENTED_EDGE('',*,*,#3725,.T.);
#4993=ORIENTED_EDGE('',*,*,#3721,.F.);
#4994=ORIENTED_EDGE('',*,*,#3726,.F.);
#4995=ORIENTED_EDGE('',*,*,#3727,.T.);
#4996=ORIENTED_EDGE('',*,*,#3728,.T.);
#4997=ORIENTED_EDGE('',*,*,#3724,.F.);
#4998=ORIENTED_EDGE('',*,*,#3729,.F.);
#4999=ORIENTED_EDGE('',*,*,#3730,.T.);
#5000=ORIENTED_EDGE('',*,*,#3731,.T.);
#5001=ORIENTED_EDGE('',*,*,#3727,.F.);
#5002=ORIENTED_EDGE('',*,*,#3732,.F.);
#5003=ORIENTED_EDGE('',*,*,#3733,.T.);
#5004=ORIENTED_EDGE('',*,*,#3734,.T.);
#5005=ORIENTED_EDGE('',*,*,#3730,.F.);
#5006=ORIENTED_EDGE('',*,*,#3735,.F.);
#5007=ORIENTED_EDGE('',*,*,#3736,.T.);
#5008=ORIENTED_EDGE('',*,*,#3737,.T.);
#5009=ORIENTED_EDGE('',*,*,#3733,.F.);
#5010=ORIENTED_EDGE('',*,*,#3738,.F.);
#5011=ORIENTED_EDGE('',*,*,#3662,.T.);
#5012=ORIENTED_EDGE('',*,*,#3739,.T.);
#5013=ORIENTED_EDGE('',*,*,#3736,.F.);
#5014=ORIENTED_EDGE('',*,*,#3739,.F.);
#5015=ORIENTED_EDGE('',*,*,#3661,.F.);
#5016=ORIENTED_EDGE('',*,*,#3665,.F.);
#5017=ORIENTED_EDGE('',*,*,#3668,.F.);
#5018=ORIENTED_EDGE('',*,*,#3671,.F.);
#5019=ORIENTED_EDGE('',*,*,#3674,.F.);
#5020=ORIENTED_EDGE('',*,*,#3677,.F.);
#5021=ORIENTED_EDGE('',*,*,#3680,.F.);
#5022=ORIENTED_EDGE('',*,*,#3683,.F.);
#5023=ORIENTED_EDGE('',*,*,#3686,.F.);
#5024=ORIENTED_EDGE('',*,*,#3689,.F.);
#5025=ORIENTED_EDGE('',*,*,#3692,.F.);
#5026=ORIENTED_EDGE('',*,*,#3695,.F.);
#5027=ORIENTED_EDGE('',*,*,#3698,.F.);
#5028=ORIENTED_EDGE('',*,*,#3701,.F.);
#5029=ORIENTED_EDGE('',*,*,#3704,.F.);
#5030=ORIENTED_EDGE('',*,*,#3707,.F.);
#5031=ORIENTED_EDGE('',*,*,#3710,.F.);
#5032=ORIENTED_EDGE('',*,*,#3713,.F.);
#5033=ORIENTED_EDGE('',*,*,#3716,.F.);
#5034=ORIENTED_EDGE('',*,*,#3719,.F.);
#5035=ORIENTED_EDGE('',*,*,#3722,.F.);
#5036=ORIENTED_EDGE('',*,*,#3725,.F.);
#5037=ORIENTED_EDGE('',*,*,#3728,.F.);
#5038=ORIENTED_EDGE('',*,*,#3731,.F.);
#5039=ORIENTED_EDGE('',*,*,#3734,.F.);
#5040=ORIENTED_EDGE('',*,*,#3737,.F.);
#5041=ORIENTED_EDGE('',*,*,#3658,.F.);
#5042=ORIENTED_EDGE('',*,*,#3631,.F.);
#5043=ORIENTED_EDGE('',*,*,#3635,.F.);
#5044=ORIENTED_EDGE('',*,*,#3638,.F.);
#5045=ORIENTED_EDGE('',*,*,#3641,.F.);
#5046=ORIENTED_EDGE('',*,*,#3644,.F.);
#5047=ORIENTED_EDGE('',*,*,#3647,.F.);
#5048=ORIENTED_EDGE('',*,*,#3650,.F.);
#5049=ORIENTED_EDGE('',*,*,#3653,.F.);
#5050=ORIENTED_EDGE('',*,*,#3656,.F.);
#5051=ORIENTED_EDGE('',*,*,#3740,.F.);
#5052=ORIENTED_EDGE('',*,*,#3741,.T.);
#5053=ORIENTED_EDGE('',*,*,#3742,.T.);
#5054=ORIENTED_EDGE('',*,*,#3743,.F.);
#5055=ORIENTED_EDGE('',*,*,#3744,.F.);
#5056=ORIENTED_EDGE('',*,*,#3745,.T.);
#5057=ORIENTED_EDGE('',*,*,#3746,.T.);
#5058=ORIENTED_EDGE('',*,*,#3741,.F.);
#5059=ORIENTED_EDGE('',*,*,#3747,.F.);
#5060=ORIENTED_EDGE('',*,*,#3748,.T.);
#5061=ORIENTED_EDGE('',*,*,#3749,.T.);
#5062=ORIENTED_EDGE('',*,*,#3745,.F.);
#5063=ORIENTED_EDGE('',*,*,#3750,.F.);
#5064=ORIENTED_EDGE('',*,*,#3751,.T.);
#5065=ORIENTED_EDGE('',*,*,#3752,.T.);
#5066=ORIENTED_EDGE('',*,*,#3748,.F.);
#5067=ORIENTED_EDGE('',*,*,#3753,.F.);
#5068=ORIENTED_EDGE('',*,*,#3754,.T.);
#5069=ORIENTED_EDGE('',*,*,#3755,.T.);
#5070=ORIENTED_EDGE('',*,*,#3751,.F.);
#5071=ORIENTED_EDGE('',*,*,#3756,.F.);
#5072=ORIENTED_EDGE('',*,*,#3757,.T.);
#5073=ORIENTED_EDGE('',*,*,#3758,.T.);
#5074=ORIENTED_EDGE('',*,*,#3754,.F.);
#5075=ORIENTED_EDGE('',*,*,#3759,.F.);
#5076=ORIENTED_EDGE('',*,*,#3760,.T.);
#5077=ORIENTED_EDGE('',*,*,#3761,.T.);
#5078=ORIENTED_EDGE('',*,*,#3757,.F.);
#5079=ORIENTED_EDGE('',*,*,#3762,.F.);
#5080=ORIENTED_EDGE('',*,*,#3763,.T.);
#5081=ORIENTED_EDGE('',*,*,#3764,.T.);
#5082=ORIENTED_EDGE('',*,*,#3760,.F.);
#5083=ORIENTED_EDGE('',*,*,#3765,.F.);
#5084=ORIENTED_EDGE('',*,*,#3766,.T.);
#5085=ORIENTED_EDGE('',*,*,#3767,.T.);
#5086=ORIENTED_EDGE('',*,*,#3763,.F.);
#5087=ORIENTED_EDGE('',*,*,#3768,.F.);
#5088=ORIENTED_EDGE('',*,*,#3769,.T.);
#5089=ORIENTED_EDGE('',*,*,#3770,.T.);
#5090=ORIENTED_EDGE('',*,*,#3766,.F.);
#5091=ORIENTED_EDGE('',*,*,#3771,.F.);
#5092=ORIENTED_EDGE('',*,*,#3772,.T.);
#5093=ORIENTED_EDGE('',*,*,#3773,.T.);
#5094=ORIENTED_EDGE('',*,*,#3769,.F.);
#5095=ORIENTED_EDGE('',*,*,#3774,.F.);
#5096=ORIENTED_EDGE('',*,*,#3743,.T.);
#5097=ORIENTED_EDGE('',*,*,#3775,.T.);
#5098=ORIENTED_EDGE('',*,*,#3772,.F.);
#5099=ORIENTED_EDGE('',*,*,#3775,.F.);
#5100=ORIENTED_EDGE('',*,*,#3742,.F.);
#5101=ORIENTED_EDGE('',*,*,#3746,.F.);
#5102=ORIENTED_EDGE('',*,*,#3749,.F.);
#5103=ORIENTED_EDGE('',*,*,#3752,.F.);
#5104=ORIENTED_EDGE('',*,*,#3755,.F.);
#5105=ORIENTED_EDGE('',*,*,#3758,.F.);
#5106=ORIENTED_EDGE('',*,*,#3761,.F.);
#5107=ORIENTED_EDGE('',*,*,#3764,.F.);
#5108=ORIENTED_EDGE('',*,*,#3767,.F.);
#5109=ORIENTED_EDGE('',*,*,#3770,.F.);
#5110=ORIENTED_EDGE('',*,*,#3773,.F.);
#5111=ORIENTED_EDGE('',*,*,#3776,.F.);
#5112=ORIENTED_EDGE('',*,*,#3777,.T.);
#5113=ORIENTED_EDGE('',*,*,#3778,.T.);
#5114=ORIENTED_EDGE('',*,*,#3779,.F.);
#5115=ORIENTED_EDGE('',*,*,#3780,.F.);
#5116=ORIENTED_EDGE('',*,*,#3781,.T.);
#5117=ORIENTED_EDGE('',*,*,#3782,.T.);
#5118=ORIENTED_EDGE('',*,*,#3777,.F.);
#5119=ORIENTED_EDGE('',*,*,#3783,.F.);
#5120=ORIENTED_EDGE('',*,*,#3784,.T.);
#5121=ORIENTED_EDGE('',*,*,#3785,.T.);
#5122=ORIENTED_EDGE('',*,*,#3781,.F.);
#5123=ORIENTED_EDGE('',*,*,#3786,.F.);
#5124=ORIENTED_EDGE('',*,*,#3787,.T.);
#5125=ORIENTED_EDGE('',*,*,#3788,.T.);
#5126=ORIENTED_EDGE('',*,*,#3784,.F.);
#5127=ORIENTED_EDGE('',*,*,#3789,.F.);
#5128=ORIENTED_EDGE('',*,*,#3790,.T.);
#5129=ORIENTED_EDGE('',*,*,#3791,.T.);
#5130=ORIENTED_EDGE('',*,*,#3787,.F.);
#5131=ORIENTED_EDGE('',*,*,#3792,.F.);
#5132=ORIENTED_EDGE('',*,*,#3793,.T.);
#5133=ORIENTED_EDGE('',*,*,#3794,.T.);
#5134=ORIENTED_EDGE('',*,*,#3790,.F.);
#5135=ORIENTED_EDGE('',*,*,#3795,.F.);
#5136=ORIENTED_EDGE('',*,*,#3796,.T.);
#5137=ORIENTED_EDGE('',*,*,#3797,.T.);
#5138=ORIENTED_EDGE('',*,*,#3793,.F.);
#5139=ORIENTED_EDGE('',*,*,#3798,.F.);
#5140=ORIENTED_EDGE('',*,*,#3799,.T.);
#5141=ORIENTED_EDGE('',*,*,#3800,.T.);
#5142=ORIENTED_EDGE('',*,*,#3796,.F.);
#5143=ORIENTED_EDGE('',*,*,#3801,.F.);
#5144=ORIENTED_EDGE('',*,*,#3802,.T.);
#5145=ORIENTED_EDGE('',*,*,#3803,.T.);
#5146=ORIENTED_EDGE('',*,*,#3799,.F.);
#5147=ORIENTED_EDGE('',*,*,#3804,.F.);
#5148=ORIENTED_EDGE('',*,*,#3779,.T.);
#5149=ORIENTED_EDGE('',*,*,#3805,.T.);
#5150=ORIENTED_EDGE('',*,*,#3802,.F.);
#5151=ORIENTED_EDGE('',*,*,#3806,.F.);
#5152=ORIENTED_EDGE('',*,*,#3807,.T.);
#5153=ORIENTED_EDGE('',*,*,#3808,.T.);
#5154=ORIENTED_EDGE('',*,*,#3809,.F.);
#5155=ORIENTED_EDGE('',*,*,#3810,.F.);
#5156=ORIENTED_EDGE('',*,*,#3811,.T.);
#5157=ORIENTED_EDGE('',*,*,#3812,.T.);
#5158=ORIENTED_EDGE('',*,*,#3807,.F.);
#5159=ORIENTED_EDGE('',*,*,#3813,.F.);
#5160=ORIENTED_EDGE('',*,*,#3814,.T.);
#5161=ORIENTED_EDGE('',*,*,#3815,.T.);
#5162=ORIENTED_EDGE('',*,*,#3811,.F.);
#5163=ORIENTED_EDGE('',*,*,#3816,.F.);
#5164=ORIENTED_EDGE('',*,*,#3817,.T.);
#5165=ORIENTED_EDGE('',*,*,#3818,.T.);
#5166=ORIENTED_EDGE('',*,*,#3814,.F.);
#5167=ORIENTED_EDGE('',*,*,#3819,.F.);
#5168=ORIENTED_EDGE('',*,*,#3820,.T.);
#5169=ORIENTED_EDGE('',*,*,#3821,.T.);
#5170=ORIENTED_EDGE('',*,*,#3817,.F.);
#5171=ORIENTED_EDGE('',*,*,#3822,.F.);
#5172=ORIENTED_EDGE('',*,*,#3823,.T.);
#5173=ORIENTED_EDGE('',*,*,#3824,.T.);
#5174=ORIENTED_EDGE('',*,*,#3820,.F.);
#5175=ORIENTED_EDGE('',*,*,#3825,.F.);
#5176=ORIENTED_EDGE('',*,*,#3826,.T.);
#5177=ORIENTED_EDGE('',*,*,#3827,.T.);
#5178=ORIENTED_EDGE('',*,*,#3823,.F.);
#5179=ORIENTED_EDGE('',*,*,#3828,.F.);
#5180=ORIENTED_EDGE('',*,*,#3829,.T.);
#5181=ORIENTED_EDGE('',*,*,#3830,.T.);
#5182=ORIENTED_EDGE('',*,*,#3826,.F.);
#5183=ORIENTED_EDGE('',*,*,#3831,.F.);
#5184=ORIENTED_EDGE('',*,*,#3832,.T.);
#5185=ORIENTED_EDGE('',*,*,#3833,.T.);
#5186=ORIENTED_EDGE('',*,*,#3829,.F.);
#5187=ORIENTED_EDGE('',*,*,#3834,.F.);
#5188=ORIENTED_EDGE('',*,*,#3835,.T.);
#5189=ORIENTED_EDGE('',*,*,#3836,.T.);
#5190=ORIENTED_EDGE('',*,*,#3832,.F.);
#5191=ORIENTED_EDGE('',*,*,#3837,.F.);
#5192=ORIENTED_EDGE('',*,*,#3838,.T.);
#5193=ORIENTED_EDGE('',*,*,#3839,.T.);
#5194=ORIENTED_EDGE('',*,*,#3835,.F.);
#5195=ORIENTED_EDGE('',*,*,#3840,.F.);
#5196=ORIENTED_EDGE('',*,*,#3841,.T.);
#5197=ORIENTED_EDGE('',*,*,#3842,.T.);
#5198=ORIENTED_EDGE('',*,*,#3838,.F.);
#5199=ORIENTED_EDGE('',*,*,#3843,.F.);
#5200=ORIENTED_EDGE('',*,*,#3844,.T.);
#5201=ORIENTED_EDGE('',*,*,#3845,.T.);
#5202=ORIENTED_EDGE('',*,*,#3841,.F.);
#5203=ORIENTED_EDGE('',*,*,#3846,.F.);
#5204=ORIENTED_EDGE('',*,*,#3847,.T.);
#5205=ORIENTED_EDGE('',*,*,#3848,.T.);
#5206=ORIENTED_EDGE('',*,*,#3844,.F.);
#5207=ORIENTED_EDGE('',*,*,#3849,.F.);
#5208=ORIENTED_EDGE('',*,*,#3850,.T.);
#5209=ORIENTED_EDGE('',*,*,#3851,.T.);
#5210=ORIENTED_EDGE('',*,*,#3847,.F.);
#5211=ORIENTED_EDGE('',*,*,#3852,.F.);
#5212=ORIENTED_EDGE('',*,*,#3853,.T.);
#5213=ORIENTED_EDGE('',*,*,#3854,.T.);
#5214=ORIENTED_EDGE('',*,*,#3850,.F.);
#5215=ORIENTED_EDGE('',*,*,#3855,.F.);
#5216=ORIENTED_EDGE('',*,*,#3856,.T.);
#5217=ORIENTED_EDGE('',*,*,#3857,.T.);
#5218=ORIENTED_EDGE('',*,*,#3853,.F.);
#5219=ORIENTED_EDGE('',*,*,#3858,.F.);
#5220=ORIENTED_EDGE('',*,*,#3859,.T.);
#5221=ORIENTED_EDGE('',*,*,#3860,.T.);
#5222=ORIENTED_EDGE('',*,*,#3856,.F.);
#5223=ORIENTED_EDGE('',*,*,#3861,.F.);
#5224=ORIENTED_EDGE('',*,*,#3862,.T.);
#5225=ORIENTED_EDGE('',*,*,#3863,.T.);
#5226=ORIENTED_EDGE('',*,*,#3859,.F.);
#5227=ORIENTED_EDGE('',*,*,#3864,.F.);
#5228=ORIENTED_EDGE('',*,*,#3865,.T.);
#5229=ORIENTED_EDGE('',*,*,#3866,.T.);
#5230=ORIENTED_EDGE('',*,*,#3862,.F.);
#5231=ORIENTED_EDGE('',*,*,#3867,.F.);
#5232=ORIENTED_EDGE('',*,*,#3868,.T.);
#5233=ORIENTED_EDGE('',*,*,#3869,.T.);
#5234=ORIENTED_EDGE('',*,*,#3865,.F.);
#5235=ORIENTED_EDGE('',*,*,#3870,.F.);
#5236=ORIENTED_EDGE('',*,*,#3871,.T.);
#5237=ORIENTED_EDGE('',*,*,#3872,.T.);
#5238=ORIENTED_EDGE('',*,*,#3868,.F.);
#5239=ORIENTED_EDGE('',*,*,#3873,.F.);
#5240=ORIENTED_EDGE('',*,*,#3874,.T.);
#5241=ORIENTED_EDGE('',*,*,#3875,.T.);
#5242=ORIENTED_EDGE('',*,*,#3871,.F.);
#5243=ORIENTED_EDGE('',*,*,#3876,.F.);
#5244=ORIENTED_EDGE('',*,*,#3877,.T.);
#5245=ORIENTED_EDGE('',*,*,#3878,.T.);
#5246=ORIENTED_EDGE('',*,*,#3874,.F.);
#5247=ORIENTED_EDGE('',*,*,#3879,.F.);
#5248=ORIENTED_EDGE('',*,*,#3880,.T.);
#5249=ORIENTED_EDGE('',*,*,#3881,.T.);
#5250=ORIENTED_EDGE('',*,*,#3877,.F.);
#5251=ORIENTED_EDGE('',*,*,#3882,.F.);
#5252=ORIENTED_EDGE('',*,*,#3883,.T.);
#5253=ORIENTED_EDGE('',*,*,#3884,.T.);
#5254=ORIENTED_EDGE('',*,*,#3880,.F.);
#5255=ORIENTED_EDGE('',*,*,#3885,.F.);
#5256=ORIENTED_EDGE('',*,*,#3809,.T.);
#5257=ORIENTED_EDGE('',*,*,#3886,.T.);
#5258=ORIENTED_EDGE('',*,*,#3883,.F.);
#5259=ORIENTED_EDGE('',*,*,#3886,.F.);
#5260=ORIENTED_EDGE('',*,*,#3808,.F.);
#5261=ORIENTED_EDGE('',*,*,#3812,.F.);
#5262=ORIENTED_EDGE('',*,*,#3815,.F.);
#5263=ORIENTED_EDGE('',*,*,#3818,.F.);
#5264=ORIENTED_EDGE('',*,*,#3821,.F.);
#5265=ORIENTED_EDGE('',*,*,#3824,.F.);
#5266=ORIENTED_EDGE('',*,*,#3827,.F.);
#5267=ORIENTED_EDGE('',*,*,#3830,.F.);
#5268=ORIENTED_EDGE('',*,*,#3833,.F.);
#5269=ORIENTED_EDGE('',*,*,#3836,.F.);
#5270=ORIENTED_EDGE('',*,*,#3839,.F.);
#5271=ORIENTED_EDGE('',*,*,#3842,.F.);
#5272=ORIENTED_EDGE('',*,*,#3845,.F.);
#5273=ORIENTED_EDGE('',*,*,#3848,.F.);
#5274=ORIENTED_EDGE('',*,*,#3851,.F.);
#5275=ORIENTED_EDGE('',*,*,#3854,.F.);
#5276=ORIENTED_EDGE('',*,*,#3857,.F.);
#5277=ORIENTED_EDGE('',*,*,#3860,.F.);
#5278=ORIENTED_EDGE('',*,*,#3863,.F.);
#5279=ORIENTED_EDGE('',*,*,#3866,.F.);
#5280=ORIENTED_EDGE('',*,*,#3869,.F.);
#5281=ORIENTED_EDGE('',*,*,#3872,.F.);
#5282=ORIENTED_EDGE('',*,*,#3875,.F.);
#5283=ORIENTED_EDGE('',*,*,#3878,.F.);
#5284=ORIENTED_EDGE('',*,*,#3881,.F.);
#5285=ORIENTED_EDGE('',*,*,#3884,.F.);
#5286=ORIENTED_EDGE('',*,*,#3805,.F.);
#5287=ORIENTED_EDGE('',*,*,#3778,.F.);
#5288=ORIENTED_EDGE('',*,*,#3782,.F.);
#5289=ORIENTED_EDGE('',*,*,#3785,.F.);
#5290=ORIENTED_EDGE('',*,*,#3788,.F.);
#5291=ORIENTED_EDGE('',*,*,#3791,.F.);
#5292=ORIENTED_EDGE('',*,*,#3794,.F.);
#5293=ORIENTED_EDGE('',*,*,#3797,.F.);
#5294=ORIENTED_EDGE('',*,*,#3800,.F.);
#5295=ORIENTED_EDGE('',*,*,#3803,.F.);
#5296=ORIENTED_EDGE('',*,*,#3887,.F.);
#5297=ORIENTED_EDGE('',*,*,#3888,.T.);
#5298=ORIENTED_EDGE('',*,*,#3889,.T.);
#5299=ORIENTED_EDGE('',*,*,#3890,.F.);
#5300=ORIENTED_EDGE('',*,*,#3891,.F.);
#5301=ORIENTED_EDGE('',*,*,#3892,.T.);
#5302=ORIENTED_EDGE('',*,*,#3893,.T.);
#5303=ORIENTED_EDGE('',*,*,#3888,.F.);
#5304=ORIENTED_EDGE('',*,*,#3894,.F.);
#5305=ORIENTED_EDGE('',*,*,#3895,.T.);
#5306=ORIENTED_EDGE('',*,*,#3896,.T.);
#5307=ORIENTED_EDGE('',*,*,#3892,.F.);
#5308=ORIENTED_EDGE('',*,*,#3897,.F.);
#5309=ORIENTED_EDGE('',*,*,#3898,.T.);
#5310=ORIENTED_EDGE('',*,*,#3899,.T.);
#5311=ORIENTED_EDGE('',*,*,#3895,.F.);
#5312=ORIENTED_EDGE('',*,*,#3900,.F.);
#5313=ORIENTED_EDGE('',*,*,#3901,.T.);
#5314=ORIENTED_EDGE('',*,*,#3902,.T.);
#5315=ORIENTED_EDGE('',*,*,#3898,.F.);
#5316=ORIENTED_EDGE('',*,*,#3903,.F.);
#5317=ORIENTED_EDGE('',*,*,#3904,.T.);
#5318=ORIENTED_EDGE('',*,*,#3905,.T.);
#5319=ORIENTED_EDGE('',*,*,#3901,.F.);
#5320=ORIENTED_EDGE('',*,*,#3906,.F.);
#5321=ORIENTED_EDGE('',*,*,#3907,.T.);
#5322=ORIENTED_EDGE('',*,*,#3908,.T.);
#5323=ORIENTED_EDGE('',*,*,#3904,.F.);
#5324=ORIENTED_EDGE('',*,*,#3909,.F.);
#5325=ORIENTED_EDGE('',*,*,#3910,.T.);
#5326=ORIENTED_EDGE('',*,*,#3911,.T.);
#5327=ORIENTED_EDGE('',*,*,#3907,.F.);
#5328=ORIENTED_EDGE('',*,*,#3912,.F.);
#5329=ORIENTED_EDGE('',*,*,#3913,.T.);
#5330=ORIENTED_EDGE('',*,*,#3914,.T.);
#5331=ORIENTED_EDGE('',*,*,#3910,.F.);
#5332=ORIENTED_EDGE('',*,*,#3915,.F.);
#5333=ORIENTED_EDGE('',*,*,#3916,.T.);
#5334=ORIENTED_EDGE('',*,*,#3917,.T.);
#5335=ORIENTED_EDGE('',*,*,#3913,.F.);
#5336=ORIENTED_EDGE('',*,*,#3918,.F.);
#5337=ORIENTED_EDGE('',*,*,#3919,.T.);
#5338=ORIENTED_EDGE('',*,*,#3920,.T.);
#5339=ORIENTED_EDGE('',*,*,#3916,.F.);
#5340=ORIENTED_EDGE('',*,*,#3921,.F.);
#5341=ORIENTED_EDGE('',*,*,#3922,.T.);
#5342=ORIENTED_EDGE('',*,*,#3923,.T.);
#5343=ORIENTED_EDGE('',*,*,#3919,.F.);
#5344=ORIENTED_EDGE('',*,*,#3924,.F.);
#5345=ORIENTED_EDGE('',*,*,#3925,.T.);
#5346=ORIENTED_EDGE('',*,*,#3926,.T.);
#5347=ORIENTED_EDGE('',*,*,#3922,.F.);
#5348=ORIENTED_EDGE('',*,*,#3927,.F.);
#5349=ORIENTED_EDGE('',*,*,#3928,.T.);
#5350=ORIENTED_EDGE('',*,*,#3929,.T.);
#5351=ORIENTED_EDGE('',*,*,#3925,.F.);
#5352=ORIENTED_EDGE('',*,*,#3930,.F.);
#5353=ORIENTED_EDGE('',*,*,#3931,.T.);
#5354=ORIENTED_EDGE('',*,*,#3932,.T.);
#5355=ORIENTED_EDGE('',*,*,#3928,.F.);
#5356=ORIENTED_EDGE('',*,*,#3933,.F.);
#5357=ORIENTED_EDGE('',*,*,#3934,.T.);
#5358=ORIENTED_EDGE('',*,*,#3935,.T.);
#5359=ORIENTED_EDGE('',*,*,#3931,.F.);
#5360=ORIENTED_EDGE('',*,*,#3936,.F.);
#5361=ORIENTED_EDGE('',*,*,#3937,.T.);
#5362=ORIENTED_EDGE('',*,*,#3938,.T.);
#5363=ORIENTED_EDGE('',*,*,#3934,.F.);
#5364=ORIENTED_EDGE('',*,*,#3939,.F.);
#5365=ORIENTED_EDGE('',*,*,#3940,.T.);
#5366=ORIENTED_EDGE('',*,*,#3941,.T.);
#5367=ORIENTED_EDGE('',*,*,#3937,.F.);
#5368=ORIENTED_EDGE('',*,*,#3942,.F.);
#5369=ORIENTED_EDGE('',*,*,#3943,.T.);
#5370=ORIENTED_EDGE('',*,*,#3944,.T.);
#5371=ORIENTED_EDGE('',*,*,#3940,.F.);
#5372=ORIENTED_EDGE('',*,*,#3945,.F.);
#5373=ORIENTED_EDGE('',*,*,#3946,.T.);
#5374=ORIENTED_EDGE('',*,*,#3947,.T.);
#5375=ORIENTED_EDGE('',*,*,#3943,.F.);
#5376=ORIENTED_EDGE('',*,*,#3948,.F.);
#5377=ORIENTED_EDGE('',*,*,#3949,.T.);
#5378=ORIENTED_EDGE('',*,*,#3950,.T.);
#5379=ORIENTED_EDGE('',*,*,#3946,.F.);
#5380=ORIENTED_EDGE('',*,*,#3951,.F.);
#5381=ORIENTED_EDGE('',*,*,#3952,.T.);
#5382=ORIENTED_EDGE('',*,*,#3953,.T.);
#5383=ORIENTED_EDGE('',*,*,#3949,.F.);
#5384=ORIENTED_EDGE('',*,*,#3954,.F.);
#5385=ORIENTED_EDGE('',*,*,#3955,.T.);
#5386=ORIENTED_EDGE('',*,*,#3956,.T.);
#5387=ORIENTED_EDGE('',*,*,#3952,.F.);
#5388=ORIENTED_EDGE('',*,*,#3957,.F.);
#5389=ORIENTED_EDGE('',*,*,#3958,.T.);
#5390=ORIENTED_EDGE('',*,*,#3959,.T.);
#5391=ORIENTED_EDGE('',*,*,#3955,.F.);
#5392=ORIENTED_EDGE('',*,*,#3960,.F.);
#5393=ORIENTED_EDGE('',*,*,#3961,.T.);
#5394=ORIENTED_EDGE('',*,*,#3962,.T.);
#5395=ORIENTED_EDGE('',*,*,#3958,.F.);
#5396=ORIENTED_EDGE('',*,*,#3963,.F.);
#5397=ORIENTED_EDGE('',*,*,#3964,.T.);
#5398=ORIENTED_EDGE('',*,*,#3965,.T.);
#5399=ORIENTED_EDGE('',*,*,#3961,.F.);
#5400=ORIENTED_EDGE('',*,*,#3966,.F.);
#5401=ORIENTED_EDGE('',*,*,#3967,.T.);
#5402=ORIENTED_EDGE('',*,*,#3968,.T.);
#5403=ORIENTED_EDGE('',*,*,#3964,.F.);
#5404=ORIENTED_EDGE('',*,*,#3969,.F.);
#5405=ORIENTED_EDGE('',*,*,#3970,.T.);
#5406=ORIENTED_EDGE('',*,*,#3971,.T.);
#5407=ORIENTED_EDGE('',*,*,#3967,.F.);
#5408=ORIENTED_EDGE('',*,*,#3972,.F.);
#5409=ORIENTED_EDGE('',*,*,#3973,.T.);
#5410=ORIENTED_EDGE('',*,*,#3974,.T.);
#5411=ORIENTED_EDGE('',*,*,#3970,.F.);
#5412=ORIENTED_EDGE('',*,*,#3975,.F.);
#5413=ORIENTED_EDGE('',*,*,#3976,.T.);
#5414=ORIENTED_EDGE('',*,*,#3977,.T.);
#5415=ORIENTED_EDGE('',*,*,#3973,.F.);
#5416=ORIENTED_EDGE('',*,*,#3978,.F.);
#5417=ORIENTED_EDGE('',*,*,#3979,.T.);
#5418=ORIENTED_EDGE('',*,*,#3980,.T.);
#5419=ORIENTED_EDGE('',*,*,#3976,.F.);
#5420=ORIENTED_EDGE('',*,*,#3981,.F.);
#5421=ORIENTED_EDGE('',*,*,#3982,.T.);
#5422=ORIENTED_EDGE('',*,*,#3983,.T.);
#5423=ORIENTED_EDGE('',*,*,#3979,.F.);
#5424=ORIENTED_EDGE('',*,*,#3984,.F.);
#5425=ORIENTED_EDGE('',*,*,#3890,.T.);
#5426=ORIENTED_EDGE('',*,*,#3985,.T.);
#5427=ORIENTED_EDGE('',*,*,#3982,.F.);
#5428=ORIENTED_EDGE('',*,*,#3985,.F.);
#5429=ORIENTED_EDGE('',*,*,#3889,.F.);
#5430=ORIENTED_EDGE('',*,*,#3893,.F.);
#5431=ORIENTED_EDGE('',*,*,#3896,.F.);
#5432=ORIENTED_EDGE('',*,*,#3899,.F.);
#5433=ORIENTED_EDGE('',*,*,#3902,.F.);
#5434=ORIENTED_EDGE('',*,*,#3905,.F.);
#5435=ORIENTED_EDGE('',*,*,#3908,.F.);
#5436=ORIENTED_EDGE('',*,*,#3911,.F.);
#5437=ORIENTED_EDGE('',*,*,#3914,.F.);
#5438=ORIENTED_EDGE('',*,*,#3917,.F.);
#5439=ORIENTED_EDGE('',*,*,#3920,.F.);
#5440=ORIENTED_EDGE('',*,*,#3923,.F.);
#5441=ORIENTED_EDGE('',*,*,#3926,.F.);
#5442=ORIENTED_EDGE('',*,*,#3929,.F.);
#5443=ORIENTED_EDGE('',*,*,#3932,.F.);
#5444=ORIENTED_EDGE('',*,*,#3935,.F.);
#5445=ORIENTED_EDGE('',*,*,#3938,.F.);
#5446=ORIENTED_EDGE('',*,*,#3941,.F.);
#5447=ORIENTED_EDGE('',*,*,#3944,.F.);
#5448=ORIENTED_EDGE('',*,*,#3947,.F.);
#5449=ORIENTED_EDGE('',*,*,#3950,.F.);
#5450=ORIENTED_EDGE('',*,*,#3953,.F.);
#5451=ORIENTED_EDGE('',*,*,#3956,.F.);
#5452=ORIENTED_EDGE('',*,*,#3959,.F.);
#5453=ORIENTED_EDGE('',*,*,#3962,.F.);
#5454=ORIENTED_EDGE('',*,*,#3965,.F.);
#5455=ORIENTED_EDGE('',*,*,#3968,.F.);
#5456=ORIENTED_EDGE('',*,*,#3971,.F.);
#5457=ORIENTED_EDGE('',*,*,#3974,.F.);
#5458=ORIENTED_EDGE('',*,*,#3977,.F.);
#5459=ORIENTED_EDGE('',*,*,#3980,.F.);
#5460=ORIENTED_EDGE('',*,*,#3983,.F.);
#5461=ORIENTED_EDGE('',*,*,#3986,.F.);
#5462=ORIENTED_EDGE('',*,*,#3987,.T.);
#5463=ORIENTED_EDGE('',*,*,#3988,.T.);
#5464=ORIENTED_EDGE('',*,*,#3989,.F.);
#5465=ORIENTED_EDGE('',*,*,#3990,.F.);
#5466=ORIENTED_EDGE('',*,*,#3991,.T.);
#5467=ORIENTED_EDGE('',*,*,#3992,.T.);
#5468=ORIENTED_EDGE('',*,*,#3987,.F.);
#5469=ORIENTED_EDGE('',*,*,#3993,.F.);
#5470=ORIENTED_EDGE('',*,*,#3994,.T.);
#5471=ORIENTED_EDGE('',*,*,#3995,.T.);
#5472=ORIENTED_EDGE('',*,*,#3991,.F.);
#5473=ORIENTED_EDGE('',*,*,#3996,.F.);
#5474=ORIENTED_EDGE('',*,*,#3997,.T.);
#5475=ORIENTED_EDGE('',*,*,#3998,.T.);
#5476=ORIENTED_EDGE('',*,*,#3994,.F.);
#5477=ORIENTED_EDGE('',*,*,#3999,.F.);
#5478=ORIENTED_EDGE('',*,*,#4000,.T.);
#5479=ORIENTED_EDGE('',*,*,#4001,.T.);
#5480=ORIENTED_EDGE('',*,*,#3997,.F.);
#5481=ORIENTED_EDGE('',*,*,#4002,.F.);
#5482=ORIENTED_EDGE('',*,*,#4003,.T.);
#5483=ORIENTED_EDGE('',*,*,#4004,.T.);
#5484=ORIENTED_EDGE('',*,*,#4000,.F.);
#5485=ORIENTED_EDGE('',*,*,#4005,.F.);
#5486=ORIENTED_EDGE('',*,*,#4006,.T.);
#5487=ORIENTED_EDGE('',*,*,#4007,.T.);
#5488=ORIENTED_EDGE('',*,*,#4003,.F.);
#5489=ORIENTED_EDGE('',*,*,#4008,.F.);
#5490=ORIENTED_EDGE('',*,*,#4009,.T.);
#5491=ORIENTED_EDGE('',*,*,#4010,.T.);
#5492=ORIENTED_EDGE('',*,*,#4006,.F.);
#5493=ORIENTED_EDGE('',*,*,#4011,.F.);
#5494=ORIENTED_EDGE('',*,*,#4012,.T.);
#5495=ORIENTED_EDGE('',*,*,#4013,.T.);
#5496=ORIENTED_EDGE('',*,*,#4009,.F.);
#5497=ORIENTED_EDGE('',*,*,#4014,.F.);
#5498=ORIENTED_EDGE('',*,*,#4015,.T.);
#5499=ORIENTED_EDGE('',*,*,#4016,.T.);
#5500=ORIENTED_EDGE('',*,*,#4012,.F.);
#5501=ORIENTED_EDGE('',*,*,#4017,.F.);
#5502=ORIENTED_EDGE('',*,*,#4018,.T.);
#5503=ORIENTED_EDGE('',*,*,#4019,.T.);
#5504=ORIENTED_EDGE('',*,*,#4015,.F.);
#5505=ORIENTED_EDGE('',*,*,#4020,.F.);
#5506=ORIENTED_EDGE('',*,*,#4021,.T.);
#5507=ORIENTED_EDGE('',*,*,#4022,.T.);
#5508=ORIENTED_EDGE('',*,*,#4018,.F.);
#5509=ORIENTED_EDGE('',*,*,#4023,.F.);
#5510=ORIENTED_EDGE('',*,*,#4024,.T.);
#5511=ORIENTED_EDGE('',*,*,#4025,.T.);
#5512=ORIENTED_EDGE('',*,*,#4021,.F.);
#5513=ORIENTED_EDGE('',*,*,#4026,.F.);
#5514=ORIENTED_EDGE('',*,*,#4027,.T.);
#5515=ORIENTED_EDGE('',*,*,#4028,.T.);
#5516=ORIENTED_EDGE('',*,*,#4024,.F.);
#5517=ORIENTED_EDGE('',*,*,#4029,.F.);
#5518=ORIENTED_EDGE('',*,*,#4030,.T.);
#5519=ORIENTED_EDGE('',*,*,#4031,.T.);
#5520=ORIENTED_EDGE('',*,*,#4027,.F.);
#5521=ORIENTED_EDGE('',*,*,#4032,.F.);
#5522=ORIENTED_EDGE('',*,*,#4033,.T.);
#5523=ORIENTED_EDGE('',*,*,#4034,.T.);
#5524=ORIENTED_EDGE('',*,*,#4030,.F.);
#5525=ORIENTED_EDGE('',*,*,#4035,.F.);
#5526=ORIENTED_EDGE('',*,*,#4036,.T.);
#5527=ORIENTED_EDGE('',*,*,#4037,.T.);
#5528=ORIENTED_EDGE('',*,*,#4033,.F.);
#5529=ORIENTED_EDGE('',*,*,#4038,.F.);
#5530=ORIENTED_EDGE('',*,*,#4039,.T.);
#5531=ORIENTED_EDGE('',*,*,#4040,.T.);
#5532=ORIENTED_EDGE('',*,*,#4036,.F.);
#5533=ORIENTED_EDGE('',*,*,#4041,.F.);
#5534=ORIENTED_EDGE('',*,*,#4042,.T.);
#5535=ORIENTED_EDGE('',*,*,#4043,.T.);
#5536=ORIENTED_EDGE('',*,*,#4039,.F.);
#5537=ORIENTED_EDGE('',*,*,#4044,.F.);
#5538=ORIENTED_EDGE('',*,*,#3989,.T.);
#5539=ORIENTED_EDGE('',*,*,#4045,.T.);
#5540=ORIENTED_EDGE('',*,*,#4042,.F.);
#5541=ORIENTED_EDGE('',*,*,#4045,.F.);
#5542=ORIENTED_EDGE('',*,*,#3988,.F.);
#5543=ORIENTED_EDGE('',*,*,#3992,.F.);
#5544=ORIENTED_EDGE('',*,*,#3995,.F.);
#5545=ORIENTED_EDGE('',*,*,#3998,.F.);
#5546=ORIENTED_EDGE('',*,*,#4001,.F.);
#5547=ORIENTED_EDGE('',*,*,#4004,.F.);
#5548=ORIENTED_EDGE('',*,*,#4007,.F.);
#5549=ORIENTED_EDGE('',*,*,#4010,.F.);
#5550=ORIENTED_EDGE('',*,*,#4013,.F.);
#5551=ORIENTED_EDGE('',*,*,#4016,.F.);
#5552=ORIENTED_EDGE('',*,*,#4019,.F.);
#5553=ORIENTED_EDGE('',*,*,#4022,.F.);
#5554=ORIENTED_EDGE('',*,*,#4025,.F.);
#5555=ORIENTED_EDGE('',*,*,#4028,.F.);
#5556=ORIENTED_EDGE('',*,*,#4031,.F.);
#5557=ORIENTED_EDGE('',*,*,#4034,.F.);
#5558=ORIENTED_EDGE('',*,*,#4037,.F.);
#5559=ORIENTED_EDGE('',*,*,#4040,.F.);
#5560=ORIENTED_EDGE('',*,*,#4043,.F.);
#5561=ORIENTED_EDGE('',*,*,#4046,.F.);
#5562=ORIENTED_EDGE('',*,*,#4047,.T.);
#5563=ORIENTED_EDGE('',*,*,#4048,.T.);
#5564=ORIENTED_EDGE('',*,*,#4049,.F.);
#5565=ORIENTED_EDGE('',*,*,#4050,.F.);
#5566=ORIENTED_EDGE('',*,*,#4051,.T.);
#5567=ORIENTED_EDGE('',*,*,#4052,.T.);
#5568=ORIENTED_EDGE('',*,*,#4047,.F.);
#5569=ORIENTED_EDGE('',*,*,#4053,.F.);
#5570=ORIENTED_EDGE('',*,*,#4054,.T.);
#5571=ORIENTED_EDGE('',*,*,#4055,.T.);
#5572=ORIENTED_EDGE('',*,*,#4051,.F.);
#5573=ORIENTED_EDGE('',*,*,#4056,.F.);
#5574=ORIENTED_EDGE('',*,*,#4057,.T.);
#5575=ORIENTED_EDGE('',*,*,#4058,.T.);
#5576=ORIENTED_EDGE('',*,*,#4054,.F.);
#5577=ORIENTED_EDGE('',*,*,#4059,.F.);
#5578=ORIENTED_EDGE('',*,*,#4060,.T.);
#5579=ORIENTED_EDGE('',*,*,#4061,.T.);
#5580=ORIENTED_EDGE('',*,*,#4057,.F.);
#5581=ORIENTED_EDGE('',*,*,#4062,.F.);
#5582=ORIENTED_EDGE('',*,*,#4063,.T.);
#5583=ORIENTED_EDGE('',*,*,#4064,.T.);
#5584=ORIENTED_EDGE('',*,*,#4060,.F.);
#5585=ORIENTED_EDGE('',*,*,#4065,.F.);
#5586=ORIENTED_EDGE('',*,*,#4066,.T.);
#5587=ORIENTED_EDGE('',*,*,#4067,.T.);
#5588=ORIENTED_EDGE('',*,*,#4063,.F.);
#5589=ORIENTED_EDGE('',*,*,#4068,.F.);
#5590=ORIENTED_EDGE('',*,*,#4049,.T.);
#5591=ORIENTED_EDGE('',*,*,#4069,.T.);
#5592=ORIENTED_EDGE('',*,*,#4066,.F.);
#5593=ORIENTED_EDGE('',*,*,#4070,.F.);
#5594=ORIENTED_EDGE('',*,*,#4071,.T.);
#5595=ORIENTED_EDGE('',*,*,#4072,.T.);
#5596=ORIENTED_EDGE('',*,*,#4073,.F.);
#5597=ORIENTED_EDGE('',*,*,#4074,.F.);
#5598=ORIENTED_EDGE('',*,*,#4075,.T.);
#5599=ORIENTED_EDGE('',*,*,#4076,.T.);
#5600=ORIENTED_EDGE('',*,*,#4071,.F.);
#5601=ORIENTED_EDGE('',*,*,#4077,.F.);
#5602=ORIENTED_EDGE('',*,*,#4078,.T.);
#5603=ORIENTED_EDGE('',*,*,#4079,.T.);
#5604=ORIENTED_EDGE('',*,*,#4075,.F.);
#5605=ORIENTED_EDGE('',*,*,#4080,.F.);
#5606=ORIENTED_EDGE('',*,*,#4081,.T.);
#5607=ORIENTED_EDGE('',*,*,#4082,.T.);
#5608=ORIENTED_EDGE('',*,*,#4078,.F.);
#5609=ORIENTED_EDGE('',*,*,#4083,.F.);
#5610=ORIENTED_EDGE('',*,*,#4084,.T.);
#5611=ORIENTED_EDGE('',*,*,#4085,.T.);
#5612=ORIENTED_EDGE('',*,*,#4081,.F.);
#5613=ORIENTED_EDGE('',*,*,#4086,.F.);
#5614=ORIENTED_EDGE('',*,*,#4087,.T.);
#5615=ORIENTED_EDGE('',*,*,#4088,.T.);
#5616=ORIENTED_EDGE('',*,*,#4084,.F.);
#5617=ORIENTED_EDGE('',*,*,#4089,.F.);
#5618=ORIENTED_EDGE('',*,*,#4090,.T.);
#5619=ORIENTED_EDGE('',*,*,#4091,.T.);
#5620=ORIENTED_EDGE('',*,*,#4087,.F.);
#5621=ORIENTED_EDGE('',*,*,#4092,.F.);
#5622=ORIENTED_EDGE('',*,*,#4093,.T.);
#5623=ORIENTED_EDGE('',*,*,#4094,.T.);
#5624=ORIENTED_EDGE('',*,*,#4090,.F.);
#5625=ORIENTED_EDGE('',*,*,#4095,.F.);
#5626=ORIENTED_EDGE('',*,*,#4096,.T.);
#5627=ORIENTED_EDGE('',*,*,#4097,.T.);
#5628=ORIENTED_EDGE('',*,*,#4093,.F.);
#5629=ORIENTED_EDGE('',*,*,#4098,.F.);
#5630=ORIENTED_EDGE('',*,*,#4099,.T.);
#5631=ORIENTED_EDGE('',*,*,#4100,.T.);
#5632=ORIENTED_EDGE('',*,*,#4096,.F.);
#5633=ORIENTED_EDGE('',*,*,#4101,.F.);
#5634=ORIENTED_EDGE('',*,*,#4102,.T.);
#5635=ORIENTED_EDGE('',*,*,#4103,.T.);
#5636=ORIENTED_EDGE('',*,*,#4099,.F.);
#5637=ORIENTED_EDGE('',*,*,#4104,.F.);
#5638=ORIENTED_EDGE('',*,*,#4105,.T.);
#5639=ORIENTED_EDGE('',*,*,#4106,.T.);
#5640=ORIENTED_EDGE('',*,*,#4102,.F.);
#5641=ORIENTED_EDGE('',*,*,#4107,.F.);
#5642=ORIENTED_EDGE('',*,*,#4108,.T.);
#5643=ORIENTED_EDGE('',*,*,#4109,.T.);
#5644=ORIENTED_EDGE('',*,*,#4105,.F.);
#5645=ORIENTED_EDGE('',*,*,#4110,.F.);
#5646=ORIENTED_EDGE('',*,*,#4111,.T.);
#5647=ORIENTED_EDGE('',*,*,#4112,.T.);
#5648=ORIENTED_EDGE('',*,*,#4108,.F.);
#5649=ORIENTED_EDGE('',*,*,#4113,.F.);
#5650=ORIENTED_EDGE('',*,*,#4114,.T.);
#5651=ORIENTED_EDGE('',*,*,#4115,.T.);
#5652=ORIENTED_EDGE('',*,*,#4111,.F.);
#5653=ORIENTED_EDGE('',*,*,#4116,.F.);
#5654=ORIENTED_EDGE('',*,*,#4117,.T.);
#5655=ORIENTED_EDGE('',*,*,#4118,.T.);
#5656=ORIENTED_EDGE('',*,*,#4114,.F.);
#5657=ORIENTED_EDGE('',*,*,#4119,.F.);
#5658=ORIENTED_EDGE('',*,*,#4120,.T.);
#5659=ORIENTED_EDGE('',*,*,#4121,.T.);
#5660=ORIENTED_EDGE('',*,*,#4117,.F.);
#5661=ORIENTED_EDGE('',*,*,#4122,.F.);
#5662=ORIENTED_EDGE('',*,*,#4123,.T.);
#5663=ORIENTED_EDGE('',*,*,#4124,.T.);
#5664=ORIENTED_EDGE('',*,*,#4120,.F.);
#5665=ORIENTED_EDGE('',*,*,#4125,.F.);
#5666=ORIENTED_EDGE('',*,*,#4126,.T.);
#5667=ORIENTED_EDGE('',*,*,#4127,.T.);
#5668=ORIENTED_EDGE('',*,*,#4123,.F.);
#5669=ORIENTED_EDGE('',*,*,#4128,.F.);
#5670=ORIENTED_EDGE('',*,*,#4129,.T.);
#5671=ORIENTED_EDGE('',*,*,#4130,.T.);
#5672=ORIENTED_EDGE('',*,*,#4126,.F.);
#5673=ORIENTED_EDGE('',*,*,#4131,.F.);
#5674=ORIENTED_EDGE('',*,*,#4073,.T.);
#5675=ORIENTED_EDGE('',*,*,#4132,.T.);
#5676=ORIENTED_EDGE('',*,*,#4129,.F.);
#5677=ORIENTED_EDGE('',*,*,#4132,.F.);
#5678=ORIENTED_EDGE('',*,*,#4072,.F.);
#5679=ORIENTED_EDGE('',*,*,#4076,.F.);
#5680=ORIENTED_EDGE('',*,*,#4079,.F.);
#5681=ORIENTED_EDGE('',*,*,#4082,.F.);
#5682=ORIENTED_EDGE('',*,*,#4085,.F.);
#5683=ORIENTED_EDGE('',*,*,#4088,.F.);
#5684=ORIENTED_EDGE('',*,*,#4091,.F.);
#5685=ORIENTED_EDGE('',*,*,#4094,.F.);
#5686=ORIENTED_EDGE('',*,*,#4097,.F.);
#5687=ORIENTED_EDGE('',*,*,#4100,.F.);
#5688=ORIENTED_EDGE('',*,*,#4103,.F.);
#5689=ORIENTED_EDGE('',*,*,#4106,.F.);
#5690=ORIENTED_EDGE('',*,*,#4109,.F.);
#5691=ORIENTED_EDGE('',*,*,#4112,.F.);
#5692=ORIENTED_EDGE('',*,*,#4115,.F.);
#5693=ORIENTED_EDGE('',*,*,#4118,.F.);
#5694=ORIENTED_EDGE('',*,*,#4121,.F.);
#5695=ORIENTED_EDGE('',*,*,#4124,.F.);
#5696=ORIENTED_EDGE('',*,*,#4127,.F.);
#5697=ORIENTED_EDGE('',*,*,#4130,.F.);
#5698=ORIENTED_EDGE('',*,*,#4069,.F.);
#5699=ORIENTED_EDGE('',*,*,#4048,.F.);
#5700=ORIENTED_EDGE('',*,*,#4052,.F.);
#5701=ORIENTED_EDGE('',*,*,#4055,.F.);
#5702=ORIENTED_EDGE('',*,*,#4058,.F.);
#5703=ORIENTED_EDGE('',*,*,#4061,.F.);
#5704=ORIENTED_EDGE('',*,*,#4064,.F.);
#5705=ORIENTED_EDGE('',*,*,#4067,.F.);
#5706=ORIENTED_EDGE('',*,*,#4133,.F.);
#5707=ORIENTED_EDGE('',*,*,#4134,.T.);
#5708=ORIENTED_EDGE('',*,*,#4135,.T.);
#5709=ORIENTED_EDGE('',*,*,#4136,.F.);
#5710=ORIENTED_EDGE('',*,*,#4137,.F.);
#5711=ORIENTED_EDGE('',*,*,#4138,.T.);
#5712=ORIENTED_EDGE('',*,*,#4139,.T.);
#5713=ORIENTED_EDGE('',*,*,#4134,.F.);
#5714=ORIENTED_EDGE('',*,*,#4140,.F.);
#5715=ORIENTED_EDGE('',*,*,#4141,.T.);
#5716=ORIENTED_EDGE('',*,*,#4142,.T.);
#5717=ORIENTED_EDGE('',*,*,#4138,.F.);
#5718=ORIENTED_EDGE('',*,*,#4143,.F.);
#5719=ORIENTED_EDGE('',*,*,#4136,.T.);
#5720=ORIENTED_EDGE('',*,*,#4144,.T.);
#5721=ORIENTED_EDGE('',*,*,#4141,.F.);
#5722=ORIENTED_EDGE('',*,*,#4144,.F.);
#5723=ORIENTED_EDGE('',*,*,#4135,.F.);
#5724=ORIENTED_EDGE('',*,*,#4139,.F.);
#5725=ORIENTED_EDGE('',*,*,#4142,.F.);
#5726=ORIENTED_EDGE('',*,*,#4145,.F.);
#5727=ORIENTED_EDGE('',*,*,#4146,.T.);
#5728=ORIENTED_EDGE('',*,*,#4147,.T.);
#5729=ORIENTED_EDGE('',*,*,#4148,.F.);
#5730=ORIENTED_EDGE('',*,*,#4149,.F.);
#5731=ORIENTED_EDGE('',*,*,#4150,.T.);
#5732=ORIENTED_EDGE('',*,*,#4151,.T.);
#5733=ORIENTED_EDGE('',*,*,#4146,.F.);
#5734=ORIENTED_EDGE('',*,*,#4152,.F.);
#5735=ORIENTED_EDGE('',*,*,#4153,.T.);
#5736=ORIENTED_EDGE('',*,*,#4154,.T.);
#5737=ORIENTED_EDGE('',*,*,#4150,.F.);
#5738=ORIENTED_EDGE('',*,*,#4155,.F.);
#5739=ORIENTED_EDGE('',*,*,#4156,.T.);
#5740=ORIENTED_EDGE('',*,*,#4157,.T.);
#5741=ORIENTED_EDGE('',*,*,#4153,.F.);
#5742=ORIENTED_EDGE('',*,*,#4158,.F.);
#5743=ORIENTED_EDGE('',*,*,#4159,.T.);
#5744=ORIENTED_EDGE('',*,*,#4160,.T.);
#5745=ORIENTED_EDGE('',*,*,#4156,.F.);
#5746=ORIENTED_EDGE('',*,*,#4161,.F.);
#5747=ORIENTED_EDGE('',*,*,#4162,.T.);
#5748=ORIENTED_EDGE('',*,*,#4163,.T.);
#5749=ORIENTED_EDGE('',*,*,#4159,.F.);
#5750=ORIENTED_EDGE('',*,*,#4164,.F.);
#5751=ORIENTED_EDGE('',*,*,#4165,.T.);
#5752=ORIENTED_EDGE('',*,*,#4166,.T.);
#5753=ORIENTED_EDGE('',*,*,#4162,.F.);
#5754=ORIENTED_EDGE('',*,*,#4167,.F.);
#5755=ORIENTED_EDGE('',*,*,#4168,.T.);
#5756=ORIENTED_EDGE('',*,*,#4169,.T.);
#5757=ORIENTED_EDGE('',*,*,#4165,.F.);
#5758=ORIENTED_EDGE('',*,*,#4170,.F.);
#5759=ORIENTED_EDGE('',*,*,#4148,.T.);
#5760=ORIENTED_EDGE('',*,*,#4171,.T.);
#5761=ORIENTED_EDGE('',*,*,#4168,.F.);
#5762=ORIENTED_EDGE('',*,*,#4172,.F.);
#5763=ORIENTED_EDGE('',*,*,#4173,.T.);
#5764=ORIENTED_EDGE('',*,*,#4174,.T.);
#5765=ORIENTED_EDGE('',*,*,#4175,.F.);
#5766=ORIENTED_EDGE('',*,*,#4176,.F.);
#5767=ORIENTED_EDGE('',*,*,#4177,.T.);
#5768=ORIENTED_EDGE('',*,*,#4178,.T.);
#5769=ORIENTED_EDGE('',*,*,#4173,.F.);
#5770=ORIENTED_EDGE('',*,*,#4179,.F.);
#5771=ORIENTED_EDGE('',*,*,#4180,.T.);
#5772=ORIENTED_EDGE('',*,*,#4181,.T.);
#5773=ORIENTED_EDGE('',*,*,#4177,.F.);
#5774=ORIENTED_EDGE('',*,*,#4182,.F.);
#5775=ORIENTED_EDGE('',*,*,#4183,.T.);
#5776=ORIENTED_EDGE('',*,*,#4184,.T.);
#5777=ORIENTED_EDGE('',*,*,#4180,.F.);
#5778=ORIENTED_EDGE('',*,*,#4185,.F.);
#5779=ORIENTED_EDGE('',*,*,#4186,.T.);
#5780=ORIENTED_EDGE('',*,*,#4187,.T.);
#5781=ORIENTED_EDGE('',*,*,#4183,.F.);
#5782=ORIENTED_EDGE('',*,*,#4188,.F.);
#5783=ORIENTED_EDGE('',*,*,#4189,.T.);
#5784=ORIENTED_EDGE('',*,*,#4190,.T.);
#5785=ORIENTED_EDGE('',*,*,#4186,.F.);
#5786=ORIENTED_EDGE('',*,*,#4191,.F.);
#5787=ORIENTED_EDGE('',*,*,#4192,.T.);
#5788=ORIENTED_EDGE('',*,*,#4193,.T.);
#5789=ORIENTED_EDGE('',*,*,#4189,.F.);
#5790=ORIENTED_EDGE('',*,*,#4194,.F.);
#5791=ORIENTED_EDGE('',*,*,#4195,.T.);
#5792=ORIENTED_EDGE('',*,*,#4196,.T.);
#5793=ORIENTED_EDGE('',*,*,#4192,.F.);
#5794=ORIENTED_EDGE('',*,*,#4197,.F.);
#5795=ORIENTED_EDGE('',*,*,#4198,.T.);
#5796=ORIENTED_EDGE('',*,*,#4199,.T.);
#5797=ORIENTED_EDGE('',*,*,#4195,.F.);
#5798=ORIENTED_EDGE('',*,*,#4200,.F.);
#5799=ORIENTED_EDGE('',*,*,#4175,.T.);
#5800=ORIENTED_EDGE('',*,*,#4201,.T.);
#5801=ORIENTED_EDGE('',*,*,#4198,.F.);
#5802=ORIENTED_EDGE('',*,*,#4202,.F.);
#5803=ORIENTED_EDGE('',*,*,#4203,.T.);
#5804=ORIENTED_EDGE('',*,*,#4204,.T.);
#5805=ORIENTED_EDGE('',*,*,#4205,.F.);
#5806=ORIENTED_EDGE('',*,*,#4206,.F.);
#5807=ORIENTED_EDGE('',*,*,#4207,.T.);
#5808=ORIENTED_EDGE('',*,*,#4208,.T.);
#5809=ORIENTED_EDGE('',*,*,#4203,.F.);
#5810=ORIENTED_EDGE('',*,*,#4209,.F.);
#5811=ORIENTED_EDGE('',*,*,#4210,.T.);
#5812=ORIENTED_EDGE('',*,*,#4211,.T.);
#5813=ORIENTED_EDGE('',*,*,#4207,.F.);
#5814=ORIENTED_EDGE('',*,*,#4212,.F.);
#5815=ORIENTED_EDGE('',*,*,#4213,.T.);
#5816=ORIENTED_EDGE('',*,*,#4214,.T.);
#5817=ORIENTED_EDGE('',*,*,#4210,.F.);
#5818=ORIENTED_EDGE('',*,*,#4215,.F.);
#5819=ORIENTED_EDGE('',*,*,#4216,.T.);
#5820=ORIENTED_EDGE('',*,*,#4217,.T.);
#5821=ORIENTED_EDGE('',*,*,#4213,.F.);
#5822=ORIENTED_EDGE('',*,*,#4218,.F.);
#5823=ORIENTED_EDGE('',*,*,#4219,.T.);
#5824=ORIENTED_EDGE('',*,*,#4220,.T.);
#5825=ORIENTED_EDGE('',*,*,#4216,.F.);
#5826=ORIENTED_EDGE('',*,*,#4221,.F.);
#5827=ORIENTED_EDGE('',*,*,#4222,.T.);
#5828=ORIENTED_EDGE('',*,*,#4223,.T.);
#5829=ORIENTED_EDGE('',*,*,#4219,.F.);
#5830=ORIENTED_EDGE('',*,*,#4224,.F.);
#5831=ORIENTED_EDGE('',*,*,#4225,.T.);
#5832=ORIENTED_EDGE('',*,*,#4226,.T.);
#5833=ORIENTED_EDGE('',*,*,#4222,.F.);
#5834=ORIENTED_EDGE('',*,*,#4227,.F.);
#5835=ORIENTED_EDGE('',*,*,#4228,.T.);
#5836=ORIENTED_EDGE('',*,*,#4229,.T.);
#5837=ORIENTED_EDGE('',*,*,#4225,.F.);
#5838=ORIENTED_EDGE('',*,*,#4230,.F.);
#5839=ORIENTED_EDGE('',*,*,#4231,.T.);
#5840=ORIENTED_EDGE('',*,*,#4232,.T.);
#5841=ORIENTED_EDGE('',*,*,#4228,.F.);
#5842=ORIENTED_EDGE('',*,*,#4233,.F.);
#5843=ORIENTED_EDGE('',*,*,#4234,.T.);
#5844=ORIENTED_EDGE('',*,*,#4235,.T.);
#5845=ORIENTED_EDGE('',*,*,#4231,.F.);
#5846=ORIENTED_EDGE('',*,*,#4236,.F.);
#5847=ORIENTED_EDGE('',*,*,#4237,.T.);
#5848=ORIENTED_EDGE('',*,*,#4238,.T.);
#5849=ORIENTED_EDGE('',*,*,#4234,.F.);
#5850=ORIENTED_EDGE('',*,*,#4239,.F.);
#5851=ORIENTED_EDGE('',*,*,#4240,.T.);
#5852=ORIENTED_EDGE('',*,*,#4241,.T.);
#5853=ORIENTED_EDGE('',*,*,#4237,.F.);
#5854=ORIENTED_EDGE('',*,*,#4242,.F.);
#5855=ORIENTED_EDGE('',*,*,#4205,.T.);
#5856=ORIENTED_EDGE('',*,*,#4243,.T.);
#5857=ORIENTED_EDGE('',*,*,#4240,.F.);
#5858=ORIENTED_EDGE('',*,*,#4243,.F.);
#5859=ORIENTED_EDGE('',*,*,#4204,.F.);
#5860=ORIENTED_EDGE('',*,*,#4208,.F.);
#5861=ORIENTED_EDGE('',*,*,#4211,.F.);
#5862=ORIENTED_EDGE('',*,*,#4214,.F.);
#5863=ORIENTED_EDGE('',*,*,#4217,.F.);
#5864=ORIENTED_EDGE('',*,*,#4220,.F.);
#5865=ORIENTED_EDGE('',*,*,#4223,.F.);
#5866=ORIENTED_EDGE('',*,*,#4226,.F.);
#5867=ORIENTED_EDGE('',*,*,#4229,.F.);
#5868=ORIENTED_EDGE('',*,*,#4232,.F.);
#5869=ORIENTED_EDGE('',*,*,#4235,.F.);
#5870=ORIENTED_EDGE('',*,*,#4238,.F.);
#5871=ORIENTED_EDGE('',*,*,#4241,.F.);
#5872=ORIENTED_EDGE('',*,*,#4201,.F.);
#5873=ORIENTED_EDGE('',*,*,#4174,.F.);
#5874=ORIENTED_EDGE('',*,*,#4178,.F.);
#5875=ORIENTED_EDGE('',*,*,#4181,.F.);
#5876=ORIENTED_EDGE('',*,*,#4184,.F.);
#5877=ORIENTED_EDGE('',*,*,#4187,.F.);
#5878=ORIENTED_EDGE('',*,*,#4190,.F.);
#5879=ORIENTED_EDGE('',*,*,#4193,.F.);
#5880=ORIENTED_EDGE('',*,*,#4196,.F.);
#5881=ORIENTED_EDGE('',*,*,#4199,.F.);
#5882=ORIENTED_EDGE('',*,*,#4171,.F.);
#5883=ORIENTED_EDGE('',*,*,#4147,.F.);
#5884=ORIENTED_EDGE('',*,*,#4151,.F.);
#5885=ORIENTED_EDGE('',*,*,#4154,.F.);
#5886=ORIENTED_EDGE('',*,*,#4157,.F.);
#5887=ORIENTED_EDGE('',*,*,#4160,.F.);
#5888=ORIENTED_EDGE('',*,*,#4163,.F.);
#5889=ORIENTED_EDGE('',*,*,#4166,.F.);
#5890=ORIENTED_EDGE('',*,*,#4169,.F.);
#5891=ORIENTED_EDGE('',*,*,#4244,.F.);
#5892=ORIENTED_EDGE('',*,*,#4245,.T.);
#5893=ORIENTED_EDGE('',*,*,#4246,.F.);
#5894=ORIENTED_EDGE('',*,*,#4247,.T.);
#5895=ORIENTED_EDGE('',*,*,#4248,.F.);
#5896=ORIENTED_EDGE('',*,*,#4249,.T.);
#5897=ORIENTED_EDGE('',*,*,#4250,.F.);
#5898=ORIENTED_EDGE('',*,*,#4251,.T.);
#5899=ORIENTED_EDGE('',*,*,#4252,.F.);
#5900=ORIENTED_EDGE('',*,*,#4253,.F.);
#5901=ORIENTED_EDGE('',*,*,#4254,.F.);
#5902=ORIENTED_EDGE('',*,*,#4255,.F.);
#5903=ORIENTED_EDGE('',*,*,#4202,.T.);
#5904=ORIENTED_EDGE('',*,*,#4242,.T.);
#5905=ORIENTED_EDGE('',*,*,#4239,.T.);
#5906=ORIENTED_EDGE('',*,*,#4236,.T.);
#5907=ORIENTED_EDGE('',*,*,#4233,.T.);
#5908=ORIENTED_EDGE('',*,*,#4230,.T.);
#5909=ORIENTED_EDGE('',*,*,#4227,.T.);
#5910=ORIENTED_EDGE('',*,*,#4224,.T.);
#5911=ORIENTED_EDGE('',*,*,#4221,.T.);
#5912=ORIENTED_EDGE('',*,*,#4218,.T.);
#5913=ORIENTED_EDGE('',*,*,#4215,.T.);
#5914=ORIENTED_EDGE('',*,*,#4212,.T.);
#5915=ORIENTED_EDGE('',*,*,#4209,.T.);
#5916=ORIENTED_EDGE('',*,*,#4206,.T.);
#5917=ORIENTED_EDGE('',*,*,#4133,.T.);
#5918=ORIENTED_EDGE('',*,*,#4143,.T.);
#5919=ORIENTED_EDGE('',*,*,#4140,.T.);
#5920=ORIENTED_EDGE('',*,*,#4137,.T.);
#5921=ORIENTED_EDGE('',*,*,#4070,.T.);
#5922=ORIENTED_EDGE('',*,*,#4131,.T.);
#5923=ORIENTED_EDGE('',*,*,#4128,.T.);
#5924=ORIENTED_EDGE('',*,*,#4125,.T.);
#5925=ORIENTED_EDGE('',*,*,#4122,.T.);
#5926=ORIENTED_EDGE('',*,*,#4119,.T.);
#5927=ORIENTED_EDGE('',*,*,#4116,.T.);
#5928=ORIENTED_EDGE('',*,*,#4113,.T.);
#5929=ORIENTED_EDGE('',*,*,#4110,.T.);
#5930=ORIENTED_EDGE('',*,*,#4107,.T.);
#5931=ORIENTED_EDGE('',*,*,#4104,.T.);
#5932=ORIENTED_EDGE('',*,*,#4101,.T.);
#5933=ORIENTED_EDGE('',*,*,#4098,.T.);
#5934=ORIENTED_EDGE('',*,*,#4095,.T.);
#5935=ORIENTED_EDGE('',*,*,#4092,.T.);
#5936=ORIENTED_EDGE('',*,*,#4089,.T.);
#5937=ORIENTED_EDGE('',*,*,#4086,.T.);
#5938=ORIENTED_EDGE('',*,*,#4083,.T.);
#5939=ORIENTED_EDGE('',*,*,#4080,.T.);
#5940=ORIENTED_EDGE('',*,*,#4077,.T.);
#5941=ORIENTED_EDGE('',*,*,#4074,.T.);
#5942=ORIENTED_EDGE('',*,*,#3986,.T.);
#5943=ORIENTED_EDGE('',*,*,#4044,.T.);
#5944=ORIENTED_EDGE('',*,*,#4041,.T.);
#5945=ORIENTED_EDGE('',*,*,#4038,.T.);
#5946=ORIENTED_EDGE('',*,*,#4035,.T.);
#5947=ORIENTED_EDGE('',*,*,#4032,.T.);
#5948=ORIENTED_EDGE('',*,*,#4029,.T.);
#5949=ORIENTED_EDGE('',*,*,#4026,.T.);
#5950=ORIENTED_EDGE('',*,*,#4023,.T.);
#5951=ORIENTED_EDGE('',*,*,#4020,.T.);
#5952=ORIENTED_EDGE('',*,*,#4017,.T.);
#5953=ORIENTED_EDGE('',*,*,#4014,.T.);
#5954=ORIENTED_EDGE('',*,*,#4011,.T.);
#5955=ORIENTED_EDGE('',*,*,#4008,.T.);
#5956=ORIENTED_EDGE('',*,*,#4005,.T.);
#5957=ORIENTED_EDGE('',*,*,#4002,.T.);
#5958=ORIENTED_EDGE('',*,*,#3999,.T.);
#5959=ORIENTED_EDGE('',*,*,#3996,.T.);
#5960=ORIENTED_EDGE('',*,*,#3993,.T.);
#5961=ORIENTED_EDGE('',*,*,#3990,.T.);
#5962=ORIENTED_EDGE('',*,*,#3887,.T.);
#5963=ORIENTED_EDGE('',*,*,#3984,.T.);
#5964=ORIENTED_EDGE('',*,*,#3981,.T.);
#5965=ORIENTED_EDGE('',*,*,#3978,.T.);
#5966=ORIENTED_EDGE('',*,*,#3975,.T.);
#5967=ORIENTED_EDGE('',*,*,#3972,.T.);
#5968=ORIENTED_EDGE('',*,*,#3969,.T.);
#5969=ORIENTED_EDGE('',*,*,#3966,.T.);
#5970=ORIENTED_EDGE('',*,*,#3963,.T.);
#5971=ORIENTED_EDGE('',*,*,#3960,.T.);
#5972=ORIENTED_EDGE('',*,*,#3957,.T.);
#5973=ORIENTED_EDGE('',*,*,#3954,.T.);
#5974=ORIENTED_EDGE('',*,*,#3951,.T.);
#5975=ORIENTED_EDGE('',*,*,#3948,.T.);
#5976=ORIENTED_EDGE('',*,*,#3945,.T.);
#5977=ORIENTED_EDGE('',*,*,#3942,.T.);
#5978=ORIENTED_EDGE('',*,*,#3939,.T.);
#5979=ORIENTED_EDGE('',*,*,#3936,.T.);
#5980=ORIENTED_EDGE('',*,*,#3933,.T.);
#5981=ORIENTED_EDGE('',*,*,#3930,.T.);
#5982=ORIENTED_EDGE('',*,*,#3927,.T.);
#5983=ORIENTED_EDGE('',*,*,#3924,.T.);
#5984=ORIENTED_EDGE('',*,*,#3921,.T.);
#5985=ORIENTED_EDGE('',*,*,#3918,.T.);
#5986=ORIENTED_EDGE('',*,*,#3915,.T.);
#5987=ORIENTED_EDGE('',*,*,#3912,.T.);
#5988=ORIENTED_EDGE('',*,*,#3909,.T.);
#5989=ORIENTED_EDGE('',*,*,#3906,.T.);
#5990=ORIENTED_EDGE('',*,*,#3903,.T.);
#5991=ORIENTED_EDGE('',*,*,#3900,.T.);
#5992=ORIENTED_EDGE('',*,*,#3897,.T.);
#5993=ORIENTED_EDGE('',*,*,#3894,.T.);
#5994=ORIENTED_EDGE('',*,*,#3891,.T.);
#5995=ORIENTED_EDGE('',*,*,#3806,.T.);
#5996=ORIENTED_EDGE('',*,*,#3885,.T.);
#5997=ORIENTED_EDGE('',*,*,#3882,.T.);
#5998=ORIENTED_EDGE('',*,*,#3879,.T.);
#5999=ORIENTED_EDGE('',*,*,#3876,.T.);
#6000=ORIENTED_EDGE('',*,*,#3873,.T.);
#6001=ORIENTED_EDGE('',*,*,#3870,.T.);
#6002=ORIENTED_EDGE('',*,*,#3867,.T.);
#6003=ORIENTED_EDGE('',*,*,#3864,.T.);
#6004=ORIENTED_EDGE('',*,*,#3861,.T.);
#6005=ORIENTED_EDGE('',*,*,#3858,.T.);
#6006=ORIENTED_EDGE('',*,*,#3855,.T.);
#6007=ORIENTED_EDGE('',*,*,#3852,.T.);
#6008=ORIENTED_EDGE('',*,*,#3849,.T.);
#6009=ORIENTED_EDGE('',*,*,#3846,.T.);
#6010=ORIENTED_EDGE('',*,*,#3843,.T.);
#6011=ORIENTED_EDGE('',*,*,#3840,.T.);
#6012=ORIENTED_EDGE('',*,*,#3837,.T.);
#6013=ORIENTED_EDGE('',*,*,#3834,.T.);
#6014=ORIENTED_EDGE('',*,*,#3831,.T.);
#6015=ORIENTED_EDGE('',*,*,#3828,.T.);
#6016=ORIENTED_EDGE('',*,*,#3825,.T.);
#6017=ORIENTED_EDGE('',*,*,#3822,.T.);
#6018=ORIENTED_EDGE('',*,*,#3819,.T.);
#6019=ORIENTED_EDGE('',*,*,#3816,.T.);
#6020=ORIENTED_EDGE('',*,*,#3813,.T.);
#6021=ORIENTED_EDGE('',*,*,#3810,.T.);
#6022=ORIENTED_EDGE('',*,*,#3740,.T.);
#6023=ORIENTED_EDGE('',*,*,#3774,.T.);
#6024=ORIENTED_EDGE('',*,*,#3771,.T.);
#6025=ORIENTED_EDGE('',*,*,#3768,.T.);
#6026=ORIENTED_EDGE('',*,*,#3765,.T.);
#6027=ORIENTED_EDGE('',*,*,#3762,.T.);
#6028=ORIENTED_EDGE('',*,*,#3759,.T.);
#6029=ORIENTED_EDGE('',*,*,#3756,.T.);
#6030=ORIENTED_EDGE('',*,*,#3753,.T.);
#6031=ORIENTED_EDGE('',*,*,#3750,.T.);
#6032=ORIENTED_EDGE('',*,*,#3747,.T.);
#6033=ORIENTED_EDGE('',*,*,#3744,.T.);
#6034=ORIENTED_EDGE('',*,*,#3659,.T.);
#6035=ORIENTED_EDGE('',*,*,#3738,.T.);
#6036=ORIENTED_EDGE('',*,*,#3735,.T.);
#6037=ORIENTED_EDGE('',*,*,#3732,.T.);
#6038=ORIENTED_EDGE('',*,*,#3729,.T.);
#6039=ORIENTED_EDGE('',*,*,#3726,.T.);
#6040=ORIENTED_EDGE('',*,*,#3723,.T.);
#6041=ORIENTED_EDGE('',*,*,#3720,.T.);
#6042=ORIENTED_EDGE('',*,*,#3717,.T.);
#6043=ORIENTED_EDGE('',*,*,#3714,.T.);
#6044=ORIENTED_EDGE('',*,*,#3711,.T.);
#6045=ORIENTED_EDGE('',*,*,#3708,.T.);
#6046=ORIENTED_EDGE('',*,*,#3705,.T.);
#6047=ORIENTED_EDGE('',*,*,#3702,.T.);
#6048=ORIENTED_EDGE('',*,*,#3699,.T.);
#6049=ORIENTED_EDGE('',*,*,#3696,.T.);
#6050=ORIENTED_EDGE('',*,*,#3693,.T.);
#6051=ORIENTED_EDGE('',*,*,#3690,.T.);
#6052=ORIENTED_EDGE('',*,*,#3687,.T.);
#6053=ORIENTED_EDGE('',*,*,#3684,.T.);
#6054=ORIENTED_EDGE('',*,*,#3681,.T.);
#6055=ORIENTED_EDGE('',*,*,#3678,.T.);
#6056=ORIENTED_EDGE('',*,*,#3675,.T.);
#6057=ORIENTED_EDGE('',*,*,#3672,.T.);
#6058=ORIENTED_EDGE('',*,*,#3669,.T.);
#6059=ORIENTED_EDGE('',*,*,#3666,.T.);
#6060=ORIENTED_EDGE('',*,*,#3663,.T.);
#6061=ORIENTED_EDGE('',*,*,#3584,.T.);
#6062=ORIENTED_EDGE('',*,*,#3627,.T.);
#6063=ORIENTED_EDGE('',*,*,#3624,.T.);
#6064=ORIENTED_EDGE('',*,*,#3621,.T.);
#6065=ORIENTED_EDGE('',*,*,#3618,.T.);
#6066=ORIENTED_EDGE('',*,*,#3615,.T.);
#6067=ORIENTED_EDGE('',*,*,#3612,.T.);
#6068=ORIENTED_EDGE('',*,*,#3609,.T.);
#6069=ORIENTED_EDGE('',*,*,#3606,.T.);
#6070=ORIENTED_EDGE('',*,*,#3603,.T.);
#6071=ORIENTED_EDGE('',*,*,#3600,.T.);
#6072=ORIENTED_EDGE('',*,*,#3597,.T.);
#6073=ORIENTED_EDGE('',*,*,#3594,.T.);
#6074=ORIENTED_EDGE('',*,*,#3591,.T.);
#6075=ORIENTED_EDGE('',*,*,#3588,.T.);
#6076=ORIENTED_EDGE('',*,*,#3503,.T.);
#6077=ORIENTED_EDGE('',*,*,#3558,.T.);
#6078=ORIENTED_EDGE('',*,*,#3555,.T.);
#6079=ORIENTED_EDGE('',*,*,#3552,.T.);
#6080=ORIENTED_EDGE('',*,*,#3549,.T.);
#6081=ORIENTED_EDGE('',*,*,#3546,.T.);
#6082=ORIENTED_EDGE('',*,*,#3543,.T.);
#6083=ORIENTED_EDGE('',*,*,#3540,.T.);
#6084=ORIENTED_EDGE('',*,*,#3537,.T.);
#6085=ORIENTED_EDGE('',*,*,#3534,.T.);
#6086=ORIENTED_EDGE('',*,*,#3531,.T.);
#6087=ORIENTED_EDGE('',*,*,#3528,.T.);
#6088=ORIENTED_EDGE('',*,*,#3525,.T.);
#6089=ORIENTED_EDGE('',*,*,#3522,.T.);
#6090=ORIENTED_EDGE('',*,*,#3519,.T.);
#6091=ORIENTED_EDGE('',*,*,#3516,.T.);
#6092=ORIENTED_EDGE('',*,*,#3513,.T.);
#6093=ORIENTED_EDGE('',*,*,#3510,.T.);
#6094=ORIENTED_EDGE('',*,*,#3507,.T.);
#6095=ORIENTED_EDGE('',*,*,#3467,.T.);
#6096=ORIENTED_EDGE('',*,*,#3501,.T.);
#6097=ORIENTED_EDGE('',*,*,#3498,.T.);
#6098=ORIENTED_EDGE('',*,*,#3495,.T.);
#6099=ORIENTED_EDGE('',*,*,#3492,.T.);
#6100=ORIENTED_EDGE('',*,*,#3489,.T.);
#6101=ORIENTED_EDGE('',*,*,#3486,.T.);
#6102=ORIENTED_EDGE('',*,*,#3483,.T.);
#6103=ORIENTED_EDGE('',*,*,#3480,.T.);
#6104=ORIENTED_EDGE('',*,*,#3477,.T.);
#6105=ORIENTED_EDGE('',*,*,#3474,.T.);
#6106=ORIENTED_EDGE('',*,*,#3471,.T.);
#6107=ORIENTED_EDGE('',*,*,#3425,.T.);
#6108=ORIENTED_EDGE('',*,*,#3465,.T.);
#6109=ORIENTED_EDGE('',*,*,#3462,.T.);
#6110=ORIENTED_EDGE('',*,*,#3459,.T.);
#6111=ORIENTED_EDGE('',*,*,#3456,.T.);
#6112=ORIENTED_EDGE('',*,*,#3453,.T.);
#6113=ORIENTED_EDGE('',*,*,#3450,.T.);
#6114=ORIENTED_EDGE('',*,*,#3447,.T.);
#6115=ORIENTED_EDGE('',*,*,#3444,.T.);
#6116=ORIENTED_EDGE('',*,*,#3441,.T.);
#6117=ORIENTED_EDGE('',*,*,#3438,.T.);
#6118=ORIENTED_EDGE('',*,*,#3435,.T.);
#6119=ORIENTED_EDGE('',*,*,#3432,.T.);
#6120=ORIENTED_EDGE('',*,*,#3429,.T.);
#6121=ORIENTED_EDGE('',*,*,#3350,.T.);
#6122=ORIENTED_EDGE('',*,*,#3399,.T.);
#6123=ORIENTED_EDGE('',*,*,#3396,.T.);
#6124=ORIENTED_EDGE('',*,*,#3393,.T.);
#6125=ORIENTED_EDGE('',*,*,#3390,.T.);
#6126=ORIENTED_EDGE('',*,*,#3387,.T.);
#6127=ORIENTED_EDGE('',*,*,#3384,.T.);
#6128=ORIENTED_EDGE('',*,*,#3381,.T.);
#6129=ORIENTED_EDGE('',*,*,#3378,.T.);
#6130=ORIENTED_EDGE('',*,*,#3375,.T.);
#6131=ORIENTED_EDGE('',*,*,#3372,.T.);
#6132=ORIENTED_EDGE('',*,*,#3369,.T.);
#6133=ORIENTED_EDGE('',*,*,#3366,.T.);
#6134=ORIENTED_EDGE('',*,*,#3363,.T.);
#6135=ORIENTED_EDGE('',*,*,#3360,.T.);
#6136=ORIENTED_EDGE('',*,*,#3357,.T.);
#6137=ORIENTED_EDGE('',*,*,#3354,.T.);
#6138=ORIENTED_EDGE('',*,*,#3338,.T.);
#6139=ORIENTED_EDGE('',*,*,#3348,.T.);
#6140=ORIENTED_EDGE('',*,*,#3345,.T.);
#6141=ORIENTED_EDGE('',*,*,#3342,.T.);
#6142=ORIENTED_EDGE('',*,*,#3299,.T.);
#6143=ORIENTED_EDGE('',*,*,#3336,.T.);
#6144=ORIENTED_EDGE('',*,*,#3333,.T.);
#6145=ORIENTED_EDGE('',*,*,#3330,.T.);
#6146=ORIENTED_EDGE('',*,*,#3327,.T.);
#6147=ORIENTED_EDGE('',*,*,#3324,.T.);
#6148=ORIENTED_EDGE('',*,*,#3321,.T.);
#6149=ORIENTED_EDGE('',*,*,#3318,.T.);
#6150=ORIENTED_EDGE('',*,*,#3315,.T.);
#6151=ORIENTED_EDGE('',*,*,#3312,.T.);
#6152=ORIENTED_EDGE('',*,*,#3309,.T.);
#6153=ORIENTED_EDGE('',*,*,#3306,.T.);
#6154=ORIENTED_EDGE('',*,*,#3303,.T.);
#6155=ORIENTED_EDGE('',*,*,#4172,.T.);
#6156=ORIENTED_EDGE('',*,*,#4200,.T.);
#6157=ORIENTED_EDGE('',*,*,#4197,.T.);
#6158=ORIENTED_EDGE('',*,*,#4194,.T.);
#6159=ORIENTED_EDGE('',*,*,#4191,.T.);
#6160=ORIENTED_EDGE('',*,*,#4188,.T.);
#6161=ORIENTED_EDGE('',*,*,#4185,.T.);
#6162=ORIENTED_EDGE('',*,*,#4182,.T.);
#6163=ORIENTED_EDGE('',*,*,#4179,.T.);
#6164=ORIENTED_EDGE('',*,*,#4176,.T.);
#6165=ORIENTED_EDGE('',*,*,#4145,.T.);
#6166=ORIENTED_EDGE('',*,*,#4170,.T.);
#6167=ORIENTED_EDGE('',*,*,#4167,.T.);
#6168=ORIENTED_EDGE('',*,*,#4164,.T.);
#6169=ORIENTED_EDGE('',*,*,#4161,.T.);
#6170=ORIENTED_EDGE('',*,*,#4158,.T.);
#6171=ORIENTED_EDGE('',*,*,#4155,.T.);
#6172=ORIENTED_EDGE('',*,*,#4152,.T.);
#6173=ORIENTED_EDGE('',*,*,#4149,.T.);
#6174=ORIENTED_EDGE('',*,*,#4046,.T.);
#6175=ORIENTED_EDGE('',*,*,#4068,.T.);
#6176=ORIENTED_EDGE('',*,*,#4065,.T.);
#6177=ORIENTED_EDGE('',*,*,#4062,.T.);
#6178=ORIENTED_EDGE('',*,*,#4059,.T.);
#6179=ORIENTED_EDGE('',*,*,#4056,.T.);
#6180=ORIENTED_EDGE('',*,*,#4053,.T.);
#6181=ORIENTED_EDGE('',*,*,#4050,.T.);
#6182=ORIENTED_EDGE('',*,*,#3776,.T.);
#6183=ORIENTED_EDGE('',*,*,#3804,.T.);
#6184=ORIENTED_EDGE('',*,*,#3801,.T.);
#6185=ORIENTED_EDGE('',*,*,#3798,.T.);
#6186=ORIENTED_EDGE('',*,*,#3795,.T.);
#6187=ORIENTED_EDGE('',*,*,#3792,.T.);
#6188=ORIENTED_EDGE('',*,*,#3789,.T.);
#6189=ORIENTED_EDGE('',*,*,#3786,.T.);
#6190=ORIENTED_EDGE('',*,*,#3783,.T.);
#6191=ORIENTED_EDGE('',*,*,#3780,.T.);
#6192=ORIENTED_EDGE('',*,*,#3629,.T.);
#6193=ORIENTED_EDGE('',*,*,#3657,.T.);
#6194=ORIENTED_EDGE('',*,*,#3654,.T.);
#6195=ORIENTED_EDGE('',*,*,#3651,.T.);
#6196=ORIENTED_EDGE('',*,*,#3648,.T.);
#6197=ORIENTED_EDGE('',*,*,#3645,.T.);
#6198=ORIENTED_EDGE('',*,*,#3642,.T.);
#6199=ORIENTED_EDGE('',*,*,#3639,.T.);
#6200=ORIENTED_EDGE('',*,*,#3636,.T.);
#6201=ORIENTED_EDGE('',*,*,#3633,.T.);
#6202=ORIENTED_EDGE('',*,*,#3560,.T.);
#6203=ORIENTED_EDGE('',*,*,#3582,.T.);
#6204=ORIENTED_EDGE('',*,*,#3579,.T.);
#6205=ORIENTED_EDGE('',*,*,#3576,.T.);
#6206=ORIENTED_EDGE('',*,*,#3573,.T.);
#6207=ORIENTED_EDGE('',*,*,#3570,.T.);
#6208=ORIENTED_EDGE('',*,*,#3567,.T.);
#6209=ORIENTED_EDGE('',*,*,#3564,.T.);
#6210=ORIENTED_EDGE('',*,*,#4256,.T.);
#6211=ORIENTED_EDGE('',*,*,#4257,.T.);
#6212=ORIENTED_EDGE('',*,*,#4244,.T.);
#6213=ORIENTED_EDGE('',*,*,#4258,.T.);
#6214=ORIENTED_EDGE('',*,*,#4256,.F.);
#6215=ORIENTED_EDGE('',*,*,#4259,.T.);
#6216=ORIENTED_EDGE('',*,*,#4260,.F.);
#6217=ORIENTED_EDGE('',*,*,#4261,.T.);
#6218=ORIENTED_EDGE('',*,*,#4262,.F.);
#6219=ORIENTED_EDGE('',*,*,#4263,.T.);
#6220=ORIENTED_EDGE('',*,*,#4264,.T.);
#6221=ORIENTED_EDGE('',*,*,#4265,.T.);
#6222=ORIENTED_EDGE('',*,*,#4266,.T.);
#6223=ORIENTED_EDGE('',*,*,#4267,.T.);
#6224=ORIENTED_EDGE('',*,*,#4268,.T.);
#6225=ORIENTED_EDGE('',*,*,#4269,.T.);
#6226=ORIENTED_EDGE('',*,*,#4270,.T.);
#6227=ORIENTED_EDGE('',*,*,#4271,.T.);
#6228=ORIENTED_EDGE('',*,*,#4272,.F.);
#6229=ORIENTED_EDGE('',*,*,#4273,.T.);
#6230=ORIENTED_EDGE('',*,*,#4274,.T.);
#6231=ORIENTED_EDGE('',*,*,#4275,.T.);
#6232=ORIENTED_EDGE('',*,*,#4276,.T.);
#6233=ORIENTED_EDGE('',*,*,#4277,.T.);
#6234=ORIENTED_EDGE('',*,*,#4258,.F.);
#6235=ORIENTED_EDGE('',*,*,#4251,.F.);
#6236=ORIENTED_EDGE('',*,*,#4278,.F.);
#6237=ORIENTED_EDGE('',*,*,#4259,.F.);
#6238=ORIENTED_EDGE('',*,*,#4260,.T.);
#6239=ORIENTED_EDGE('',*,*,#4278,.T.);
#6240=ORIENTED_EDGE('',*,*,#4250,.T.);
#6241=ORIENTED_EDGE('',*,*,#4279,.T.);
#6242=ORIENTED_EDGE('',*,*,#4262,.T.);
#6243=ORIENTED_EDGE('',*,*,#4280,.T.);
#6244=ORIENTED_EDGE('',*,*,#4248,.T.);
#6245=ORIENTED_EDGE('',*,*,#4281,.T.);
#6246=ORIENTED_EDGE('',*,*,#4281,.F.);
#6247=ORIENTED_EDGE('',*,*,#4247,.F.);
#6248=ORIENTED_EDGE('',*,*,#4282,.F.);
#6249=ORIENTED_EDGE('',*,*,#4271,.F.);
#6250=ORIENTED_EDGE('',*,*,#4283,.T.);
#6251=ORIENTED_EDGE('',*,*,#4284,.T.);
#6252=ORIENTED_EDGE('',*,*,#4285,.T.);
#6253=ORIENTED_EDGE('',*,*,#4263,.F.);
#6254=ORIENTED_EDGE('',*,*,#4272,.T.);
#6255=ORIENTED_EDGE('',*,*,#4282,.T.);
#6256=ORIENTED_EDGE('',*,*,#4246,.T.);
#6257=ORIENTED_EDGE('',*,*,#4286,.T.);
#6258=ORIENTED_EDGE('',*,*,#4270,.F.);
#6259=ORIENTED_EDGE('',*,*,#4287,.F.);
#6260=ORIENTED_EDGE('',*,*,#4288,.T.);
#6261=ORIENTED_EDGE('',*,*,#4283,.F.);
#6262=ORIENTED_EDGE('',*,*,#4264,.F.);
#6263=ORIENTED_EDGE('',*,*,#4285,.F.);
#6264=ORIENTED_EDGE('',*,*,#4289,.T.);
#6265=ORIENTED_EDGE('',*,*,#4290,.F.);
#6266=ORIENTED_EDGE('',*,*,#4284,.F.);
#6267=ORIENTED_EDGE('',*,*,#4288,.F.);
#6268=ORIENTED_EDGE('',*,*,#4291,.F.);
#6269=ORIENTED_EDGE('',*,*,#4289,.F.);
#6270=ORIENTED_EDGE('',*,*,#4292,.F.);
#6271=ORIENTED_EDGE('',*,*,#4293,.F.);
#6272=ORIENTED_EDGE('',*,*,#4294,.F.);
#6273=ORIENTED_EDGE('',*,*,#4295,.F.);
#6274=ORIENTED_EDGE('',*,*,#4294,.T.);
#6275=ORIENTED_EDGE('',*,*,#4296,.T.);
#6276=ORIENTED_EDGE('',*,*,#4268,.F.);
#6277=ORIENTED_EDGE('',*,*,#4297,.F.);
#6278=ORIENTED_EDGE('',*,*,#4287,.T.);
#6279=ORIENTED_EDGE('',*,*,#4269,.F.);
#6280=ORIENTED_EDGE('',*,*,#4296,.F.);
#6281=ORIENTED_EDGE('',*,*,#4293,.T.);
#6282=ORIENTED_EDGE('',*,*,#4298,.T.);
#6283=ORIENTED_EDGE('',*,*,#4265,.F.);
#6284=ORIENTED_EDGE('',*,*,#4290,.T.);
#6285=ORIENTED_EDGE('',*,*,#4291,.T.);
#6286=ORIENTED_EDGE('',*,*,#4299,.T.);
#6287=ORIENTED_EDGE('',*,*,#4300,.T.);
#6288=ORIENTED_EDGE('',*,*,#4254,.T.);
#6289=ORIENTED_EDGE('',*,*,#4300,.F.);
#6290=ORIENTED_EDGE('',*,*,#4301,.T.);
#6291=ORIENTED_EDGE('',*,*,#4302,.T.);
#6292=ORIENTED_EDGE('',*,*,#4253,.T.);
#6293=ORIENTED_EDGE('',*,*,#4302,.F.);
#6294=ORIENTED_EDGE('',*,*,#4303,.T.);
#6295=ORIENTED_EDGE('',*,*,#4304,.T.);
#6296=ORIENTED_EDGE('',*,*,#4255,.T.);
#6297=ORIENTED_EDGE('',*,*,#4304,.F.);
#6298=ORIENTED_EDGE('',*,*,#4305,.T.);
#6299=ORIENTED_EDGE('',*,*,#4306,.T.);
#6300=ORIENTED_EDGE('',*,*,#4252,.T.);
#6301=ORIENTED_EDGE('',*,*,#4306,.F.);
#6302=ORIENTED_EDGE('',*,*,#4295,.T.);
#6303=ORIENTED_EDGE('',*,*,#4297,.T.);
#6304=ORIENTED_EDGE('',*,*,#4267,.F.);
#6305=ORIENTED_EDGE('',*,*,#4307,.F.);
#6306=ORIENTED_EDGE('',*,*,#4292,.T.);
#6307=ORIENTED_EDGE('',*,*,#4307,.T.);
#6308=ORIENTED_EDGE('',*,*,#4266,.F.);
#6309=ORIENTED_EDGE('',*,*,#4298,.F.);
#6310=ORIENTED_EDGE('',*,*,#4279,.F.);
#6311=ORIENTED_EDGE('',*,*,#4249,.F.);
#6312=ORIENTED_EDGE('',*,*,#4280,.F.);
#6313=ORIENTED_EDGE('',*,*,#4261,.F.);
#6314=ORIENTED_EDGE('',*,*,#4257,.F.);
#6315=ORIENTED_EDGE('',*,*,#4273,.F.);
#6316=ORIENTED_EDGE('',*,*,#4286,.F.);
#6317=ORIENTED_EDGE('',*,*,#4245,.F.);
#6318=ORIENTED_EDGE('',*,*,#3401,.T.);
#6319=ORIENTED_EDGE('',*,*,#3423,.T.);
#6320=ORIENTED_EDGE('',*,*,#3420,.T.);
#6321=ORIENTED_EDGE('',*,*,#3417,.T.);
#6322=ORIENTED_EDGE('',*,*,#3414,.T.);
#6323=ORIENTED_EDGE('',*,*,#3411,.T.);
#6324=ORIENTED_EDGE('',*,*,#3408,.T.);
#6325=ORIENTED_EDGE('',*,*,#3405,.T.);
#6326=ORIENTED_EDGE('',*,*,#4276,.F.);
#6327=ORIENTED_EDGE('',*,*,#4308,.T.);
#6328=ORIENTED_EDGE('',*,*,#4309,.T.);
#6329=ORIENTED_EDGE('',*,*,#4308,.F.);
#6330=ORIENTED_EDGE('',*,*,#4305,.F.);
#6331=ORIENTED_EDGE('',*,*,#4309,.F.);
#6332=ORIENTED_EDGE('',*,*,#4275,.F.);
#6333=ORIENTED_EDGE('',*,*,#4310,.T.);
#6334=ORIENTED_EDGE('',*,*,#4311,.T.);
#6335=ORIENTED_EDGE('',*,*,#4310,.F.);
#6336=ORIENTED_EDGE('',*,*,#4303,.F.);
#6337=ORIENTED_EDGE('',*,*,#4311,.F.);
#6338=ORIENTED_EDGE('',*,*,#4277,.F.);
#6339=ORIENTED_EDGE('',*,*,#4312,.T.);
#6340=ORIENTED_EDGE('',*,*,#4313,.T.);
#6341=ORIENTED_EDGE('',*,*,#4312,.F.);
#6342=ORIENTED_EDGE('',*,*,#4301,.F.);
#6343=ORIENTED_EDGE('',*,*,#4313,.F.);
#6344=ORIENTED_EDGE('',*,*,#4274,.F.);
#6345=ORIENTED_EDGE('',*,*,#4314,.T.);
#6346=ORIENTED_EDGE('',*,*,#4315,.T.);
#6347=ORIENTED_EDGE('',*,*,#4314,.F.);
#6348=ORIENTED_EDGE('',*,*,#4299,.F.);
#6349=ORIENTED_EDGE('',*,*,#4315,.F.);
#6350=PLANE('',#6865);
#6351=PLANE('',#6866);
#6352=PLANE('',#6867);
#6353=PLANE('',#6868);
#6354=PLANE('',#6869);
#6355=PLANE('',#6870);
#6356=PLANE('',#6871);
#6357=PLANE('',#6872);
#6358=PLANE('',#6873);
#6359=PLANE('',#6874);
#6360=PLANE('',#6875);
#6361=PLANE('',#6876);
#6362=PLANE('',#6877);
#6363=PLANE('',#6878);
#6364=PLANE('',#6879);
#6365=PLANE('',#6880);
#6366=PLANE('',#6881);
#6367=PLANE('',#6882);
#6368=PLANE('',#6883);
#6369=PLANE('',#6884);
#6370=PLANE('',#6885);
#6371=PLANE('',#6886);
#6372=PLANE('',#6887);
#6373=PLANE('',#6888);
#6374=PLANE('',#6889);
#6375=PLANE('',#6890);
#6376=PLANE('',#6891);
#6377=PLANE('',#6892);
#6378=PLANE('',#6893);
#6379=PLANE('',#6894);
#6380=PLANE('',#6895);
#6381=PLANE('',#6896);
#6382=PLANE('',#6897);
#6383=PLANE('',#6898);
#6384=PLANE('',#6899);
#6385=PLANE('',#6900);
#6386=PLANE('',#6901);
#6387=PLANE('',#6902);
#6388=PLANE('',#6903);
#6389=PLANE('',#6904);
#6390=PLANE('',#6905);
#6391=PLANE('',#6906);
#6392=PLANE('',#6907);
#6393=PLANE('',#6908);
#6394=PLANE('',#6909);
#6395=PLANE('',#6910);
#6396=PLANE('',#6911);
#6397=PLANE('',#6912);
#6398=PLANE('',#6913);
#6399=PLANE('',#6914);
#6400=PLANE('',#6915);
#6401=PLANE('',#6916);
#6402=PLANE('',#6917);
#6403=PLANE('',#6918);
#6404=PLANE('',#6919);
#6405=PLANE('',#6920);
#6406=PLANE('',#6921);
#6407=PLANE('',#6922);
#6408=PLANE('',#6923);
#6409=PLANE('',#6924);
#6410=PLANE('',#6925);
#6411=PLANE('',#6926);
#6412=PLANE('',#6927);
#6413=PLANE('',#6928);
#6414=PLANE('',#6929);
#6415=PLANE('',#6930);
#6416=PLANE('',#6931);
#6417=PLANE('',#6932);
#6418=PLANE('',#6933);
#6419=PLANE('',#6934);
#6420=PLANE('',#6935);
#6421=PLANE('',#6936);
#6422=PLANE('',#6937);
#6423=PLANE('',#6938);
#6424=PLANE('',#6939);
#6425=PLANE('',#6940);
#6426=PLANE('',#6941);
#6427=PLANE('',#6942);
#6428=PLANE('',#6943);
#6429=PLANE('',#6944);
#6430=PLANE('',#6945);
#6431=PLANE('',#6946);
#6432=PLANE('',#6947);
#6433=PLANE('',#6948);
#6434=PLANE('',#6949);
#6435=PLANE('',#6950);
#6436=PLANE('',#6951);
#6437=PLANE('',#6952);
#6438=PLANE('',#6953);
#6439=PLANE('',#6954);
#6440=PLANE('',#6955);
#6441=PLANE('',#6956);
#6442=PLANE('',#6957);
#6443=PLANE('',#6958);
#6444=PLANE('',#6959);
#6445=PLANE('',#6960);
#6446=PLANE('',#6961);
#6447=PLANE('',#6962);
#6448=PLANE('',#6963);
#6449=PLANE('',#6964);
#6450=PLANE('',#6965);
#6451=PLANE('',#6966);
#6452=PLANE('',#6967);
#6453=PLANE('',#6968);
#6454=PLANE('',#6969);
#6455=PLANE('',#6970);
#6456=PLANE('',#6971);
#6457=PLANE('',#6972);
#6458=PLANE('',#6973);
#6459=PLANE('',#6982);
#6460=PLANE('',#6983);
#6461=PLANE('',#6984);
#6462=PLANE('',#6985);
#6463=PLANE('',#6986);
#6464=PLANE('',#6987);
#6465=PLANE('',#6990);
#6466=PLANE('',#6998);
#6467=PLANE('',#7001);
#6468=PLANE('',#7003);
#6469=PLANE('',#7004);
#6470=PLANE('',#7005);
#6471=PLANE('',#7006);
#6472=PLANE('',#7007);
#6473=PLANE('',#7008);
#6474=PLANE('',#7017);
#6475=PLANE('',#7018);
#6476=PLANE('',#7019);
#6477=PLANE('',#7020);
#6478=PLANE('',#7021);
#6479=PLANE('',#7024);
#6480=PLANE('',#7027);
#6481=PLANE('',#7030);
#6482=PLANE('',#7033);
#6483=ADVANCED_FACE('',(#755),#6350,.F.);
#6484=ADVANCED_FACE('',(#756),#533,.F.);
#6485=ADVANCED_FACE('',(#757),#534,.F.);
#6486=ADVANCED_FACE('',(#758),#535,.F.);
#6487=ADVANCED_FACE('',(#759),#536,.F.);
#6488=ADVANCED_FACE('',(#760),#6351,.F.);
#6489=ADVANCED_FACE('',(#761),#537,.F.);
#6490=ADVANCED_FACE('',(#762),#538,.F.);
#6491=ADVANCED_FACE('',(#763),#539,.F.);
#6492=ADVANCED_FACE('',(#764),#6352,.F.);
#6493=ADVANCED_FACE('',(#765),#6353,.F.);
#6494=ADVANCED_FACE('',(#766),#6354,.F.);
#6495=ADVANCED_FACE('',(#767),#6355,.F.);
#6496=ADVANCED_FACE('',(#768),#6356,.T.);
#6497=ADVANCED_FACE('',(#769),#6357,.F.);
#6498=ADVANCED_FACE('',(#770),#6358,.F.);
#6499=ADVANCED_FACE('',(#771),#6359,.F.);
#6500=ADVANCED_FACE('',(#772),#6360,.F.);
#6501=ADVANCED_FACE('',(#773),#6361,.F.);
#6502=ADVANCED_FACE('',(#774),#6362,.F.);
#6503=ADVANCED_FACE('',(#775),#540,.F.);
#6504=ADVANCED_FACE('',(#776),#541,.F.);
#6505=ADVANCED_FACE('',(#777),#542,.F.);
#6506=ADVANCED_FACE('',(#778),#543,.F.);
#6507=ADVANCED_FACE('',(#779),#544,.F.);
#6508=ADVANCED_FACE('',(#780),#6363,.F.);
#6509=ADVANCED_FACE('',(#781),#6364,.F.);
#6510=ADVANCED_FACE('',(#782),#6365,.F.);
#6511=ADVANCED_FACE('',(#783),#545,.F.);
#6512=ADVANCED_FACE('',(#784),#546,.F.);
#6513=ADVANCED_FACE('',(#785),#547,.F.);
#6514=ADVANCED_FACE('',(#786),#548,.F.);
#6515=ADVANCED_FACE('',(#787),#6366,.F.);
#6516=ADVANCED_FACE('',(#788),#6367,.F.);
#6517=ADVANCED_FACE('',(#789),#6368,.F.);
#6518=ADVANCED_FACE('',(#790),#6369,.F.);
#6519=ADVANCED_FACE('',(#791),#6370,.T.);
#6520=ADVANCED_FACE('',(#792),#549,.F.);
#6521=ADVANCED_FACE('',(#793),#550,.F.);
#6522=ADVANCED_FACE('',(#794),#551,.F.);
#6523=ADVANCED_FACE('',(#795),#552,.F.);
#6524=ADVANCED_FACE('',(#796),#553,.F.);
#6525=ADVANCED_FACE('',(#797),#554,.F.);
#6526=ADVANCED_FACE('',(#798),#555,.F.);
#6527=ADVANCED_FACE('',(#799),#556,.F.);
#6528=ADVANCED_FACE('',(#800),#6371,.F.);
#6529=ADVANCED_FACE('',(#801),#6372,.F.);
#6530=ADVANCED_FACE('',(#802),#6373,.F.);
#6531=ADVANCED_FACE('',(#803),#557,.F.);
#6532=ADVANCED_FACE('',(#804),#558,.F.);
#6533=ADVANCED_FACE('',(#805),#559,.F.);
#6534=ADVANCED_FACE('',(#806),#560,.F.);
#6535=ADVANCED_FACE('',(#807),#561,.F.);
#6536=ADVANCED_FACE('',(#808),#562,.F.);
#6537=ADVANCED_FACE('',(#809),#563,.F.);
#6538=ADVANCED_FACE('',(#810),#564,.F.);
#6539=ADVANCED_FACE('',(#811),#565,.F.);
#6540=ADVANCED_FACE('',(#812),#6374,.F.);
#6541=ADVANCED_FACE('',(#813),#6375,.F.);
#6542=ADVANCED_FACE('',(#814,#55),#6376,.T.);
#6543=ADVANCED_FACE('',(#815),#6377,.F.);
#6544=ADVANCED_FACE('',(#816),#6378,.F.);
#6545=ADVANCED_FACE('',(#817),#6379,.F.);
#6546=ADVANCED_FACE('',(#818),#6380,.F.);
#6547=ADVANCED_FACE('',(#819),#6381,.F.);
#6548=ADVANCED_FACE('',(#820),#6382,.F.);
#6549=ADVANCED_FACE('',(#821),#6383,.F.);
#6550=ADVANCED_FACE('',(#822),#6384,.F.);
#6551=ADVANCED_FACE('',(#823),#6385,.F.);
#6552=ADVANCED_FACE('',(#824),#6386,.F.);
#6553=ADVANCED_FACE('',(#825),#6387,.F.);
#6554=ADVANCED_FACE('',(#826),#6388,.F.);
#6555=ADVANCED_FACE('',(#827),#6389,.F.);
#6556=ADVANCED_FACE('',(#828),#566,.F.);
#6557=ADVANCED_FACE('',(#829),#567,.F.);
#6558=ADVANCED_FACE('',(#830),#568,.F.);
#6559=ADVANCED_FACE('',(#831),#569,.F.);
#6560=ADVANCED_FACE('',(#832),#570,.F.);
#6561=ADVANCED_FACE('',(#833),#571,.F.);
#6562=ADVANCED_FACE('',(#834),#572,.F.);
#6563=ADVANCED_FACE('',(#835),#6390,.F.);
#6564=ADVANCED_FACE('',(#836),#573,.F.);
#6565=ADVANCED_FACE('',(#837),#574,.F.);
#6566=ADVANCED_FACE('',(#838),#575,.F.);
#6567=ADVANCED_FACE('',(#839),#576,.F.);
#6568=ADVANCED_FACE('',(#840),#577,.F.);
#6569=ADVANCED_FACE('',(#841),#578,.F.);
#6570=ADVANCED_FACE('',(#842),#579,.F.);
#6571=ADVANCED_FACE('',(#843),#580,.F.);
#6572=ADVANCED_FACE('',(#844),#581,.F.);
#6573=ADVANCED_FACE('',(#845),#6391,.F.);
#6574=ADVANCED_FACE('',(#846),#582,.F.);
#6575=ADVANCED_FACE('',(#847),#6392,.T.);
#6576=ADVANCED_FACE('',(#848),#583,.F.);
#6577=ADVANCED_FACE('',(#849),#584,.F.);
#6578=ADVANCED_FACE('',(#850),#585,.F.);
#6579=ADVANCED_FACE('',(#851),#586,.F.);
#6580=ADVANCED_FACE('',(#852),#587,.F.);
#6581=ADVANCED_FACE('',(#853),#588,.F.);
#6582=ADVANCED_FACE('',(#854),#589,.F.);
#6583=ADVANCED_FACE('',(#855),#590,.F.);
#6584=ADVANCED_FACE('',(#856),#6393,.F.);
#6585=ADVANCED_FACE('',(#857),#591,.F.);
#6586=ADVANCED_FACE('',(#858),#592,.F.);
#6587=ADVANCED_FACE('',(#859),#593,.F.);
#6588=ADVANCED_FACE('',(#860),#594,.F.);
#6589=ADVANCED_FACE('',(#861),#595,.F.);
#6590=ADVANCED_FACE('',(#862),#596,.F.);
#6591=ADVANCED_FACE('',(#863),#597,.F.);
#6592=ADVANCED_FACE('',(#864),#598,.F.);
#6593=ADVANCED_FACE('',(#865),#599,.F.);
#6594=ADVANCED_FACE('',(#866),#600,.F.);
#6595=ADVANCED_FACE('',(#867),#6394,.F.);
#6596=ADVANCED_FACE('',(#868),#6395,.F.);
#6597=ADVANCED_FACE('',(#869),#6396,.F.);
#6598=ADVANCED_FACE('',(#870),#6397,.F.);
#6599=ADVANCED_FACE('',(#871,#56),#6398,.T.);
#6600=ADVANCED_FACE('',(#872),#601,.F.);
#6601=ADVANCED_FACE('',(#873),#602,.F.);
#6602=ADVANCED_FACE('',(#874),#603,.F.);
#6603=ADVANCED_FACE('',(#875),#604,.F.);
#6604=ADVANCED_FACE('',(#876),#605,.F.);
#6605=ADVANCED_FACE('',(#877),#606,.F.);
#6606=ADVANCED_FACE('',(#878),#607,.F.);
#6607=ADVANCED_FACE('',(#879),#608,.F.);
#6608=ADVANCED_FACE('',(#880),#609,.F.);
#6609=ADVANCED_FACE('',(#881),#6399,.F.);
#6610=ADVANCED_FACE('',(#882),#6400,.F.);
#6611=ADVANCED_FACE('',(#883),#610,.F.);
#6612=ADVANCED_FACE('',(#884),#611,.F.);
#6613=ADVANCED_FACE('',(#885),#6401,.F.);
#6614=ADVANCED_FACE('',(#886),#612,.F.);
#6615=ADVANCED_FACE('',(#887),#613,.F.);
#6616=ADVANCED_FACE('',(#888),#614,.F.);
#6617=ADVANCED_FACE('',(#889),#615,.F.);
#6618=ADVANCED_FACE('',(#890),#616,.F.);
#6619=ADVANCED_FACE('',(#891),#617,.F.);
#6620=ADVANCED_FACE('',(#892),#618,.F.);
#6621=ADVANCED_FACE('',(#893),#6402,.F.);
#6622=ADVANCED_FACE('',(#894),#619,.F.);
#6623=ADVANCED_FACE('',(#895),#620,.F.);
#6624=ADVANCED_FACE('',(#896),#621,.F.);
#6625=ADVANCED_FACE('',(#897),#622,.F.);
#6626=ADVANCED_FACE('',(#898),#623,.F.);
#6627=ADVANCED_FACE('',(#899),#624,.F.);
#6628=ADVANCED_FACE('',(#900),#625,.F.);
#6629=ADVANCED_FACE('',(#901),#626,.F.);
#6630=ADVANCED_FACE('',(#902),#627,.F.);
#6631=ADVANCED_FACE('',(#903),#628,.F.);
#6632=ADVANCED_FACE('',(#904),#629,.F.);
#6633=ADVANCED_FACE('',(#905),#630,.F.);
#6634=ADVANCED_FACE('',(#906),#631,.F.);
#6635=ADVANCED_FACE('',(#907),#632,.F.);
#6636=ADVANCED_FACE('',(#908),#633,.F.);
#6637=ADVANCED_FACE('',(#909,#57),#6403,.T.);
#6638=ADVANCED_FACE('',(#910),#6404,.F.);
#6639=ADVANCED_FACE('',(#911),#6405,.F.);
#6640=ADVANCED_FACE('',(#912),#6406,.F.);
#6641=ADVANCED_FACE('',(#913),#6407,.F.);
#6642=ADVANCED_FACE('',(#914),#6408,.F.);
#6643=ADVANCED_FACE('',(#915),#6409,.F.);
#6644=ADVANCED_FACE('',(#916),#6410,.F.);
#6645=ADVANCED_FACE('',(#917),#6411,.F.);
#6646=ADVANCED_FACE('',(#918),#6412,.F.);
#6647=ADVANCED_FACE('',(#919),#6413,.F.);
#6648=ADVANCED_FACE('',(#920),#6414,.F.);
#6649=ADVANCED_FACE('',(#921),#6415,.F.);
#6650=ADVANCED_FACE('',(#922),#6416,.F.);
#6651=ADVANCED_FACE('',(#923),#634,.F.);
#6652=ADVANCED_FACE('',(#924),#635,.F.);
#6653=ADVANCED_FACE('',(#925),#636,.F.);
#6654=ADVANCED_FACE('',(#926),#637,.F.);
#6655=ADVANCED_FACE('',(#927),#638,.F.);
#6656=ADVANCED_FACE('',(#928),#639,.F.);
#6657=ADVANCED_FACE('',(#929),#640,.F.);
#6658=ADVANCED_FACE('',(#930),#641,.F.);
#6659=ADVANCED_FACE('',(#931),#642,.F.);
#6660=ADVANCED_FACE('',(#932),#6417,.F.);
#6661=ADVANCED_FACE('',(#933),#6418,.F.);
#6662=ADVANCED_FACE('',(#934),#643,.F.);
#6663=ADVANCED_FACE('',(#935),#644,.F.);
#6664=ADVANCED_FACE('',(#936),#6419,.F.);
#6665=ADVANCED_FACE('',(#937),#645,.F.);
#6666=ADVANCED_FACE('',(#938),#646,.F.);
#6667=ADVANCED_FACE('',(#939),#647,.F.);
#6668=ADVANCED_FACE('',(#940),#648,.F.);
#6669=ADVANCED_FACE('',(#941),#649,.F.);
#6670=ADVANCED_FACE('',(#942),#650,.F.);
#6671=ADVANCED_FACE('',(#943),#651,.F.);
#6672=ADVANCED_FACE('',(#944),#6420,.F.);
#6673=ADVANCED_FACE('',(#945),#652,.F.);
#6674=ADVANCED_FACE('',(#946),#653,.F.);
#6675=ADVANCED_FACE('',(#947),#654,.F.);
#6676=ADVANCED_FACE('',(#948),#655,.F.);
#6677=ADVANCED_FACE('',(#949),#656,.F.);
#6678=ADVANCED_FACE('',(#950),#657,.F.);
#6679=ADVANCED_FACE('',(#951),#658,.F.);
#6680=ADVANCED_FACE('',(#952),#659,.F.);
#6681=ADVANCED_FACE('',(#953),#660,.F.);
#6682=ADVANCED_FACE('',(#954),#661,.F.);
#6683=ADVANCED_FACE('',(#955),#662,.F.);
#6684=ADVANCED_FACE('',(#956),#663,.F.);
#6685=ADVANCED_FACE('',(#957),#664,.F.);
#6686=ADVANCED_FACE('',(#958),#665,.F.);
#6687=ADVANCED_FACE('',(#959),#666,.F.);
#6688=ADVANCED_FACE('',(#960,#58),#6421,.T.);
#6689=ADVANCED_FACE('',(#961),#667,.F.);
#6690=ADVANCED_FACE('',(#962),#668,.F.);
#6691=ADVANCED_FACE('',(#963),#669,.F.);
#6692=ADVANCED_FACE('',(#964),#670,.F.);
#6693=ADVANCED_FACE('',(#965),#671,.F.);
#6694=ADVANCED_FACE('',(#966),#672,.F.);
#6695=ADVANCED_FACE('',(#967),#673,.F.);
#6696=ADVANCED_FACE('',(#968),#674,.F.);
#6697=ADVANCED_FACE('',(#969),#675,.F.);
#6698=ADVANCED_FACE('',(#970),#676,.F.);
#6699=ADVANCED_FACE('',(#971),#677,.F.);
#6700=ADVANCED_FACE('',(#972),#678,.F.);
#6701=ADVANCED_FACE('',(#973),#679,.F.);
#6702=ADVANCED_FACE('',(#974),#680,.F.);
#6703=ADVANCED_FACE('',(#975),#6422,.F.);
#6704=ADVANCED_FACE('',(#976),#681,.F.);
#6705=ADVANCED_FACE('',(#977),#682,.F.);
#6706=ADVANCED_FACE('',(#978),#683,.F.);
#6707=ADVANCED_FACE('',(#979),#684,.F.);
#6708=ADVANCED_FACE('',(#980),#685,.F.);
#6709=ADVANCED_FACE('',(#981),#686,.F.);
#6710=ADVANCED_FACE('',(#982),#687,.F.);
#6711=ADVANCED_FACE('',(#983),#688,.F.);
#6712=ADVANCED_FACE('',(#984),#689,.F.);
#6713=ADVANCED_FACE('',(#985),#690,.F.);
#6714=ADVANCED_FACE('',(#986),#691,.F.);
#6715=ADVANCED_FACE('',(#987),#692,.F.);
#6716=ADVANCED_FACE('',(#988),#693,.F.);
#6717=ADVANCED_FACE('',(#989),#694,.F.);
#6718=ADVANCED_FACE('',(#990),#695,.F.);
#6719=ADVANCED_FACE('',(#991),#696,.F.);
#6720=ADVANCED_FACE('',(#992),#6423,.F.);
#6721=ADVANCED_FACE('',(#993),#697,.F.);
#6722=ADVANCED_FACE('',(#994),#6424,.T.);
#6723=ADVANCED_FACE('',(#995),#698,.F.);
#6724=ADVANCED_FACE('',(#996),#699,.F.);
#6725=ADVANCED_FACE('',(#997),#700,.F.);
#6726=ADVANCED_FACE('',(#998),#6425,.F.);
#6727=ADVANCED_FACE('',(#999),#6426,.F.);
#6728=ADVANCED_FACE('',(#1000),#6427,.F.);
#6729=ADVANCED_FACE('',(#1001),#6428,.F.);
#6730=ADVANCED_FACE('',(#1002),#6429,.F.);
#6731=ADVANCED_FACE('',(#1003),#6430,.F.);
#6732=ADVANCED_FACE('',(#1004),#6431,.F.);
#6733=ADVANCED_FACE('',(#1005),#6432,.F.);
#6734=ADVANCED_FACE('',(#1006),#6433,.F.);
#6735=ADVANCED_FACE('',(#1007),#6434,.F.);
#6736=ADVANCED_FACE('',(#1008),#6435,.F.);
#6737=ADVANCED_FACE('',(#1009),#701,.F.);
#6738=ADVANCED_FACE('',(#1010),#702,.F.);
#6739=ADVANCED_FACE('',(#1011),#703,.F.);
#6740=ADVANCED_FACE('',(#1012),#704,.F.);
#6741=ADVANCED_FACE('',(#1013),#6436,.F.);
#6742=ADVANCED_FACE('',(#1014),#705,.F.);
#6743=ADVANCED_FACE('',(#1015),#6437,.T.);
#6744=ADVANCED_FACE('',(#1016),#706,.F.);
#6745=ADVANCED_FACE('',(#1017),#707,.F.);
#6746=ADVANCED_FACE('',(#1018),#708,.F.);
#6747=ADVANCED_FACE('',(#1019),#709,.F.);
#6748=ADVANCED_FACE('',(#1020),#710,.F.);
#6749=ADVANCED_FACE('',(#1021),#711,.F.);
#6750=ADVANCED_FACE('',(#1022),#712,.F.);
#6751=ADVANCED_FACE('',(#1023),#713,.F.);
#6752=ADVANCED_FACE('',(#1024),#714,.F.);
#6753=ADVANCED_FACE('',(#1025),#715,.F.);
#6754=ADVANCED_FACE('',(#1026),#716,.F.);
#6755=ADVANCED_FACE('',(#1027),#717,.F.);
#6756=ADVANCED_FACE('',(#1028),#6438,.F.);
#6757=ADVANCED_FACE('',(#1029),#6439,.F.);
#6758=ADVANCED_FACE('',(#1030),#6440,.F.);
#6759=ADVANCED_FACE('',(#1031),#718,.F.);
#6760=ADVANCED_FACE('',(#1032),#719,.F.);
#6761=ADVANCED_FACE('',(#1033),#720,.F.);
#6762=ADVANCED_FACE('',(#1034),#721,.F.);
#6763=ADVANCED_FACE('',(#1035),#722,.F.);
#6764=ADVANCED_FACE('',(#1036),#723,.F.);
#6765=ADVANCED_FACE('',(#1037),#724,.F.);
#6766=ADVANCED_FACE('',(#1038),#725,.F.);
#6767=ADVANCED_FACE('',(#1039),#726,.F.);
#6768=ADVANCED_FACE('',(#1040),#727,.F.);
#6769=ADVANCED_FACE('',(#1041),#728,.F.);
#6770=ADVANCED_FACE('',(#1042),#729,.F.);
#6771=ADVANCED_FACE('',(#1043),#6441,.F.);
#6772=ADVANCED_FACE('',(#1044),#730,.F.);
#6773=ADVANCED_FACE('',(#1045,#59),#6442,.T.);
#6774=ADVANCED_FACE('',(#1046),#6443,.F.);
#6775=ADVANCED_FACE('',(#1047),#6444,.F.);
#6776=ADVANCED_FACE('',(#1048),#6445,.F.);
#6777=ADVANCED_FACE('',(#1049),#6446,.F.);
#6778=ADVANCED_FACE('',(#1050),#6447,.F.);
#6779=ADVANCED_FACE('',(#1051),#6448,.F.);
#6780=ADVANCED_FACE('',(#1052),#731,.F.);
#6781=ADVANCED_FACE('',(#1053),#732,.F.);
#6782=ADVANCED_FACE('',(#1054),#733,.F.);
#6783=ADVANCED_FACE('',(#1055),#734,.F.);
#6784=ADVANCED_FACE('',(#1056),#735,.F.);
#6785=ADVANCED_FACE('',(#1057),#736,.F.);
#6786=ADVANCED_FACE('',(#1058),#6449,.F.);
#6787=ADVANCED_FACE('',(#1059),#6450,.F.);
#6788=ADVANCED_FACE('',(#1060),#6451,.F.);
#6789=ADVANCED_FACE('',(#1061),#737,.F.);
#6790=ADVANCED_FACE('',(#1062),#738,.F.);
#6791=ADVANCED_FACE('',(#1063),#739,.F.);
#6792=ADVANCED_FACE('',(#1064),#740,.F.);
#6793=ADVANCED_FACE('',(#1065),#741,.F.);
#6794=ADVANCED_FACE('',(#1066),#742,.F.);
#6795=ADVANCED_FACE('',(#1067),#743,.F.);
#6796=ADVANCED_FACE('',(#1068),#6452,.F.);
#6797=ADVANCED_FACE('',(#1069),#6453,.F.);
#6798=ADVANCED_FACE('',(#1070),#744,.F.);
#6799=ADVANCED_FACE('',(#1071),#745,.F.);
#6800=ADVANCED_FACE('',(#1072),#746,.F.);
#6801=ADVANCED_FACE('',(#1073),#747,.F.);
#6802=ADVANCED_FACE('',(#1074),#748,.F.);
#6803=ADVANCED_FACE('',(#1075),#749,.F.);
#6804=ADVANCED_FACE('',(#1076),#750,.F.);
#6805=ADVANCED_FACE('',(#1077),#751,.F.);
#6806=ADVANCED_FACE('',(#1078),#752,.F.);
#6807=ADVANCED_FACE('',(#1079),#753,.F.);
#6808=ADVANCED_FACE('',(#1080),#754,.F.);
#6809=ADVANCED_FACE('',(#1081),#6454,.F.);
#6810=ADVANCED_FACE('',(#1082),#6455,.F.);
#6811=ADVANCED_FACE('',(#1083),#6456,.F.);
#6812=ADVANCED_FACE('',(#1084,#60,#61),#6457,.T.);
#6813=ADVANCED_FACE('',(#1085,#62,#63,#64,#65,#66,#67,#68,#69,#70,#71,#72,
#73,#74,#75,#76,#77,#78,#79,#80),#6458,.F.);
#6814=ADVANCED_FACE('',(#1086),#6459,.F.);
#6815=ADVANCED_FACE('',(#1087),#6460,.F.);
#6816=ADVANCED_FACE('',(#1088),#6461,.F.);
#6817=ADVANCED_FACE('',(#1089),#6462,.F.);
#6818=ADVANCED_FACE('',(#1090),#6463,.F.);
#6819=ADVANCED_FACE('',(#1091),#6464,.F.);
#6820=ADVANCED_FACE('',(#1092),#19,.T.);
#6821=ADVANCED_FACE('',(#1093,#81,#82,#83,#84),#6465,.T.);
#6822=ADVANCED_FACE('',(#1094),#6466,.T.);
#6823=ADVANCED_FACE('',(#1095),#20,.T.);
#6824=ADVANCED_FACE('',(#1096),#21,.T.);
#6825=ADVANCED_FACE('',(#1097),#6467,.T.);
#6826=ADVANCED_FACE('',(#1098),#22,.T.);
#6827=ADVANCED_FACE('',(#1099),#6468,.F.);
#6828=ADVANCED_FACE('',(#1100),#6469,.F.);
#6829=ADVANCED_FACE('',(#1101),#6470,.F.);
#6830=ADVANCED_FACE('',(#1102),#6471,.T.);
#6831=ADVANCED_FACE('',(#1103),#6472,.T.);
#6832=ADVANCED_FACE('',(#1104),#6473,.T.);
#6833=ADVANCED_FACE('',(#1105),#23,.F.);
#6834=ADVANCED_FACE('',(#1106),#24,.F.);
#6835=ADVANCED_FACE('',(#1107),#25,.F.);
#6836=ADVANCED_FACE('',(#1108),#26,.F.);
#6837=ADVANCED_FACE('',(#1109),#6474,.T.);
#6838=ADVANCED_FACE('',(#1110),#6475,.T.);
#6839=ADVANCED_FACE('',(#1111),#6476,.T.);
#6840=ADVANCED_FACE('',(#1112),#6477,.T.);
#6841=ADVANCED_FACE('',(#1113),#6478,.F.);
#6842=ADVANCED_FACE('',(#1114),#27,.F.);
#6843=ADVANCED_FACE('',(#1115,#85),#6479,.F.);
#6844=ADVANCED_FACE('',(#1116),#28,.F.);
#6845=ADVANCED_FACE('',(#1117,#86),#6480,.F.);
#6846=ADVANCED_FACE('',(#1118),#29,.F.);
#6847=ADVANCED_FACE('',(#1119,#87),#6481,.F.);
#6848=ADVANCED_FACE('',(#1120),#30,.F.);
#6849=ADVANCED_FACE('',(#1121,#88),#6482,.F.);
#6850=CLOSED_SHELL('',(#6483,#6484,#6485,#6486,#6487,#6488,#6489,#6490,
#6491,#6492,#6493,#6494,#6495,#6496,#6497,#6498,#6499,#6500,#6501,#6502,
#6503,#6504,#6505,#6506,#6507,#6508,#6509,#6510,#6511,#6512,#6513,#6514,
#6515,#6516,#6517,#6518,#6519,#6520,#6521,#6522,#6523,#6524,#6525,#6526,
#6527,#6528,#6529,#6530,#6531,#6532,#6533,#6534,#6535,#6536,#6537,#6538,
#6539,#6540,#6541,#6542,#6543,#6544,#6545,#6546,#6547,#6548,#6549,#6550,
#6551,#6552,#6553,#6554,#6555,#6556,#6557,#6558,#6559,#6560,#6561,#6562,
#6563,#6564,#6565,#6566,#6567,#6568,#6569,#6570,#6571,#6572,#6573,#6574,
#6575,#6576,#6577,#6578,#6579,#6580,#6581,#6582,#6583,#6584,#6585,#6586,
#6587,#6588,#6589,#6590,#6591,#6592,#6593,#6594,#6595,#6596,#6597,#6598,
#6599,#6600,#6601,#6602,#6603,#6604,#6605,#6606,#6607,#6608,#6609,#6610,
#6611,#6612,#6613,#6614,#6615,#6616,#6617,#6618,#6619,#6620,#6621,#6622,
#6623,#6624,#6625,#6626,#6627,#6628,#6629,#6630,#6631,#6632,#6633,#6634,
#6635,#6636,#6637,#6638,#6639,#6640,#6641,#6642,#6643,#6644,#6645,#6646,
#6647,#6648,#6649,#6650,#6651,#6652,#6653,#6654,#6655,#6656,#6657,#6658,
#6659,#6660,#6661,#6662,#6663,#6664,#6665,#6666,#6667,#6668,#6669,#6670,
#6671,#6672,#6673,#6674,#6675,#6676,#6677,#6678,#6679,#6680,#6681,#6682,
#6683,#6684,#6685,#6686,#6687,#6688,#6689,#6690,#6691,#6692,#6693,#6694,
#6695,#6696,#6697,#6698,#6699,#6700,#6701,#6702,#6703,#6704,#6705,#6706,
#6707,#6708,#6709,#6710,#6711,#6712,#6713,#6714,#6715,#6716,#6717,#6718,
#6719,#6720,#6721,#6722,#6723,#6724,#6725,#6726,#6727,#6728,#6729,#6730,
#6731,#6732,#6733,#6734,#6735,#6736,#6737,#6738,#6739,#6740,#6741,#6742,
#6743,#6744,#6745,#6746,#6747,#6748,#6749,#6750,#6751,#6752,#6753,#6754,
#6755,#6756,#6757,#6758,#6759,#6760,#6761,#6762,#6763,#6764,#6765,#6766,
#6767,#6768,#6769,#6770,#6771,#6772,#6773,#6774,#6775,#6776,#6777,#6778,
#6779,#6780,#6781,#6782,#6783,#6784,#6785,#6786,#6787,#6788,#6789,#6790,
#6791,#6792,#6793,#6794,#6795,#6796,#6797,#6798,#6799,#6800,#6801,#6802,
#6803,#6804,#6805,#6806,#6807,#6808,#6809,#6810,#6811,#6812,#6813,#6814,
#6815,#6816,#6817,#6818,#6819,#6820,#6821,#6822,#6823,#6824,#6825,#6826,
#6827,#6828,#6829,#6830,#6831,#6832,#6833,#6834,#6835,#6836,#6837,#6838,
#6839,#6840,#6841,#6842,#6843,#6844,#6845,#6846,#6847,#6848,#6849));
#6851=DERIVED_UNIT_ELEMENT(#6853,1.);
#6852=DERIVED_UNIT_ELEMENT(#13774,-3.);
#6853=(
MASS_UNIT()
NAMED_UNIT(*)
SI_UNIT(.KILO.,.GRAM.)
);
#6854=DERIVED_UNIT((#6851,#6852));
#6855=MEASURE_REPRESENTATION_ITEM('density measure',
POSITIVE_RATIO_MEASURE(7850.),#6854);
#6856=PROPERTY_DEFINITION_REPRESENTATION(#6861,#6858);
#6857=PROPERTY_DEFINITION_REPRESENTATION(#6862,#6859);
#6858=REPRESENTATION('material name',(#6860),#13771);
#6859=REPRESENTATION('density',(#6855),#13771);
#6860=DESCRIPTIVE_REPRESENTATION_ITEM('Steel','Steel');
#6861=PROPERTY_DEFINITION('material property','material name',#13786);
#6862=PROPERTY_DEFINITION('material property','density of part',#13786);
#6863=AXIS2_PLACEMENT_3D('',#7928,#7035,#7036);
#6864=AXIS2_PLACEMENT_3D('',#7929,#7037,#7038);
#6865=AXIS2_PLACEMENT_3D('',#7930,#7039,#7040);
#6866=AXIS2_PLACEMENT_3D('',#8031,#7049,#7050);
#6867=AXIS2_PLACEMENT_3D('',#8106,#7057,#7058);
#6868=AXIS2_PLACEMENT_3D('',#8112,#7062,#7063);
#6869=AXIS2_PLACEMENT_3D('',#8118,#7067,#7068);
#6870=AXIS2_PLACEMENT_3D('',#8124,#7072,#7073);
#6871=AXIS2_PLACEMENT_3D('',#8127,#7076,#7077);
#6872=AXIS2_PLACEMENT_3D('',#8128,#7078,#7079);
#6873=AXIS2_PLACEMENT_3D('',#8137,#7084,#7085);
#6874=AXIS2_PLACEMENT_3D('',#8143,#7089,#7090);
#6875=AXIS2_PLACEMENT_3D('',#8149,#7094,#7095);
#6876=AXIS2_PLACEMENT_3D('',#8152,#7098,#7099);
#6877=AXIS2_PLACEMENT_3D('',#8153,#7100,#7101);
#6878=AXIS2_PLACEMENT_3D('',#8277,#7111,#7112);
#6879=AXIS2_PLACEMENT_3D('',#8283,#7116,#7117);
#6880=AXIS2_PLACEMENT_3D('',#8289,#7121,#7122);
#6881=AXIS2_PLACEMENT_3D('',#8387,#7130,#7131);
#6882=AXIS2_PLACEMENT_3D('',#8393,#7135,#7136);
#6883=AXIS2_PLACEMENT_3D('',#8399,#7140,#7141);
#6884=AXIS2_PLACEMENT_3D('',#8405,#7145,#7146);
#6885=AXIS2_PLACEMENT_3D('',#8408,#7149,#7150);
#6886=AXIS2_PLACEMENT_3D('',#8593,#7159,#7160);
#6887=AXIS2_PLACEMENT_3D('',#8602,#7165,#7166);
#6888=AXIS2_PLACEMENT_3D('',#8608,#7170,#7171);
#6889=AXIS2_PLACEMENT_3D('',#8821,#7184,#7185);
#6890=AXIS2_PLACEMENT_3D('',#8827,#7189,#7190);
#6891=AXIS2_PLACEMENT_3D('',#8830,#7193,#7194);
#6892=AXIS2_PLACEMENT_3D('',#8831,#7195,#7196);
#6893=AXIS2_PLACEMENT_3D('',#8840,#7201,#7202);
#6894=AXIS2_PLACEMENT_3D('',#8846,#7206,#7207);
#6895=AXIS2_PLACEMENT_3D('',#8852,#7211,#7212);
#6896=AXIS2_PLACEMENT_3D('',#8858,#7216,#7217);
#6897=AXIS2_PLACEMENT_3D('',#8864,#7221,#7222);
#6898=AXIS2_PLACEMENT_3D('',#8870,#7226,#7227);
#6899=AXIS2_PLACEMENT_3D('',#8876,#7231,#7232);
#6900=AXIS2_PLACEMENT_3D('',#8882,#7236,#7237);
#6901=AXIS2_PLACEMENT_3D('',#8888,#7241,#7242);
#6902=AXIS2_PLACEMENT_3D('',#8894,#7246,#7247);
#6903=AXIS2_PLACEMENT_3D('',#8900,#7251,#7252);
#6904=AXIS2_PLACEMENT_3D('',#8903,#7255,#7256);
#6905=AXIS2_PLACEMENT_3D('',#9068,#7265,#7266);
#6906=AXIS2_PLACEMENT_3D('',#9281,#7279,#7280);
#6907=AXIS2_PLACEMENT_3D('',#9307,#7284,#7285);
#6908=AXIS2_PLACEMENT_3D('',#9492,#7294,#7295);
#6909=AXIS2_PLACEMENT_3D('',#9731,#7310,#7311);
#6910=AXIS2_PLACEMENT_3D('',#9737,#7315,#7316);
#6911=AXIS2_PLACEMENT_3D('',#9743,#7320,#7321);
#6912=AXIS2_PLACEMENT_3D('',#9749,#7325,#7326);
#6913=AXIS2_PLACEMENT_3D('',#9752,#7329,#7330);
#6914=AXIS2_PLACEMENT_3D('',#9963,#7341,#7342);
#6915=AXIS2_PLACEMENT_3D('',#9966,#7345,#7346);
#6916=AXIS2_PLACEMENT_3D('',#10021,#7353,#7354);
#6917=AXIS2_PLACEMENT_3D('',#10188,#7365,#7366);
#6918=AXIS2_PLACEMENT_3D('',#10536,#7384,#7385);
#6919=AXIS2_PLACEMENT_3D('',#10537,#7386,#7387);
#6920=AXIS2_PLACEMENT_3D('',#10546,#7392,#7393);
#6921=AXIS2_PLACEMENT_3D('',#10552,#7397,#7398);
#6922=AXIS2_PLACEMENT_3D('',#10558,#7402,#7403);
#6923=AXIS2_PLACEMENT_3D('',#10564,#7407,#7408);
#6924=AXIS2_PLACEMENT_3D('',#10570,#7412,#7413);
#6925=AXIS2_PLACEMENT_3D('',#10576,#7417,#7418);
#6926=AXIS2_PLACEMENT_3D('',#10582,#7422,#7423);
#6927=AXIS2_PLACEMENT_3D('',#10588,#7427,#7428);
#6928=AXIS2_PLACEMENT_3D('',#10594,#7432,#7433);
#6929=AXIS2_PLACEMENT_3D('',#10600,#7437,#7438);
#6930=AXIS2_PLACEMENT_3D('',#10606,#7442,#7443);
#6931=AXIS2_PLACEMENT_3D('',#10609,#7446,#7447);
#6932=AXIS2_PLACEMENT_3D('',#10820,#7458,#7459);
#6933=AXIS2_PLACEMENT_3D('',#10823,#7462,#7463);
#6934=AXIS2_PLACEMENT_3D('',#10878,#7470,#7471);
#6935=AXIS2_PLACEMENT_3D('',#11045,#7482,#7483);
#6936=AXIS2_PLACEMENT_3D('',#11393,#7501,#7502);
#6937=AXIS2_PLACEMENT_3D('',#11719,#7518,#7519);
#6938=AXIS2_PLACEMENT_3D('',#12093,#7539,#7540);
#6939=AXIS2_PLACEMENT_3D('',#12119,#7544,#7545);
#6940=AXIS2_PLACEMENT_3D('',#12192,#7550,#7551);
#6941=AXIS2_PLACEMENT_3D('',#12198,#7555,#7556);
#6942=AXIS2_PLACEMENT_3D('',#12204,#7560,#7561);
#6943=AXIS2_PLACEMENT_3D('',#12210,#7565,#7566);
#6944=AXIS2_PLACEMENT_3D('',#12216,#7570,#7571);
#6945=AXIS2_PLACEMENT_3D('',#12222,#7575,#7576);
#6946=AXIS2_PLACEMENT_3D('',#12228,#7580,#7581);
#6947=AXIS2_PLACEMENT_3D('',#12234,#7585,#7586);
#6948=AXIS2_PLACEMENT_3D('',#12240,#7590,#7591);
#6949=AXIS2_PLACEMENT_3D('',#12246,#7595,#7596);
#6950=AXIS2_PLACEMENT_3D('',#12252,#7600,#7601);
#6951=AXIS2_PLACEMENT_3D('',#12350,#7609,#7610);
#6952=AXIS2_PLACEMENT_3D('',#12376,#7614,#7615);
#6953=AXIS2_PLACEMENT_3D('',#12656,#7629,#7630);
#6954=AXIS2_PLACEMENT_3D('',#12662,#7634,#7635);
#6955=AXIS2_PLACEMENT_3D('',#12668,#7639,#7640);
#6956=AXIS2_PLACEMENT_3D('',#12950,#7656,#7657);
#6957=AXIS2_PLACEMENT_3D('',#12976,#7661,#7662);
#6958=AXIS2_PLACEMENT_3D('',#12977,#7663,#7664);
#6959=AXIS2_PLACEMENT_3D('',#12986,#7669,#7670);
#6960=AXIS2_PLACEMENT_3D('',#12992,#7674,#7675);
#6961=AXIS2_PLACEMENT_3D('',#12998,#7679,#7680);
#6962=AXIS2_PLACEMENT_3D('',#13001,#7683,#7684);
#6963=AXIS2_PLACEMENT_3D('',#13002,#7685,#7686);
#6964=AXIS2_PLACEMENT_3D('',#13149,#7697,#7698);
#6965=AXIS2_PLACEMENT_3D('',#13155,#7702,#7703);
#6966=AXIS2_PLACEMENT_3D('',#13158,#7706,#7707);
#6967=AXIS2_PLACEMENT_3D('',#13328,#7719,#7720);
#6968=AXIS2_PLACEMENT_3D('',#13334,#7724,#7725);
#6969=AXIS2_PLACEMENT_3D('',#13593,#7740,#7741);
#6970=AXIS2_PLACEMENT_3D('',#13599,#7745,#7746);
#6971=AXIS2_PLACEMENT_3D('',#13605,#7750,#7751);
#6972=AXIS2_PLACEMENT_3D('',#13608,#7754,#7755);
#6973=AXIS2_PLACEMENT_3D('',#13609,#7756,#7757);
#6974=AXIS2_PLACEMENT_3D('',#13612,#7758,#7759);
#6975=AXIS2_PLACEMENT_3D('',#13616,#7761,#7762);
#6976=AXIS2_PLACEMENT_3D('',#13620,#7764,#7765);
#6977=AXIS2_PLACEMENT_3D('',#13624,#7767,#7768);
#6978=AXIS2_PLACEMENT_3D('',#13627,#7770,#7771);
#6979=AXIS2_PLACEMENT_3D('',#13629,#7772,#7773);
#6980=AXIS2_PLACEMENT_3D('',#13631,#7774,#7775);
#6981=AXIS2_PLACEMENT_3D('',#13633,#7776,#7777);
#6982=AXIS2_PLACEMENT_3D('',#13634,#7778,#7779);
#6983=AXIS2_PLACEMENT_3D('',#13635,#7780,#7781);
#6984=AXIS2_PLACEMENT_3D('',#13636,#7782,#7783);
#6985=AXIS2_PLACEMENT_3D('',#13637,#7784,#7785);
#6986=AXIS2_PLACEMENT_3D('',#13638,#7786,#7787);
#6987=AXIS2_PLACEMENT_3D('',#13639,#7788,#7789);
#6988=AXIS2_PLACEMENT_3D('',#13640,#7790,#7791);
#6989=AXIS2_PLACEMENT_3D('',#13643,#7792,#7793);
#6990=AXIS2_PLACEMENT_3D('',#13646,#7796,#7797);
#6991=AXIS2_PLACEMENT_3D('',#13650,#7799,#7800);
#6992=AXIS2_PLACEMENT_3D('',#13654,#7802,#7803);
#6993=AXIS2_PLACEMENT_3D('',#13674,#7813,#7814);
#6994=AXIS2_PLACEMENT_3D('',#13677,#7816,#7817);
#6995=AXIS2_PLACEMENT_3D('',#13679,#7818,#7819);
#6996=AXIS2_PLACEMENT_3D('',#13681,#7820,#7821);
#6997=AXIS2_PLACEMENT_3D('',#13683,#7822,#7823);
#6998=AXIS2_PLACEMENT_3D('',#13684,#7824,#7825);
#6999=AXIS2_PLACEMENT_3D('',#13686,#7827,#7828);
#7000=AXIS2_PLACEMENT_3D('',#13688,#7830,#7831);
#7001=AXIS2_PLACEMENT_3D('',#13691,#7834,#7835);
#7002=AXIS2_PLACEMENT_3D('',#13698,#7840,#7841);
#7003=AXIS2_PLACEMENT_3D('',#13700,#7843,#7844);
#7004=AXIS2_PLACEMENT_3D('',#13704,#7847,#7848);
#7005=AXIS2_PLACEMENT_3D('',#13708,#7851,#7852);
#7006=AXIS2_PLACEMENT_3D('',#13710,#7854,#7855);
#7007=AXIS2_PLACEMENT_3D('',#13719,#7860,#7861);
#7008=AXIS2_PLACEMENT_3D('',#13722,#7864,#7865);
#7009=AXIS2_PLACEMENT_3D('',#13724,#7867,#7868);
#7010=AXIS2_PLACEMENT_3D('',#13726,#7869,#7870);
#7011=AXIS2_PLACEMENT_3D('',#13728,#7872,#7873);
#7012=AXIS2_PLACEMENT_3D('',#13730,#7874,#7875);
#7013=AXIS2_PLACEMENT_3D('',#13732,#7877,#7878);
#7014=AXIS2_PLACEMENT_3D('',#13734,#7879,#7880);
#7015=AXIS2_PLACEMENT_3D('',#13736,#7882,#7883);
#7016=AXIS2_PLACEMENT_3D('',#13738,#7884,#7885);
#7017=AXIS2_PLACEMENT_3D('',#13740,#7887,#7888);
#7018=AXIS2_PLACEMENT_3D('',#13742,#7890,#7891);
#7019=AXIS2_PLACEMENT_3D('',#13743,#7892,#7893);
#7020=AXIS2_PLACEMENT_3D('',#13744,#7894,#7895);
#7021=AXIS2_PLACEMENT_3D('',#13745,#7896,#7897);
#7022=AXIS2_PLACEMENT_3D('',#13746,#7898,#7899);
#7023=AXIS2_PLACEMENT_3D('',#13749,#7901,#7902);
#7024=AXIS2_PLACEMENT_3D('',#13750,#7903,#7904);
#7025=AXIS2_PLACEMENT_3D('',#13751,#7905,#7906);
#7026=AXIS2_PLACEMENT_3D('',#13754,#7908,#7909);
#7027=AXIS2_PLACEMENT_3D('',#13755,#7910,#7911);
#7028=AXIS2_PLACEMENT_3D('',#13756,#7912,#7913);
#7029=AXIS2_PLACEMENT_3D('',#13759,#7915,#7916);
#7030=AXIS2_PLACEMENT_3D('',#13760,#7917,#7918);
#7031=AXIS2_PLACEMENT_3D('',#13761,#7919,#7920);
#7032=AXIS2_PLACEMENT_3D('',#13764,#7922,#7923);
#7033=AXIS2_PLACEMENT_3D('',#13765,#7924,#7925);
#7034=AXIS2_PLACEMENT_3D('',#13766,#7926,#7927);
#7035=DIRECTION('axis',(0.,0.,1.));
#7036=DIRECTION('refdir',(1.,0.,0.));
#7037=DIRECTION('axis',(0.,0.,1.));
#7038=DIRECTION('refdir',(1.,0.,0.));
#7039=DIRECTION('center_axis',(1.,0.,0.));
#7040=DIRECTION('ref_axis',(0.,1.,0.));
#7041=DIRECTION('',(0.,1.,0.));
#7042=DIRECTION('',(0.,0.,1.));
#7043=DIRECTION('',(0.,1.,0.));
#7044=DIRECTION('',(0.,0.,1.));
#7045=DIRECTION('',(0.,0.,1.));
#7046=DIRECTION('',(0.,0.,1.));
#7047=DIRECTION('',(0.,0.,1.));
#7048=DIRECTION('',(0.,0.,1.));
#7049=DIRECTION('center_axis',(0.937477791315774,0.348045098787066,0.));
#7050=DIRECTION('ref_axis',(-0.348045098787066,0.937477791315774,0.));
#7051=DIRECTION('',(-0.348045098787066,0.937477791315774,0.));
#7052=DIRECTION('',(0.,0.,1.));
#7053=DIRECTION('',(-0.348045098787066,0.937477791315774,0.));
#7054=DIRECTION('',(0.,0.,1.));
#7055=DIRECTION('',(0.,0.,1.));
#7056=DIRECTION('',(0.,0.,1.));
#7057=DIRECTION('center_axis',(1.,0.,0.));
#7058=DIRECTION('ref_axis',(0.,1.,0.));
#7059=DIRECTION('',(0.,1.,0.));
#7060=DIRECTION('',(0.,0.,1.));
#7061=DIRECTION('',(0.,1.,0.));
#7062=DIRECTION('center_axis',(0.,-1.,0.));
#7063=DIRECTION('ref_axis',(1.,0.,0.));
#7064=DIRECTION('',(1.,0.,0.));
#7065=DIRECTION('',(0.,0.,1.));
#7066=DIRECTION('',(1.,0.,0.));
#7067=DIRECTION('center_axis',(-1.,0.,0.));
#7068=DIRECTION('ref_axis',(0.,-1.,0.));
#7069=DIRECTION('',(0.,-1.,0.));
#7070=DIRECTION('',(0.,0.,1.));
#7071=DIRECTION('',(0.,-1.,0.));
#7072=DIRECTION('center_axis',(0.,1.,0.));
#7073=DIRECTION('ref_axis',(-1.,0.,0.));
#7074=DIRECTION('',(-1.,0.,0.));
#7075=DIRECTION('',(-1.,0.,0.));
#7076=DIRECTION('center_axis',(0.,0.,-1.));
#7077=DIRECTION('ref_axis',(-1.,0.,0.));
#7078=DIRECTION('center_axis',(1.,0.,0.));
#7079=DIRECTION('ref_axis',(0.,1.,0.));
#7080=DIRECTION('',(0.,1.,0.));
#7081=DIRECTION('',(0.,0.,1.));
#7082=DIRECTION('',(0.,1.,0.));
#7083=DIRECTION('',(0.,0.,1.));
#7084=DIRECTION('center_axis',(0.,-1.,0.));
#7085=DIRECTION('ref_axis',(1.,0.,0.));
#7086=DIRECTION('',(1.,0.,0.));
#7087=DIRECTION('',(0.,0.,1.));
#7088=DIRECTION('',(1.,0.,0.));
#7089=DIRECTION('center_axis',(-1.,0.,0.));
#7090=DIRECTION('ref_axis',(0.,-1.,0.));
#7091=DIRECTION('',(0.,-1.,0.));
#7092=DIRECTION('',(0.,0.,1.));
#7093=DIRECTION('',(0.,-1.,0.));
#7094=DIRECTION('center_axis',(0.,1.,0.));
#7095=DIRECTION('ref_axis',(-1.,0.,0.));
#7096=DIRECTION('',(-1.,0.,0.));
#7097=DIRECTION('',(-1.,0.,0.));
#7098=DIRECTION('center_axis',(0.,0.,1.));
#7099=DIRECTION('ref_axis',(1.,0.,0.));
#7100=DIRECTION('center_axis',(1.,0.,0.));
#7101=DIRECTION('ref_axis',(0.,1.,0.));
#7102=DIRECTION('',(0.,1.,0.));
#7103=DIRECTION('',(0.,0.,1.));
#7104=DIRECTION('',(0.,1.,0.));
#7105=DIRECTION('',(0.,0.,1.));
#7106=DIRECTION('',(0.,0.,1.));
#7107=DIRECTION('',(0.,0.,1.));
#7108=DIRECTION('',(0.,0.,1.));
#7109=DIRECTION('',(0.,0.,1.));
#7110=DIRECTION('',(0.,0.,1.));
#7111=DIRECTION('center_axis',(-1.,0.,0.));
#7112=DIRECTION('ref_axis',(0.,-1.,0.));
#7113=DIRECTION('',(0.,-1.,0.));
#7114=DIRECTION('',(0.,0.,1.));
#7115=DIRECTION('',(0.,-1.,0.));
#7116=DIRECTION('center_axis',(0.,1.,0.));
#7117=DIRECTION('ref_axis',(-1.,0.,0.));
#7118=DIRECTION('',(-1.,0.,0.));
#7119=DIRECTION('',(0.,0.,1.));
#7120=DIRECTION('',(-1.,0.,0.));
#7121=DIRECTION('center_axis',(1.,0.,0.));
#7122=DIRECTION('ref_axis',(0.,1.,0.));
#7123=DIRECTION('',(0.,1.,0.));
#7124=DIRECTION('',(0.,0.,1.));
#7125=DIRECTION('',(0.,1.,0.));
#7126=DIRECTION('',(0.,0.,1.));
#7127=DIRECTION('',(0.,0.,1.));
#7128=DIRECTION('',(0.,0.,1.));
#7129=DIRECTION('',(0.,0.,1.));
#7130=DIRECTION('center_axis',(1.,0.,0.));
#7131=DIRECTION('ref_axis',(0.,1.,0.));
#7132=DIRECTION('',(0.,1.,0.));
#7133=DIRECTION('',(0.,0.,1.));
#7134=DIRECTION('',(0.,1.,0.));
#7135=DIRECTION('center_axis',(0.,-1.,0.));
#7136=DIRECTION('ref_axis',(1.,0.,0.));
#7137=DIRECTION('',(1.,0.,0.));
#7138=DIRECTION('',(0.,0.,1.));
#7139=DIRECTION('',(1.,0.,0.));
#7140=DIRECTION('center_axis',(-1.,0.,0.));
#7141=DIRECTION('ref_axis',(0.,-1.,0.));
#7142=DIRECTION('',(0.,-1.,0.));
#7143=DIRECTION('',(0.,0.,1.));
#7144=DIRECTION('',(0.,-1.,0.));
#7145=DIRECTION('center_axis',(0.,1.,0.));
#7146=DIRECTION('ref_axis',(-1.,0.,0.));
#7147=DIRECTION('',(-1.,0.,0.));
#7148=DIRECTION('',(-1.,0.,0.));
#7149=DIRECTION('center_axis',(0.,0.,-1.));
#7150=DIRECTION('ref_axis',(-1.,0.,0.));
#7151=DIRECTION('',(0.,0.,1.));
#7152=DIRECTION('',(0.,0.,1.));
#7153=DIRECTION('',(0.,0.,1.));
#7154=DIRECTION('',(0.,0.,1.));
#7155=DIRECTION('',(0.,0.,1.));
#7156=DIRECTION('',(0.,0.,1.));
#7157=DIRECTION('',(0.,0.,1.));
#7158=DIRECTION('',(0.,0.,1.));
#7159=DIRECTION('center_axis',(1.,0.,0.));
#7160=DIRECTION('ref_axis',(0.,1.,0.));
#7161=DIRECTION('',(0.,1.,0.));
#7162=DIRECTION('',(0.,0.,1.));
#7163=DIRECTION('',(0.,1.,0.));
#7164=DIRECTION('',(0.,0.,1.));
#7165=DIRECTION('center_axis',(0.,-1.,0.));
#7166=DIRECTION('ref_axis',(1.,0.,0.));
#7167=DIRECTION('',(1.,0.,0.));
#7168=DIRECTION('',(0.,0.,1.));
#7169=DIRECTION('',(1.,0.,0.));
#7170=DIRECTION('center_axis',(-1.,0.,0.));
#7171=DIRECTION('ref_axis',(0.,-1.,0.));
#7172=DIRECTION('',(0.,-1.,0.));
#7173=DIRECTION('',(0.,0.,1.));
#7174=DIRECTION('',(0.,-1.,0.));
#7175=DIRECTION('',(0.,0.,1.));
#7176=DIRECTION('',(0.,0.,1.));
#7177=DIRECTION('',(0.,0.,1.));
#7178=DIRECTION('',(0.,0.,1.));
#7179=DIRECTION('',(0.,0.,1.));
#7180=DIRECTION('',(0.,0.,1.));
#7181=DIRECTION('',(0.,0.,1.));
#7182=DIRECTION('',(0.,0.,1.));
#7183=DIRECTION('',(0.,0.,1.));
#7184=DIRECTION('center_axis',(-1.,0.,0.));
#7185=DIRECTION('ref_axis',(0.,-1.,0.));
#7186=DIRECTION('',(0.,-1.,0.));
#7187=DIRECTION('',(0.,0.,1.));
#7188=DIRECTION('',(0.,-1.,0.));
#7189=DIRECTION('center_axis',(0.,1.,0.));
#7190=DIRECTION('ref_axis',(-1.,0.,0.));
#7191=DIRECTION('',(-1.,0.,0.));
#7192=DIRECTION('',(-1.,0.,0.));
#7193=DIRECTION('center_axis',(0.,0.,-1.));
#7194=DIRECTION('ref_axis',(-1.,0.,0.));
#7195=DIRECTION('center_axis',(1.,0.,0.));
#7196=DIRECTION('ref_axis',(0.,1.,0.));
#7197=DIRECTION('',(0.,1.,0.));
#7198=DIRECTION('',(0.,0.,1.));
#7199=DIRECTION('',(0.,1.,0.));
#7200=DIRECTION('',(0.,0.,1.));
#7201=DIRECTION('center_axis',(0.,1.,0.));
#7202=DIRECTION('ref_axis',(-1.,0.,0.));
#7203=DIRECTION('',(-1.,0.,0.));
#7204=DIRECTION('',(0.,0.,1.));
#7205=DIRECTION('',(-1.,0.,0.));
#7206=DIRECTION('center_axis',(-1.,0.,0.));
#7207=DIRECTION('ref_axis',(0.,-1.,0.));
#7208=DIRECTION('',(0.,-1.,0.));
#7209=DIRECTION('',(0.,0.,1.));
#7210=DIRECTION('',(0.,-1.,0.));
#7211=DIRECTION('center_axis',(0.,1.,0.));
#7212=DIRECTION('ref_axis',(-1.,0.,0.));
#7213=DIRECTION('',(-1.,0.,0.));
#7214=DIRECTION('',(0.,0.,1.));
#7215=DIRECTION('',(-1.,0.,0.));
#7216=DIRECTION('center_axis',(1.,0.,0.));
#7217=DIRECTION('ref_axis',(0.,1.,0.));
#7218=DIRECTION('',(0.,1.,0.));
#7219=DIRECTION('',(0.,0.,1.));
#7220=DIRECTION('',(0.,1.,0.));
#7221=DIRECTION('center_axis',(0.,-1.,0.));
#7222=DIRECTION('ref_axis',(1.,0.,0.));
#7223=DIRECTION('',(1.,0.,0.));
#7224=DIRECTION('',(0.,0.,1.));
#7225=DIRECTION('',(1.,0.,0.));
#7226=DIRECTION('center_axis',(-1.,0.,0.));
#7227=DIRECTION('ref_axis',(0.,-1.,0.));
#7228=DIRECTION('',(0.,-1.,0.));
#7229=DIRECTION('',(0.,0.,1.));
#7230=DIRECTION('',(0.,-1.,0.));
#7231=DIRECTION('center_axis',(0.,-1.,0.));
#7232=DIRECTION('ref_axis',(1.,0.,0.));
#7233=DIRECTION('',(1.,0.,0.));
#7234=DIRECTION('',(0.,0.,1.));
#7235=DIRECTION('',(1.,0.,0.));
#7236=DIRECTION('center_axis',(1.,0.,0.));
#7237=DIRECTION('ref_axis',(0.,1.,0.));
#7238=DIRECTION('',(0.,1.,0.));
#7239=DIRECTION('',(0.,0.,1.));
#7240=DIRECTION('',(0.,1.,0.));
#7241=DIRECTION('center_axis',(0.,-1.,0.));
#7242=DIRECTION('ref_axis',(1.,0.,0.));
#7243=DIRECTION('',(1.,0.,0.));
#7244=DIRECTION('',(0.,0.,1.));
#7245=DIRECTION('',(1.,0.,0.));
#7246=DIRECTION('center_axis',(-1.,0.,0.));
#7247=DIRECTION('ref_axis',(0.,-1.,0.));
#7248=DIRECTION('',(0.,-1.,0.));
#7249=DIRECTION('',(0.,0.,1.));
#7250=DIRECTION('',(0.,-1.,0.));
#7251=DIRECTION('center_axis',(0.,1.,0.));
#7252=DIRECTION('ref_axis',(-1.,0.,0.));
#7253=DIRECTION('',(-1.,0.,0.));
#7254=DIRECTION('',(-1.,0.,0.));
#7255=DIRECTION('center_axis',(0.,0.,1.));
#7256=DIRECTION('ref_axis',(1.,0.,0.));
#7257=DIRECTION('',(0.,0.,1.));
#7258=DIRECTION('',(0.,0.,1.));
#7259=DIRECTION('',(0.,0.,1.));
#7260=DIRECTION('',(0.,0.,1.));
#7261=DIRECTION('',(0.,0.,1.));
#7262=DIRECTION('',(0.,0.,1.));
#7263=DIRECTION('',(0.,0.,1.));
#7264=DIRECTION('',(0.,0.,1.));
#7265=DIRECTION('center_axis',(0.152481638006134,0.98830630376972,0.));
#7266=DIRECTION('ref_axis',(-0.98830630376972,0.152481638006134,0.));
#7267=DIRECTION('',(-0.98830630376972,0.152481638006134,0.));
#7268=DIRECTION('',(0.,0.,1.));
#7269=DIRECTION('',(-0.98830630376972,0.152481638006134,0.));
#7270=DIRECTION('',(0.,0.,1.));
#7271=DIRECTION('',(0.,0.,1.));
#7272=DIRECTION('',(0.,0.,1.));
#7273=DIRECTION('',(0.,0.,1.));
#7274=DIRECTION('',(0.,0.,1.));
#7275=DIRECTION('',(0.,0.,1.));
#7276=DIRECTION('',(0.,0.,1.));
#7277=DIRECTION('',(0.,0.,1.));
#7278=DIRECTION('',(0.,0.,1.));
#7279=DIRECTION('center_axis',(0.128859962753275,-0.991662800552297,0.));
#7280=DIRECTION('ref_axis',(0.991662800552297,0.128859962753275,0.));
#7281=DIRECTION('',(0.991662800552297,0.128859962753275,0.));
#7282=DIRECTION('',(0.,0.,1.));
#7283=DIRECTION('',(0.991662800552297,0.128859962753275,0.));
#7284=DIRECTION('center_axis',(0.,0.,-1.));
#7285=DIRECTION('ref_axis',(-1.,0.,0.));
#7286=DIRECTION('',(0.,0.,1.));
#7287=DIRECTION('',(0.,0.,1.));
#7288=DIRECTION('',(0.,0.,1.));
#7289=DIRECTION('',(0.,0.,1.));
#7290=DIRECTION('',(0.,0.,1.));
#7291=DIRECTION('',(0.,0.,1.));
#7292=DIRECTION('',(0.,0.,1.));
#7293=DIRECTION('',(0.,0.,1.));
#7294=DIRECTION('center_axis',(1.,0.,0.));
#7295=DIRECTION('ref_axis',(0.,1.,0.));
#7296=DIRECTION('',(0.,1.,0.));
#7297=DIRECTION('',(0.,0.,1.));
#7298=DIRECTION('',(0.,1.,0.));
#7299=DIRECTION('',(0.,0.,1.));
#7300=DIRECTION('',(0.,0.,1.));
#7301=DIRECTION('',(0.,0.,1.));
#7302=DIRECTION('',(0.,0.,1.));
#7303=DIRECTION('',(0.,0.,1.));
#7304=DIRECTION('',(0.,0.,1.));
#7305=DIRECTION('',(0.,0.,1.));
#7306=DIRECTION('',(0.,0.,1.));
#7307=DIRECTION('',(0.,0.,1.));
#7308=DIRECTION('',(0.,0.,1.));
#7309=DIRECTION('',(0.,0.,1.));
#7310=DIRECTION('center_axis',(1.,0.,0.));
#7311=DIRECTION('ref_axis',(0.,1.,0.));
#7312=DIRECTION('',(0.,1.,0.));
#7313=DIRECTION('',(0.,0.,1.));
#7314=DIRECTION('',(0.,1.,0.));
#7315=DIRECTION('center_axis',(0.,-1.,0.));
#7316=DIRECTION('ref_axis',(1.,0.,0.));
#7317=DIRECTION('',(1.,0.,0.));
#7318=DIRECTION('',(0.,0.,1.));
#7319=DIRECTION('',(1.,0.,0.));
#7320=DIRECTION('center_axis',(-1.,0.,0.));
#7321=DIRECTION('ref_axis',(0.,-1.,0.));
#7322=DIRECTION('',(0.,-1.,0.));
#7323=DIRECTION('',(0.,0.,1.));
#7324=DIRECTION('',(0.,-1.,0.));
#7325=DIRECTION('center_axis',(0.,1.,0.));
#7326=DIRECTION('ref_axis',(-1.,0.,0.));
#7327=DIRECTION('',(-1.,0.,0.));
#7328=DIRECTION('',(-1.,0.,0.));
#7329=DIRECTION('center_axis',(0.,0.,-1.));
#7330=DIRECTION('ref_axis',(-1.,0.,0.));
#7331=DIRECTION('',(0.,0.,1.));
#7332=DIRECTION('',(0.,0.,1.));
#7333=DIRECTION('',(0.,0.,1.));
#7334=DIRECTION('',(0.,0.,1.));
#7335=DIRECTION('',(0.,0.,1.));
#7336=DIRECTION('',(0.,0.,1.));
#7337=DIRECTION('',(0.,0.,1.));
#7338=DIRECTION('',(0.,0.,1.));
#7339=DIRECTION('',(0.,0.,1.));
#7340=DIRECTION('',(0.,0.,1.));
#7341=DIRECTION('center_axis',(-1.,0.,0.));
#7342=DIRECTION('ref_axis',(0.,-1.,0.));
#7343=DIRECTION('',(0.,-1.,0.));
#7344=DIRECTION('',(0.,-1.,0.));
#7345=DIRECTION('center_axis',(0.,1.,0.));
#7346=DIRECTION('ref_axis',(-1.,0.,0.));
#7347=DIRECTION('',(-1.,0.,0.));
#7348=DIRECTION('',(0.,0.,1.));
#7349=DIRECTION('',(-1.,0.,0.));
#7350=DIRECTION('',(0.,0.,1.));
#7351=DIRECTION('',(0.,0.,1.));
#7352=DIRECTION('',(0.,0.,1.));
#7353=DIRECTION('center_axis',(1.,0.,0.));
#7354=DIRECTION('ref_axis',(0.,1.,0.));
#7355=DIRECTION('',(0.,1.,0.));
#7356=DIRECTION('',(0.,0.,1.));
#7357=DIRECTION('',(0.,1.,0.));
#7358=DIRECTION('',(0.,0.,1.));
#7359=DIRECTION('',(0.,0.,1.));
#7360=DIRECTION('',(0.,0.,1.));
#7361=DIRECTION('',(0.,0.,1.));
#7362=DIRECTION('',(0.,0.,1.));
#7363=DIRECTION('',(0.,0.,1.));
#7364=DIRECTION('',(0.,0.,1.));
#7365=DIRECTION('center_axis',(-0.135114009647347,0.990830058282961,0.));
#7366=DIRECTION('ref_axis',(-0.990830058282961,-0.135114009647347,0.));
#7367=DIRECTION('',(-0.990830058282961,-0.135114009647347,0.));
#7368=DIRECTION('',(0.,0.,1.));
#7369=DIRECTION('',(-0.990830058282961,-0.135114009647347,0.));
#7370=DIRECTION('',(0.,0.,1.));
#7371=DIRECTION('',(0.,0.,1.));
#7372=DIRECTION('',(0.,0.,1.));
#7373=DIRECTION('',(0.,0.,1.));
#7374=DIRECTION('',(0.,0.,1.));
#7375=DIRECTION('',(0.,0.,1.));
#7376=DIRECTION('',(0.,0.,1.));
#7377=DIRECTION('',(0.,0.,1.));
#7378=DIRECTION('',(0.,0.,1.));
#7379=DIRECTION('',(0.,0.,1.));
#7380=DIRECTION('',(0.,0.,1.));
#7381=DIRECTION('',(0.,0.,1.));
#7382=DIRECTION('',(0.,0.,1.));
#7383=DIRECTION('',(0.,0.,1.));
#7384=DIRECTION('center_axis',(0.,0.,-1.));
#7385=DIRECTION('ref_axis',(-1.,0.,0.));
#7386=DIRECTION('center_axis',(1.,0.,0.));
#7387=DIRECTION('ref_axis',(0.,1.,0.));
#7388=DIRECTION('',(0.,1.,0.));
#7389=DIRECTION('',(0.,0.,1.));
#7390=DIRECTION('',(0.,1.,0.));
#7391=DIRECTION('',(0.,0.,1.));
#7392=DIRECTION('center_axis',(0.692768882618535,0.721159673911032,0.));
#7393=DIRECTION('ref_axis',(-0.721159673911032,0.692768882618535,0.));
#7394=DIRECTION('',(-0.721159673911032,0.692768882618535,0.));
#7395=DIRECTION('',(0.,0.,1.));
#7396=DIRECTION('',(-0.721159673911032,0.692768882618535,0.));
#7397=DIRECTION('center_axis',(-0.839818989019206,0.542866526581589,0.));
#7398=DIRECTION('ref_axis',(-0.542866526581589,-0.839818989019206,0.));
#7399=DIRECTION('',(-0.542866526581589,-0.839818989019206,0.));
#7400=DIRECTION('',(0.,0.,1.));
#7401=DIRECTION('',(-0.542866526581589,-0.839818989019206,0.));
#7402=DIRECTION('center_axis',(0.,1.,0.));
#7403=DIRECTION('ref_axis',(-1.,0.,0.));
#7404=DIRECTION('',(-1.,0.,0.));
#7405=DIRECTION('',(0.,0.,1.));
#7406=DIRECTION('',(-1.,0.,0.));
#7407=DIRECTION('center_axis',(0.831092175083736,-0.556134692780971,0.));
#7408=DIRECTION('ref_axis',(0.556134692780971,0.831092175083736,0.));
#7409=DIRECTION('',(0.556134692780971,0.831092175083736,0.));
#7410=DIRECTION('',(0.,0.,1.));
#7411=DIRECTION('',(0.556134692780971,0.831092175083736,0.));
#7412=DIRECTION('center_axis',(0.696422136822378,0.717632362246682,0.));
#7413=DIRECTION('ref_axis',(-0.717632362246682,0.696422136822378,0.));
#7414=DIRECTION('',(-0.717632362246682,0.696422136822378,0.));
#7415=DIRECTION('',(0.,0.,1.));
#7416=DIRECTION('',(-0.717632362246682,0.696422136822378,0.));
#7417=DIRECTION('center_axis',(0.,-1.,0.));
#7418=DIRECTION('ref_axis',(1.,0.,0.));
#7419=DIRECTION('',(1.,0.,0.));
#7420=DIRECTION('',(0.,0.,1.));
#7421=DIRECTION('',(1.,0.,0.));
#7422=DIRECTION('center_axis',(-0.712034694930193,-0.702144282334954,0.));
#7423=DIRECTION('ref_axis',(0.702144282334954,-0.712034694930193,0.));
#7424=DIRECTION('',(0.702144282334954,-0.712034694930193,0.));
#7425=DIRECTION('',(0.,0.,1.));
#7426=DIRECTION('',(0.702144282334954,-0.712034694930193,0.));
#7427=DIRECTION('center_axis',(1.,0.,0.));
#7428=DIRECTION('ref_axis',(0.,1.,0.));
#7429=DIRECTION('',(0.,1.,0.));
#7430=DIRECTION('',(0.,0.,1.));
#7431=DIRECTION('',(0.,1.,0.));
#7432=DIRECTION('center_axis',(0.,-1.,0.));
#7433=DIRECTION('ref_axis',(1.,0.,0.));
#7434=DIRECTION('',(1.,0.,0.));
#7435=DIRECTION('',(0.,0.,1.));
#7436=DIRECTION('',(1.,0.,0.));
#7437=DIRECTION('center_axis',(-1.,0.,0.));
#7438=DIRECTION('ref_axis',(0.,-1.,0.));
#7439=DIRECTION('',(0.,-1.,0.));
#7440=DIRECTION('',(0.,0.,1.));
#7441=DIRECTION('',(0.,-1.,0.));
#7442=DIRECTION('center_axis',(0.,1.,0.));
#7443=DIRECTION('ref_axis',(-1.,0.,0.));
#7444=DIRECTION('',(-1.,0.,0.));
#7445=DIRECTION('',(-1.,0.,0.));
#7446=DIRECTION('center_axis',(0.,0.,1.));
#7447=DIRECTION('ref_axis',(1.,0.,0.));
#7448=DIRECTION('',(0.,0.,1.));
#7449=DIRECTION('',(0.,0.,1.));
#7450=DIRECTION('',(0.,0.,1.));
#7451=DIRECTION('',(0.,0.,1.));
#7452=DIRECTION('',(0.,0.,1.));
#7453=DIRECTION('',(0.,0.,1.));
#7454=DIRECTION('',(0.,0.,1.));
#7455=DIRECTION('',(0.,0.,1.));
#7456=DIRECTION('',(0.,0.,1.));
#7457=DIRECTION('',(0.,0.,1.));
#7458=DIRECTION('center_axis',(-1.,0.,0.));
#7459=DIRECTION('ref_axis',(0.,-1.,0.));
#7460=DIRECTION('',(0.,-1.,0.));
#7461=DIRECTION('',(0.,-1.,0.));
#7462=DIRECTION('center_axis',(0.,1.,0.));
#7463=DIRECTION('ref_axis',(-1.,0.,0.));
#7464=DIRECTION('',(-1.,0.,0.));
#7465=DIRECTION('',(0.,0.,1.));
#7466=DIRECTION('',(-1.,0.,0.));
#7467=DIRECTION('',(0.,0.,1.));
#7468=DIRECTION('',(0.,0.,1.));
#7469=DIRECTION('',(0.,0.,1.));
#7470=DIRECTION('center_axis',(1.,0.,0.));
#7471=DIRECTION('ref_axis',(0.,1.,0.));
#7472=DIRECTION('',(0.,1.,0.));
#7473=DIRECTION('',(0.,0.,1.));
#7474=DIRECTION('',(0.,1.,0.));
#7475=DIRECTION('',(0.,0.,1.));
#7476=DIRECTION('',(0.,0.,1.));
#7477=DIRECTION('',(0.,0.,1.));
#7478=DIRECTION('',(0.,0.,1.));
#7479=DIRECTION('',(0.,0.,1.));
#7480=DIRECTION('',(0.,0.,1.));
#7481=DIRECTION('',(0.,0.,1.));
#7482=DIRECTION('center_axis',(-0.135114009647347,0.990830058282961,0.));
#7483=DIRECTION('ref_axis',(-0.990830058282961,-0.135114009647347,0.));
#7484=DIRECTION('',(-0.990830058282961,-0.135114009647347,0.));
#7485=DIRECTION('',(0.,0.,1.));
#7486=DIRECTION('',(-0.990830058282961,-0.135114009647347,0.));
#7487=DIRECTION('',(0.,0.,1.));
#7488=DIRECTION('',(0.,0.,1.));
#7489=DIRECTION('',(0.,0.,1.));
#7490=DIRECTION('',(0.,0.,1.));
#7491=DIRECTION('',(0.,0.,1.));
#7492=DIRECTION('',(0.,0.,1.));
#7493=DIRECTION('',(0.,0.,1.));
#7494=DIRECTION('',(0.,0.,1.));
#7495=DIRECTION('',(0.,0.,1.));
#7496=DIRECTION('',(0.,0.,1.));
#7497=DIRECTION('',(0.,0.,1.));
#7498=DIRECTION('',(0.,0.,1.));
#7499=DIRECTION('',(0.,0.,1.));
#7500=DIRECTION('',(0.,0.,1.));
#7501=DIRECTION('center_axis',(0.,0.,-1.));
#7502=DIRECTION('ref_axis',(-1.,0.,0.));
#7503=DIRECTION('',(0.,0.,1.));
#7504=DIRECTION('',(0.,0.,1.));
#7505=DIRECTION('',(0.,0.,1.));
#7506=DIRECTION('',(0.,0.,1.));
#7507=DIRECTION('',(0.,0.,1.));
#7508=DIRECTION('',(0.,0.,1.));
#7509=DIRECTION('',(0.,0.,1.));
#7510=DIRECTION('',(0.,0.,1.));
#7511=DIRECTION('',(0.,0.,1.));
#7512=DIRECTION('',(0.,0.,1.));
#7513=DIRECTION('',(0.,0.,1.));
#7514=DIRECTION('',(0.,0.,1.));
#7515=DIRECTION('',(0.,0.,1.));
#7516=DIRECTION('',(0.,0.,1.));
#7517=DIRECTION('',(0.,0.,1.));
#7518=DIRECTION('center_axis',(0.135112729105317,0.990830232902546,0.));
#7519=DIRECTION('ref_axis',(-0.990830232902546,0.135112729105317,0.));
#7520=DIRECTION('',(-0.990830232902546,0.135112729105317,0.));
#7521=DIRECTION('',(0.,0.,1.));
#7522=DIRECTION('',(-0.990830232902546,0.135112729105317,0.));
#7523=DIRECTION('',(0.,0.,1.));
#7524=DIRECTION('',(0.,0.,1.));
#7525=DIRECTION('',(0.,0.,1.));
#7526=DIRECTION('',(0.,0.,1.));
#7527=DIRECTION('',(0.,0.,1.));
#7528=DIRECTION('',(0.,0.,1.));
#7529=DIRECTION('',(0.,0.,1.));
#7530=DIRECTION('',(0.,0.,1.));
#7531=DIRECTION('',(0.,0.,1.));
#7532=DIRECTION('',(0.,0.,1.));
#7533=DIRECTION('',(0.,0.,1.));
#7534=DIRECTION('',(0.,0.,1.));
#7535=DIRECTION('',(0.,0.,1.));
#7536=DIRECTION('',(0.,0.,1.));
#7537=DIRECTION('',(0.,0.,1.));
#7538=DIRECTION('',(0.,0.,1.));
#7539=DIRECTION('center_axis',(-0.155392991255697,-0.987852731062989,0.));
#7540=DIRECTION('ref_axis',(0.987852731062989,-0.155392991255697,0.));
#7541=DIRECTION('',(0.987852731062989,-0.155392991255697,0.));
#7542=DIRECTION('',(0.,0.,1.));
#7543=DIRECTION('',(0.987852731062989,-0.155392991255697,0.));
#7544=DIRECTION('center_axis',(0.,0.,-1.));
#7545=DIRECTION('ref_axis',(-1.,0.,0.));
#7546=DIRECTION('',(0.,0.,1.));
#7547=DIRECTION('',(0.,0.,1.));
#7548=DIRECTION('',(0.,0.,1.));
#7549=DIRECTION('',(0.,0.,1.));
#7550=DIRECTION('center_axis',(1.,0.,0.));
#7551=DIRECTION('ref_axis',(0.,1.,0.));
#7552=DIRECTION('',(0.,1.,0.));
#7553=DIRECTION('',(0.,0.,1.));
#7554=DIRECTION('',(0.,1.,0.));
#7555=DIRECTION('center_axis',(0.,1.,0.));
#7556=DIRECTION('ref_axis',(-1.,0.,0.));
#7557=DIRECTION('',(-1.,0.,0.));
#7558=DIRECTION('',(0.,0.,1.));
#7559=DIRECTION('',(-1.,0.,0.));
#7560=DIRECTION('center_axis',(1.,0.,0.));
#7561=DIRECTION('ref_axis',(0.,1.,0.));
#7562=DIRECTION('',(0.,1.,0.));
#7563=DIRECTION('',(0.,0.,1.));
#7564=DIRECTION('',(0.,1.,0.));
#7565=DIRECTION('center_axis',(0.,-1.,0.));
#7566=DIRECTION('ref_axis',(1.,0.,0.));
#7567=DIRECTION('',(1.,0.,0.));
#7568=DIRECTION('',(0.,0.,1.));
#7569=DIRECTION('',(1.,0.,0.));
#7570=DIRECTION('center_axis',(1.,0.,0.));
#7571=DIRECTION('ref_axis',(0.,1.,0.));
#7572=DIRECTION('',(0.,1.,0.));
#7573=DIRECTION('',(0.,0.,1.));
#7574=DIRECTION('',(0.,1.,0.));
#7575=DIRECTION('center_axis',(-0.516600957798044,-0.85622628457794,0.));
#7576=DIRECTION('ref_axis',(0.85622628457794,-0.516600957798044,0.));
#7577=DIRECTION('',(0.85622628457794,-0.516600957798044,0.));
#7578=DIRECTION('',(0.,0.,1.));
#7579=DIRECTION('',(0.85622628457794,-0.516600957798044,0.));
#7580=DIRECTION('center_axis',(-1.,0.,0.));
#7581=DIRECTION('ref_axis',(0.,-1.,0.));
#7582=DIRECTION('',(0.,-1.,0.));
#7583=DIRECTION('',(0.,0.,1.));
#7584=DIRECTION('',(0.,-1.,0.));
#7585=DIRECTION('center_axis',(0.,-1.,0.));
#7586=DIRECTION('ref_axis',(1.,0.,0.));
#7587=DIRECTION('',(1.,0.,0.));
#7588=DIRECTION('',(0.,0.,1.));
#7589=DIRECTION('',(1.,0.,0.));
#7590=DIRECTION('center_axis',(-1.,0.,0.));
#7591=DIRECTION('ref_axis',(0.,-1.,0.));
#7592=DIRECTION('',(0.,-1.,0.));
#7593=DIRECTION('',(0.,0.,1.));
#7594=DIRECTION('',(0.,-1.,0.));
#7595=DIRECTION('center_axis',(0.,1.,0.));
#7596=DIRECTION('ref_axis',(-1.,0.,0.));
#7597=DIRECTION('',(-1.,0.,0.));
#7598=DIRECTION('',(0.,0.,1.));
#7599=DIRECTION('',(-1.,0.,0.));
#7600=DIRECTION('center_axis',(-1.,0.,0.));
#7601=DIRECTION('ref_axis',(0.,-1.,0.));
#7602=DIRECTION('',(0.,-1.,0.));
#7603=DIRECTION('',(0.,0.,1.));
#7604=DIRECTION('',(0.,-1.,0.));
#7605=DIRECTION('',(0.,0.,1.));
#7606=DIRECTION('',(0.,0.,1.));
#7607=DIRECTION('',(0.,0.,1.));
#7608=DIRECTION('',(0.,0.,1.));
#7609=DIRECTION('center_axis',(0.986892811814128,-0.161377129698119,0.));
#7610=DIRECTION('ref_axis',(0.161377129698119,0.986892811814128,0.));
#7611=DIRECTION('',(0.161377129698119,0.986892811814128,0.));
#7612=DIRECTION('',(0.,0.,1.));
#7613=DIRECTION('',(0.161377129698119,0.986892811814128,0.));
#7614=DIRECTION('center_axis',(0.,0.,-1.));
#7615=DIRECTION('ref_axis',(-1.,0.,0.));
#7616=DIRECTION('',(0.,0.,1.));
#7617=DIRECTION('',(0.,0.,1.));
#7618=DIRECTION('',(0.,0.,1.));
#7619=DIRECTION('',(0.,0.,1.));
#7620=DIRECTION('',(0.,0.,1.));
#7621=DIRECTION('',(0.,0.,1.));
#7622=DIRECTION('',(0.,0.,1.));
#7623=DIRECTION('',(0.,0.,1.));
#7624=DIRECTION('',(0.,0.,1.));
#7625=DIRECTION('',(0.,0.,1.));
#7626=DIRECTION('',(0.,0.,1.));
#7627=DIRECTION('',(0.,0.,1.));
#7628=DIRECTION('',(0.,0.,1.));
#7629=DIRECTION('center_axis',(1.,0.,0.));
#7630=DIRECTION('ref_axis',(0.,1.,0.));
#7631=DIRECTION('',(0.,1.,0.));
#7632=DIRECTION('',(0.,0.,1.));
#7633=DIRECTION('',(0.,1.,0.));
#7634=DIRECTION('center_axis',(0.,-1.,0.));
#7635=DIRECTION('ref_axis',(1.,0.,0.));
#7636=DIRECTION('',(1.,0.,0.));
#7637=DIRECTION('',(0.,0.,1.));
#7638=DIRECTION('',(1.,0.,0.));
#7639=DIRECTION('center_axis',(-1.,0.,0.));
#7640=DIRECTION('ref_axis',(0.,-1.,0.));
#7641=DIRECTION('',(0.,-1.,0.));
#7642=DIRECTION('',(0.,0.,1.));
#7643=DIRECTION('',(0.,-1.,0.));
#7644=DIRECTION('',(0.,0.,1.));
#7645=DIRECTION('',(0.,0.,1.));
#7646=DIRECTION('',(0.,0.,1.));
#7647=DIRECTION('',(0.,0.,1.));
#7648=DIRECTION('',(0.,0.,1.));
#7649=DIRECTION('',(0.,0.,1.));
#7650=DIRECTION('',(0.,0.,1.));
#7651=DIRECTION('',(0.,0.,1.));
#7652=DIRECTION('',(0.,0.,1.));
#7653=DIRECTION('',(0.,0.,1.));
#7654=DIRECTION('',(0.,0.,1.));
#7655=DIRECTION('',(0.,0.,1.));
#7656=DIRECTION('center_axis',(0.146957563599508,-0.989142797830979,0.));
#7657=DIRECTION('ref_axis',(0.989142797830979,0.146957563599508,0.));
#7658=DIRECTION('',(0.989142797830979,0.146957563599508,0.));
#7659=DIRECTION('',(0.,0.,1.));
#7660=DIRECTION('',(0.989142797830979,0.146957563599508,0.));
#7661=DIRECTION('center_axis',(0.,0.,-1.));
#7662=DIRECTION('ref_axis',(-1.,0.,0.));
#7663=DIRECTION('center_axis',(1.,0.,0.));
#7664=DIRECTION('ref_axis',(0.,1.,0.));
#7665=DIRECTION('',(0.,1.,0.));
#7666=DIRECTION('',(0.,0.,1.));
#7667=DIRECTION('',(0.,1.,0.));
#7668=DIRECTION('',(0.,0.,1.));
#7669=DIRECTION('center_axis',(0.,-1.,0.));
#7670=DIRECTION('ref_axis',(1.,0.,0.));
#7671=DIRECTION('',(1.,0.,0.));
#7672=DIRECTION('',(0.,0.,1.));
#7673=DIRECTION('',(1.,0.,0.));
#7674=DIRECTION('center_axis',(-1.,0.,0.));
#7675=DIRECTION('ref_axis',(0.,-1.,0.));
#7676=DIRECTION('',(0.,-1.,0.));
#7677=DIRECTION('',(0.,0.,1.));
#7678=DIRECTION('',(0.,-1.,0.));
#7679=DIRECTION('center_axis',(0.,1.,0.));
#7680=DIRECTION('ref_axis',(-1.,0.,0.));
#7681=DIRECTION('',(-1.,0.,0.));
#7682=DIRECTION('',(-1.,0.,0.));
#7683=DIRECTION('center_axis',(0.,0.,1.));
#7684=DIRECTION('ref_axis',(1.,0.,0.));
#7685=DIRECTION('center_axis',(0.,1.,0.));
#7686=DIRECTION('ref_axis',(-1.,0.,0.));
#7687=DIRECTION('',(-1.,0.,0.));
#7688=DIRECTION('',(0.,0.,1.));
#7689=DIRECTION('',(-1.,0.,0.));
#7690=DIRECTION('',(0.,0.,1.));
#7691=DIRECTION('',(0.,0.,1.));
#7692=DIRECTION('',(0.,0.,1.));
#7693=DIRECTION('',(0.,0.,1.));
#7694=DIRECTION('',(0.,0.,1.));
#7695=DIRECTION('',(0.,0.,1.));
#7696=DIRECTION('',(0.,0.,1.));
#7697=DIRECTION('center_axis',(0.,-1.,0.));
#7698=DIRECTION('ref_axis',(1.,0.,0.));
#7699=DIRECTION('',(1.,0.,0.));
#7700=DIRECTION('',(0.,0.,1.));
#7701=DIRECTION('',(1.,0.,0.));
#7702=DIRECTION('center_axis',(1.,0.,0.));
#7703=DIRECTION('ref_axis',(0.,1.,0.));
#7704=DIRECTION('',(0.,1.,0.));
#7705=DIRECTION('',(0.,1.,0.));
#7706=DIRECTION('center_axis',(0.,1.,0.));
#7707=DIRECTION('ref_axis',(-1.,0.,0.));
#7708=DIRECTION('',(-1.,0.,0.));
#7709=DIRECTION('',(0.,0.,1.));
#7710=DIRECTION('',(-1.,0.,0.));
#7711=DIRECTION('',(0.,0.,1.));
#7712=DIRECTION('',(0.,0.,1.));
#7713=DIRECTION('',(0.,0.,1.));
#7714=DIRECTION('',(0.,0.,1.));
#7715=DIRECTION('',(0.,0.,1.));
#7716=DIRECTION('',(0.,0.,1.));
#7717=DIRECTION('',(0.,0.,1.));
#7718=DIRECTION('',(0.,0.,1.));
#7719=DIRECTION('center_axis',(0.,-1.,0.));
#7720=DIRECTION('ref_axis',(1.,0.,0.));
#7721=DIRECTION('',(1.,0.,0.));
#7722=DIRECTION('',(0.,0.,1.));
#7723=DIRECTION('',(1.,0.,0.));
#7724=DIRECTION('center_axis',(1.,0.,0.));
#7725=DIRECTION('ref_axis',(0.,1.,0.));
#7726=DIRECTION('',(0.,1.,0.));
#7727=DIRECTION('',(0.,1.,0.));
#7728=DIRECTION('',(0.,0.,1.));
#7729=DIRECTION('',(0.,0.,1.));
#7730=DIRECTION('',(0.,0.,1.));
#7731=DIRECTION('',(0.,0.,1.));
#7732=DIRECTION('',(0.,0.,1.));
#7733=DIRECTION('',(0.,0.,1.));
#7734=DIRECTION('',(0.,0.,1.));
#7735=DIRECTION('',(0.,0.,1.));
#7736=DIRECTION('',(0.,0.,1.));
#7737=DIRECTION('',(0.,0.,1.));
#7738=DIRECTION('',(0.,0.,1.));
#7739=DIRECTION('',(0.,0.,1.));
#7740=DIRECTION('center_axis',(0.,-1.,0.));
#7741=DIRECTION('ref_axis',(1.,0.,0.));
#7742=DIRECTION('',(1.,0.,0.));
#7743=DIRECTION('',(0.,0.,1.));
#7744=DIRECTION('',(1.,0.,0.));
#7745=DIRECTION('center_axis',(-1.,0.,0.));
#7746=DIRECTION('ref_axis',(0.,-1.,0.));
#7747=DIRECTION('',(0.,-1.,0.));
#7748=DIRECTION('',(0.,0.,1.));
#7749=DIRECTION('',(0.,-1.,0.));
#7750=DIRECTION('center_axis',(0.,1.,0.));
#7751=DIRECTION('ref_axis',(-1.,0.,0.));
#7752=DIRECTION('',(-1.,0.,0.));
#7753=DIRECTION('',(-1.,0.,0.));
#7754=DIRECTION('center_axis',(0.,0.,-1.));
#7755=DIRECTION('ref_axis',(-1.,0.,0.));
#7756=DIRECTION('center_axis',(0.,0.,1.));
#7757=DIRECTION('ref_axis',(1.,0.,0.));
#7758=DIRECTION('center_axis',(0.,0.,1.));
#7759=DIRECTION('ref_axis',(0.707106781186547,0.707106781186547,0.));
#7760=DIRECTION('',(0.,-1.,0.));
#7761=DIRECTION('center_axis',(0.,0.,1.));
#7762=DIRECTION('ref_axis',(0.707106781186547,-0.707106781186547,0.));
#7763=DIRECTION('',(-1.,0.,0.));
#7764=DIRECTION('center_axis',(0.,0.,1.));
#7765=DIRECTION('ref_axis',(-0.707106781186547,-0.707106781186547,0.));
#7766=DIRECTION('',(0.,1.,0.));
#7767=DIRECTION('center_axis',(0.,0.,1.));
#7768=DIRECTION('ref_axis',(-0.707106781186547,0.707106781186547,0.));
#7769=DIRECTION('',(1.,0.,0.));
#7770=DIRECTION('center_axis',(0.,0.,-1.));
#7771=DIRECTION('ref_axis',(1.,0.,0.));
#7772=DIRECTION('center_axis',(0.,0.,-1.));
#7773=DIRECTION('ref_axis',(1.,0.,0.));
#7774=DIRECTION('center_axis',(0.,0.,-1.));
#7775=DIRECTION('ref_axis',(1.,0.,0.));
#7776=DIRECTION('center_axis',(0.,0.,-1.));
#7777=DIRECTION('ref_axis',(1.,0.,0.));
#7778=DIRECTION('center_axis',(0.,0.,1.));
#7779=DIRECTION('ref_axis',(1.,0.,0.));
#7780=DIRECTION('center_axis',(0.,0.,1.));
#7781=DIRECTION('ref_axis',(1.,0.,0.));
#7782=DIRECTION('center_axis',(0.,0.,1.));
#7783=DIRECTION('ref_axis',(1.,0.,0.));
#7784=DIRECTION('center_axis',(0.,0.,1.));
#7785=DIRECTION('ref_axis',(1.,0.,0.));
#7786=DIRECTION('center_axis',(0.,0.,1.));
#7787=DIRECTION('ref_axis',(1.,0.,0.));
#7788=DIRECTION('center_axis',(0.,0.,1.));
#7789=DIRECTION('ref_axis',(1.,0.,0.));
#7790=DIRECTION('center_axis',(0.,0.,1.));
#7791=DIRECTION('ref_axis',(0.707106781186547,0.707106781186547,0.));
#7792=DIRECTION('center_axis',(0.,0.,-1.));
#7793=DIRECTION('ref_axis',(0.707106781186547,0.707106781186547,0.));
#7794=DIRECTION('',(0.,0.,-1.));
#7795=DIRECTION('',(0.,0.,1.));
#7796=DIRECTION('center_axis',(0.,0.,1.));
#7797=DIRECTION('ref_axis',(1.,0.,0.));
#7798=DIRECTION('',(-1.,0.,0.));
#7799=DIRECTION('center_axis',(0.,0.,-1.));
#7800=DIRECTION('ref_axis',(-0.707106781186547,0.707106781186547,0.));
#7801=DIRECTION('',(0.,-1.,0.));
#7802=DIRECTION('center_axis',(0.,0.,-1.));
#7803=DIRECTION('ref_axis',(-0.707106781186547,-0.707106781186547,0.));
#7804=DIRECTION('',(1.,0.,0.));
#7805=DIRECTION('',(0.,1.,0.));
#7806=DIRECTION('',(-1.,0.,0.));
#7807=DIRECTION('',(5.26366882093151E-17,1.,0.));
#7808=DIRECTION('',(1.,0.,0.));
#7809=DIRECTION('',(0.,-1.,0.));
#7810=DIRECTION('',(-1.,0.,0.));
#7811=DIRECTION('',(0.,-1.,0.));
#7812=DIRECTION('',(1.,0.,0.));
#7813=DIRECTION('center_axis',(0.,0.,-1.));
#7814=DIRECTION('ref_axis',(0.707106781186547,-0.707106781186547,0.));
#7815=DIRECTION('',(0.,1.,0.));
#7816=DIRECTION('center_axis',(0.,0.,-1.));
#7817=DIRECTION('ref_axis',(1.,0.,0.));
#7818=DIRECTION('center_axis',(0.,0.,-1.));
#7819=DIRECTION('ref_axis',(1.,0.,0.));
#7820=DIRECTION('center_axis',(0.,0.,-1.));
#7821=DIRECTION('ref_axis',(1.,0.,0.));
#7822=DIRECTION('center_axis',(0.,0.,-1.));
#7823=DIRECTION('ref_axis',(1.,0.,0.));
#7824=DIRECTION('center_axis',(0.,1.,0.));
#7825=DIRECTION('ref_axis',(-1.,0.,0.));
#7826=DIRECTION('',(0.,0.,-1.));
#7827=DIRECTION('center_axis',(0.,0.,1.));
#7828=DIRECTION('ref_axis',(-0.707106781186547,0.707106781186547,0.));
#7829=DIRECTION('',(0.,0.,1.));
#7830=DIRECTION('center_axis',(0.,0.,1.));
#7831=DIRECTION('ref_axis',(-0.707106781186547,-0.707106781186547,0.));
#7832=DIRECTION('',(0.,0.,-1.));
#7833=DIRECTION('',(0.,0.,1.));
#7834=DIRECTION('center_axis',(0.,-1.,0.));
#7835=DIRECTION('ref_axis',(1.,0.,0.));
#7836=DIRECTION('',(0.,0.,-1.));
#7837=DIRECTION('',(0.,0.,-1.));
#7838=DIRECTION('',(-1.,0.,0.));
#7839=DIRECTION('',(0.,0.,1.));
#7840=DIRECTION('center_axis',(0.,0.,1.));
#7841=DIRECTION('ref_axis',(0.707106781186547,-0.707106781186547,0.));
#7842=DIRECTION('',(0.,0.,1.));
#7843=DIRECTION('center_axis',(1.,0.,0.));
#7844=DIRECTION('ref_axis',(0.,-1.,0.));
#7845=DIRECTION('',(0.,0.,1.));
#7846=DIRECTION('',(0.,-1.,0.));
#7847=DIRECTION('center_axis',(-1.,0.,0.));
#7848=DIRECTION('ref_axis',(0.,1.,0.));
#7849=DIRECTION('',(0.,1.,0.));
#7850=DIRECTION('',(0.,0.,-1.));
#7851=DIRECTION('center_axis',(0.,0.,-1.));
#7852=DIRECTION('ref_axis',(-1.,0.,0.));
#7853=DIRECTION('',(1.,0.,0.));
#7854=DIRECTION('center_axis',(0.,0.,1.));
#7855=DIRECTION('ref_axis',(1.,0.,0.));
#7856=DIRECTION('',(5.26366882093151E-17,1.,0.));
#7857=DIRECTION('',(-1.,0.,0.));
#7858=DIRECTION('',(0.,-1.,0.));
#7859=DIRECTION('',(1.,0.,0.));
#7860=DIRECTION('center_axis',(-1.,0.,0.));
#7861=DIRECTION('ref_axis',(0.,-1.,0.));
#7862=DIRECTION('',(0.,0.,1.));
#7863=DIRECTION('',(0.,0.,1.));
#7864=DIRECTION('center_axis',(0.,1.,0.));
#7865=DIRECTION('ref_axis',(-1.,0.,0.));
#7866=DIRECTION('',(0.,0.,1.));
#7867=DIRECTION('center_axis',(0.,0.,1.));
#7868=DIRECTION('ref_axis',(1.,0.,0.));
#7869=DIRECTION('center_axis',(0.,0.,1.));
#7870=DIRECTION('ref_axis',(1.,0.,0.));
#7871=DIRECTION('',(0.,0.,-1.));
#7872=DIRECTION('center_axis',(0.,0.,1.));
#7873=DIRECTION('ref_axis',(1.,0.,0.));
#7874=DIRECTION('center_axis',(0.,0.,1.));
#7875=DIRECTION('ref_axis',(1.,0.,0.));
#7876=DIRECTION('',(0.,0.,-1.));
#7877=DIRECTION('center_axis',(0.,0.,1.));
#7878=DIRECTION('ref_axis',(1.,0.,0.));
#7879=DIRECTION('center_axis',(0.,0.,1.));
#7880=DIRECTION('ref_axis',(1.,0.,0.));
#7881=DIRECTION('',(0.,0.,-1.));
#7882=DIRECTION('center_axis',(0.,0.,1.));
#7883=DIRECTION('ref_axis',(1.,0.,0.));
#7884=DIRECTION('center_axis',(0.,0.,1.));
#7885=DIRECTION('ref_axis',(1.,0.,0.));
#7886=DIRECTION('',(0.,0.,-1.));
#7887=DIRECTION('center_axis',(0.,-1.,0.));
#7888=DIRECTION('ref_axis',(1.,0.,0.));
#7889=DIRECTION('',(0.,0.,1.));
#7890=DIRECTION('center_axis',(1.,-5.26366882093151E-17,0.));
#7891=DIRECTION('ref_axis',(5.26366882093151E-17,1.,0.));
#7892=DIRECTION('center_axis',(-1.,0.,0.));
#7893=DIRECTION('ref_axis',(0.,-1.,0.));
#7894=DIRECTION('center_axis',(1.,0.,0.));
#7895=DIRECTION('ref_axis',(0.,1.,0.));
#7896=DIRECTION('center_axis',(0.,0.,1.));
#7897=DIRECTION('ref_axis',(1.,0.,0.));
#7898=DIRECTION('center_axis',(0.,0.,1.));
#7899=DIRECTION('ref_axis',(1.,0.,0.));
#7900=DIRECTION('',(0.,0.,-1.));
#7901=DIRECTION('center_axis',(0.,0.,-1.));
#7902=DIRECTION('ref_axis',(1.,0.,0.));
#7903=DIRECTION('center_axis',(0.,0.,1.));
#7904=DIRECTION('ref_axis',(1.,0.,0.));
#7905=DIRECTION('center_axis',(0.,0.,1.));
#7906=DIRECTION('ref_axis',(1.,0.,0.));
#7907=DIRECTION('',(0.,0.,-1.));
#7908=DIRECTION('center_axis',(0.,0.,-1.));
#7909=DIRECTION('ref_axis',(1.,0.,0.));
#7910=DIRECTION('center_axis',(0.,0.,1.));
#7911=DIRECTION('ref_axis',(1.,0.,0.));
#7912=DIRECTION('center_axis',(0.,0.,1.));
#7913=DIRECTION('ref_axis',(1.,0.,0.));
#7914=DIRECTION('',(0.,0.,-1.));
#7915=DIRECTION('center_axis',(0.,0.,-1.));
#7916=DIRECTION('ref_axis',(1.,0.,0.));
#7917=DIRECTION('center_axis',(0.,0.,1.));
#7918=DIRECTION('ref_axis',(1.,0.,0.));
#7919=DIRECTION('center_axis',(0.,0.,1.));
#7920=DIRECTION('ref_axis',(1.,0.,0.));
#7921=DIRECTION('',(0.,0.,-1.));
#7922=DIRECTION('center_axis',(0.,0.,-1.));
#7923=DIRECTION('ref_axis',(1.,0.,0.));
#7924=DIRECTION('center_axis',(0.,0.,1.));
#7925=DIRECTION('ref_axis',(1.,0.,0.));
#7926=DIRECTION('',(0.,0.,1.));
#7927=DIRECTION('',(1.,0.,0.));
#7928=CARTESIAN_POINT('',(0.,0.,0.));
#7929=CARTESIAN_POINT('',(0.,0.,0.));
#7930=CARTESIAN_POINT('Origin',(18.0593446083367,6.86221040785313,0.));
#7931=CARTESIAN_POINT('',(18.0593446083367,6.86221040785313,0.));
#7932=CARTESIAN_POINT('',(18.0593446083367,8.0000001937151,0.));
#7933=CARTESIAN_POINT('',(18.0593446083367,22.6811052039266,0.));
#7934=CARTESIAN_POINT('',(18.0593446083367,6.86221040785313,0.2));
#7935=CARTESIAN_POINT('',(18.0593446083367,6.86221040785313,0.));
#7936=CARTESIAN_POINT('',(18.0593446083367,8.0000001937151,0.2));
#7937=CARTESIAN_POINT('',(18.0593446083367,6.86221040785313,0.2));
#7938=CARTESIAN_POINT('',(18.0593446083367,8.0000001937151,0.));
#7939=CARTESIAN_POINT('Ctrl Pts',(18.1207362003624,6.43246941268444,0.));
#7940=CARTESIAN_POINT('Ctrl Pts',(18.1207362003624,6.43246941268444,0.2));
#7941=CARTESIAN_POINT('Ctrl Pts',(18.1028354843106,6.50065233709714,0.));
#7942=CARTESIAN_POINT('Ctrl Pts',(18.1028354843106,6.50065233709714,0.2));
#7943=CARTESIAN_POINT('Ctrl Pts',(18.0658575608453,6.64149938216866,0.));
#7944=CARTESIAN_POINT('Ctrl Pts',(18.0658575608453,6.64149938216866,0.2));
#7945=CARTESIAN_POINT('Ctrl Pts',(18.061561157365,6.78709596338738,0.));
#7946=CARTESIAN_POINT('Ctrl Pts',(18.061561157365,6.78709596338738,0.2));
#7947=CARTESIAN_POINT('Ctrl Pts',(18.0593446083367,6.86221040785313,0.));
#7948=CARTESIAN_POINT('Ctrl Pts',(18.0593446083367,6.86221040785313,0.2));
#7949=CARTESIAN_POINT('',(18.1207362003624,6.43246941268444,0.));
#7950=CARTESIAN_POINT('Ctrl Pts',(18.1207362003624,6.43246941268444,0.));
#7951=CARTESIAN_POINT('Ctrl Pts',(18.1028354843106,6.50065233709714,0.));
#7952=CARTESIAN_POINT('Ctrl Pts',(18.0658575608453,6.64149938216866,0.));
#7953=CARTESIAN_POINT('Ctrl Pts',(18.061561157365,6.78709596338738,0.));
#7954=CARTESIAN_POINT('Ctrl Pts',(18.0593446083367,6.86221040785313,0.));
#7955=CARTESIAN_POINT('',(18.1207362003624,6.43246941268444,0.2));
#7956=CARTESIAN_POINT('',(18.1207362003624,6.43246941268444,0.));
#7957=CARTESIAN_POINT('Ctrl Pts',(18.1207362003624,6.43246941268444,0.2));
#7958=CARTESIAN_POINT('Ctrl Pts',(18.1028354843106,6.50065233709714,0.2));
#7959=CARTESIAN_POINT('Ctrl Pts',(18.0658575608453,6.64149938216866,0.2));
#7960=CARTESIAN_POINT('Ctrl Pts',(18.061561157365,6.78709596338738,0.2));
#7961=CARTESIAN_POINT('Ctrl Pts',(18.0593446083367,6.86221040785313,0.2));
#7962=CARTESIAN_POINT('Ctrl Pts',(18.2578435726464,6.23090051114559,0.));
#7963=CARTESIAN_POINT('Ctrl Pts',(18.2578435726464,6.23090051114559,0.2));
#7964=CARTESIAN_POINT('Ctrl Pts',(18.2278919360209,6.25808981569906,0.));
#7965=CARTESIAN_POINT('Ctrl Pts',(18.2278919360209,6.25808981569906,0.2));
#7966=CARTESIAN_POINT('Ctrl Pts',(18.1660770985322,6.31420369232694,0.));
#7967=CARTESIAN_POINT('Ctrl Pts',(18.1660770985322,6.31420369232694,0.2));
#7968=CARTESIAN_POINT('Ctrl Pts',(18.1361582370652,6.39224307501466,0.));
#7969=CARTESIAN_POINT('Ctrl Pts',(18.1361582370652,6.39224307501466,0.2));
#7970=CARTESIAN_POINT('Ctrl Pts',(18.1207362003624,6.43246941268444,0.));
#7971=CARTESIAN_POINT('Ctrl Pts',(18.1207362003624,6.43246941268444,0.2));
#7972=CARTESIAN_POINT('',(18.2578435726464,6.23090051114559,0.));
#7973=CARTESIAN_POINT('Ctrl Pts',(18.2578435726464,6.23090051114559,0.));
#7974=CARTESIAN_POINT('Ctrl Pts',(18.2278919360209,6.25808981569906,0.));
#7975=CARTESIAN_POINT('Ctrl Pts',(18.1660770985322,6.31420369232694,0.));
#7976=CARTESIAN_POINT('Ctrl Pts',(18.1361582370652,6.39224307501466,0.));
#7977=CARTESIAN_POINT('Ctrl Pts',(18.1207362003624,6.43246941268444,0.));
#7978=CARTESIAN_POINT('',(18.2578435726464,6.23090051114559,0.2));
#7979=CARTESIAN_POINT('',(18.2578435726464,6.23090051114559,0.));
#7980=CARTESIAN_POINT('Ctrl Pts',(18.2578435726464,6.23090051114559,0.2));
#7981=CARTESIAN_POINT('Ctrl Pts',(18.2278919360209,6.25808981569906,0.2));
#7982=CARTESIAN_POINT('Ctrl Pts',(18.1660770985322,6.31420369232694,0.2));
#7983=CARTESIAN_POINT('Ctrl Pts',(18.1361582370652,6.39224307501466,0.2));
#7984=CARTESIAN_POINT('Ctrl Pts',(18.1207362003624,6.43246941268444,0.2));
#7985=CARTESIAN_POINT('Ctrl Pts',(18.4747603721917,6.15825392305851,0.));
#7986=CARTESIAN_POINT('Ctrl Pts',(18.4747603721917,6.15825392305851,0.2));
#7987=CARTESIAN_POINT('Ctrl Pts',(18.4355455108184,6.16127538596335,0.));
#7988=CARTESIAN_POINT('Ctrl Pts',(18.4355455108184,6.16127538596335,0.2));
#7989=CARTESIAN_POINT('Ctrl Pts',(18.3571513546247,6.16731557140836,0.));
#7990=CARTESIAN_POINT('Ctrl Pts',(18.3571513546247,6.16731557140836,0.2));
#7991=CARTESIAN_POINT('Ctrl Pts',(18.2909361529401,6.20971194281987,0.));
#7992=CARTESIAN_POINT('Ctrl Pts',(18.2909361529401,6.20971194281987,0.2));
#7993=CARTESIAN_POINT('Ctrl Pts',(18.2578435726464,6.23090051114559,0.));
#7994=CARTESIAN_POINT('Ctrl Pts',(18.2578435726464,6.23090051114559,0.2));
#7995=CARTESIAN_POINT('',(18.4747603721917,6.15825392305851,0.));
#7996=CARTESIAN_POINT('Ctrl Pts',(18.4747603721917,6.15825392305851,0.));
#7997=CARTESIAN_POINT('Ctrl Pts',(18.4355455108184,6.16127538596335,0.));
#7998=CARTESIAN_POINT('Ctrl Pts',(18.3571513546247,6.16731557140836,0.));
#7999=CARTESIAN_POINT('Ctrl Pts',(18.2909361529401,6.20971194281987,0.));
#8000=CARTESIAN_POINT('Ctrl Pts',(18.2578435726464,6.23090051114559,0.));
#8001=CARTESIAN_POINT('',(18.4747603721917,6.15825392305851,0.2));
#8002=CARTESIAN_POINT('',(18.4747603721917,6.15825392305851,0.));
#8003=CARTESIAN_POINT('Ctrl Pts',(18.4747603721917,6.15825392305851,0.2));
#8004=CARTESIAN_POINT('Ctrl Pts',(18.4355455108184,6.16127538596335,0.2));
#8005=CARTESIAN_POINT('Ctrl Pts',(18.3571513546247,6.16731557140836,0.2));
#8006=CARTESIAN_POINT('Ctrl Pts',(18.2909361529401,6.20971194281987,0.2));
#8007=CARTESIAN_POINT('Ctrl Pts',(18.2578435726464,6.23090051114559,0.2));
#8008=CARTESIAN_POINT('Ctrl Pts',(18.7448838539422,6.23806290328503,0.));
#8009=CARTESIAN_POINT('Ctrl Pts',(18.7448838539422,6.23806290328503,0.2));
#8010=CARTESIAN_POINT('Ctrl Pts',(18.7008232926909,6.21479602034174,0.));
#8011=CARTESIAN_POINT('Ctrl Pts',(18.7008232926909,6.21479602034174,0.2));
#8012=CARTESIAN_POINT('Ctrl Pts',(18.616043646169,6.17002677420455,0.));
#8013=CARTESIAN_POINT('Ctrl Pts',(18.616043646169,6.17002677420455,0.2));
#8014=CARTESIAN_POINT('Ctrl Pts',(18.5206008806831,6.16207372046082,0.));
#8015=CARTESIAN_POINT('Ctrl Pts',(18.5206008806831,6.16207372046082,0.2));
#8016=CARTESIAN_POINT('Ctrl Pts',(18.4747603721917,6.15825392305851,0.));
#8017=CARTESIAN_POINT('Ctrl Pts',(18.4747603721917,6.15825392305851,0.2));
#8018=CARTESIAN_POINT('',(18.7448838539422,6.23806290328503,0.));
#8019=CARTESIAN_POINT('Ctrl Pts',(18.7448838539422,6.23806290328503,0.));
#8020=CARTESIAN_POINT('Ctrl Pts',(18.7008232926909,6.21479602034174,0.));
#8021=CARTESIAN_POINT('Ctrl Pts',(18.616043646169,6.17002677420455,0.));
#8022=CARTESIAN_POINT('Ctrl Pts',(18.5206008806831,6.16207372046082,0.));
#8023=CARTESIAN_POINT('Ctrl Pts',(18.4747603721917,6.15825392305851,0.));
#8024=CARTESIAN_POINT('',(18.7448838539422,6.23806290328503,0.2));
#8025=CARTESIAN_POINT('',(18.7448838539422,6.23806290328503,0.));
#8026=CARTESIAN_POINT('Ctrl Pts',(18.7448838539422,6.23806290328503,0.2));
#8027=CARTESIAN_POINT('Ctrl Pts',(18.7008232926909,6.21479602034174,0.2));
#8028=CARTESIAN_POINT('Ctrl Pts',(18.616043646169,6.17002677420455,0.2));
#8029=CARTESIAN_POINT('Ctrl Pts',(18.5206008806831,6.16207372046082,0.2));
#8030=CARTESIAN_POINT('Ctrl Pts',(18.4747603721917,6.15825392305851,0.2));
#8031=CARTESIAN_POINT('Origin',(18.8717594929039,5.89631669223309,0.));
#8032=CARTESIAN_POINT('',(18.8717594929039,5.89631669223309,0.));
#8033=CARTESIAN_POINT('',(14.1964484503378,18.4895130486072,0.));
#8034=CARTESIAN_POINT('',(18.8717594929039,5.89631669223309,0.2));
#8035=CARTESIAN_POINT('',(18.8717594929039,5.89631669223309,0.));
#8036=CARTESIAN_POINT('',(18.8717594929039,5.89631669223309,0.2));
#8037=CARTESIAN_POINT('Ctrl Pts',(18.4931782074273,5.77762641012669,0.));
#8038=CARTESIAN_POINT('Ctrl Pts',(18.4931782074273,5.77762641012669,0.2));
#8039=CARTESIAN_POINT('Ctrl Pts',(18.5569884266927,5.78350927758119,0.));
#8040=CARTESIAN_POINT('Ctrl Pts',(18.5569884266927,5.78350927758119,0.2));
#8041=CARTESIAN_POINT('Ctrl Pts',(18.6914841825413,5.79590886990291,0.));
#8042=CARTESIAN_POINT('Ctrl Pts',(18.6914841825413,5.79590886990291,0.2));
#8043=CARTESIAN_POINT('Ctrl Pts',(18.8096541377097,5.8617259129547,0.));
#8044=CARTESIAN_POINT('Ctrl Pts',(18.8096541377097,5.8617259129547,0.2));
#8045=CARTESIAN_POINT('Ctrl Pts',(18.8717594929039,5.89631669223309,0.));
#8046=CARTESIAN_POINT('Ctrl Pts',(18.8717594929039,5.89631669223309,0.2));
#8047=CARTESIAN_POINT('',(18.4931782074273,5.77762641012669,0.));
#8048=CARTESIAN_POINT('Ctrl Pts',(18.4931782074273,5.77762641012669,0.));
#8049=CARTESIAN_POINT('Ctrl Pts',(18.5569884266927,5.78350927758119,0.));
#8050=CARTESIAN_POINT('Ctrl Pts',(18.6914841825413,5.79590886990291,0.));
#8051=CARTESIAN_POINT('Ctrl Pts',(18.8096541377097,5.8617259129547,0.));
#8052=CARTESIAN_POINT('Ctrl Pts',(18.8717594929039,5.89631669223309,0.));
#8053=CARTESIAN_POINT('',(18.4931782074273,5.77762641012669,0.2));
#8054=CARTESIAN_POINT('',(18.4931782074273,5.77762641012669,0.));
#8055=CARTESIAN_POINT('Ctrl Pts',(18.4931782074273,5.77762641012669,0.2));
#8056=CARTESIAN_POINT('Ctrl Pts',(18.5569884266927,5.78350927758119,0.2));
#8057=CARTESIAN_POINT('Ctrl Pts',(18.6914841825413,5.79590886990291,0.2));
#8058=CARTESIAN_POINT('Ctrl Pts',(18.8096541377097,5.8617259129547,0.2));
#8059=CARTESIAN_POINT('Ctrl Pts',(18.8717594929039,5.89631669223309,0.2));
#8060=CARTESIAN_POINT('Ctrl Pts',(18.256820756942,5.85129626095295,0.));
#8061=CARTESIAN_POINT('Ctrl Pts',(18.256820756942,5.85129626095295,0.2));
#8062=CARTESIAN_POINT('Ctrl Pts',(18.2934676580079,5.82980930582456,0.));
#8063=CARTESIAN_POINT('Ctrl Pts',(18.2934676580079,5.82980930582456,0.2));
#8064=CARTESIAN_POINT('Ctrl Pts',(18.3665587028501,5.78695427701899,0.));
#8065=CARTESIAN_POINT('Ctrl Pts',(18.3665587028501,5.78695427701899,0.2));
#8066=CARTESIAN_POINT('Ctrl Pts',(18.4510498330856,5.78072994357961,0.));
#8067=CARTESIAN_POINT('Ctrl Pts',(18.4510498330856,5.78072994357961,0.2));
#8068=CARTESIAN_POINT('Ctrl Pts',(18.4931782074273,5.77762641012669,0.));
#8069=CARTESIAN_POINT('Ctrl Pts',(18.4931782074273,5.77762641012669,0.2));
#8070=CARTESIAN_POINT('',(18.256820756942,5.85129626095295,0.));
#8071=CARTESIAN_POINT('Ctrl Pts',(18.256820756942,5.85129626095295,0.));
#8072=CARTESIAN_POINT('Ctrl Pts',(18.2934676580079,5.82980930582456,0.));
#8073=CARTESIAN_POINT('Ctrl Pts',(18.3665587028501,5.78695427701899,0.));
#8074=CARTESIAN_POINT('Ctrl Pts',(18.4510498330856,5.78072994357961,0.));
#8075=CARTESIAN_POINT('Ctrl Pts',(18.4931782074273,5.77762641012669,0.));
#8076=CARTESIAN_POINT('',(18.256820756942,5.85129626095295,0.2));
#8077=CARTESIAN_POINT('',(18.256820756942,5.85129626095295,0.));
#8078=CARTESIAN_POINT('Ctrl Pts',(18.256820756942,5.85129626095295,0.2));
#8079=CARTESIAN_POINT('Ctrl Pts',(18.2934676580079,5.82980930582456,0.2));
#8080=CARTESIAN_POINT('Ctrl Pts',(18.3665587028501,5.78695427701899,0.2));
#8081=CARTESIAN_POINT('Ctrl Pts',(18.4510498330856,5.78072994357961,0.2));
#8082=CARTESIAN_POINT('Ctrl Pts',(18.4931782074273,5.77762641012669,0.2));
#8083=CARTESIAN_POINT('Ctrl Pts',(18.0225101299584,6.15620754659176,0.));
#8084=CARTESIAN_POINT('Ctrl Pts',(18.0225101299584,6.15620754659176,0.2));
#8085=CARTESIAN_POINT('Ctrl Pts',(18.0594382694816,6.08926625345463,0.));
#8086=CARTESIAN_POINT('Ctrl Pts',(18.0594382694816,6.08926625345463,0.2));
#8087=CARTESIAN_POINT('Ctrl Pts',(18.1222485130195,5.97540731068151,0.));
#8088=CARTESIAN_POINT('Ctrl Pts',(18.1222485130195,5.97540731068151,0.2));
#8089=CARTESIAN_POINT('Ctrl Pts',(18.2175500316674,5.88751421196103,0.));
#8090=CARTESIAN_POINT('Ctrl Pts',(18.2175500316674,5.88751421196103,0.2));
#8091=CARTESIAN_POINT('Ctrl Pts',(18.256820756942,5.85129626095295,0.));
#8092=CARTESIAN_POINT('Ctrl Pts',(18.256820756942,5.85129626095295,0.2));
#8093=CARTESIAN_POINT('',(18.0225101299584,6.15620754659176,0.));
#8094=CARTESIAN_POINT('Ctrl Pts',(18.0225101299584,6.15620754659176,0.));
#8095=CARTESIAN_POINT('Ctrl Pts',(18.0594382694816,6.08926625345463,0.));
#8096=CARTESIAN_POINT('Ctrl Pts',(18.1222485130195,5.97540731068151,0.));
#8097=CARTESIAN_POINT('Ctrl Pts',(18.2175500316674,5.88751421196103,0.));
#8098=CARTESIAN_POINT('Ctrl Pts',(18.256820756942,5.85129626095295,0.));
#8099=CARTESIAN_POINT('',(18.0225101299584,6.15620754659176,0.2));
#8100=CARTESIAN_POINT('',(18.0225101299584,6.15620754659176,0.));
#8101=CARTESIAN_POINT('Ctrl Pts',(18.0225101299584,6.15620754659176,0.2));
#8102=CARTESIAN_POINT('Ctrl Pts',(18.0594382694816,6.08926625345463,0.2));
#8103=CARTESIAN_POINT('Ctrl Pts',(18.1222485130195,5.97540731068151,0.2));
#8104=CARTESIAN_POINT('Ctrl Pts',(18.2175500316674,5.88751421196103,0.2));
#8105=CARTESIAN_POINT('Ctrl Pts',(18.256820756942,5.85129626095295,0.2));
#8106=CARTESIAN_POINT('Origin',(18.0225101299584,5.82673959434032,0.));
#8107=CARTESIAN_POINT('',(18.0225101299584,5.82673959434032,0.));
#8108=CARTESIAN_POINT('',(18.0225101299584,22.1633697971702,0.));
#8109=CARTESIAN_POINT('',(18.0225101299584,5.82673959434032,0.2));
#8110=CARTESIAN_POINT('',(18.0225101299584,5.82673959434032,0.));
#8111=CARTESIAN_POINT('',(18.0225101299584,5.82673959434032,0.2));
#8112=CARTESIAN_POINT('Origin',(17.6909950561821,5.82673959434032,0.));
#8113=CARTESIAN_POINT('',(17.6909950561821,5.82673959434032,0.));
#8114=CARTESIAN_POINT('',(23.5954975280911,5.82673959434032,0.));
#8115=CARTESIAN_POINT('',(17.6909950561821,5.82673959434032,0.2));
#8116=CARTESIAN_POINT('',(17.6909950561821,5.82673959434032,0.));
#8117=CARTESIAN_POINT('',(17.6909950561821,5.82673959434032,0.2));
#8118=CARTESIAN_POINT('Origin',(17.6909950561821,8.0000001937151,0.));
#8119=CARTESIAN_POINT('',(17.6909950561821,8.0000001937151,0.));
#8120=CARTESIAN_POINT('',(17.6909950561821,23.2500000968575,0.));
#8121=CARTESIAN_POINT('',(17.6909950561821,8.0000001937151,0.2));
#8122=CARTESIAN_POINT('',(17.6909950561821,8.0000001937151,0.));
#8123=CARTESIAN_POINT('',(17.6909950561821,8.0000001937151,0.2));
#8124=CARTESIAN_POINT('Origin',(18.0593446083367,8.0000001937151,0.));
#8125=CARTESIAN_POINT('',(23.7796723041683,8.0000001937151,0.));
#8126=CARTESIAN_POINT('',(18.0593446083367,8.0000001937151,0.2));
#8127=CARTESIAN_POINT('Origin',(29.9999997206032,6.94099597632885,0.2));
#8128=CARTESIAN_POINT('Origin',(19.4611182995141,5.82673959434032,0.));
#8129=CARTESIAN_POINT('',(19.4611182995141,5.82673959434032,0.));
#8130=CARTESIAN_POINT('',(19.4611182995141,8.0000001937151,0.));
#8131=CARTESIAN_POINT('',(19.4611182995141,22.1633697971702,0.));
#8132=CARTESIAN_POINT('',(19.4611182995141,5.82673959434032,0.2));
#8133=CARTESIAN_POINT('',(19.4611182995141,5.82673959434032,0.));
#8134=CARTESIAN_POINT('',(19.4611182995141,8.0000001937151,0.2));
#8135=CARTESIAN_POINT('',(19.4611182995141,5.82673959434032,0.2));
#8136=CARTESIAN_POINT('',(19.4611182995141,8.0000001937151,0.));
#8137=CARTESIAN_POINT('Origin',(19.0927687473595,5.82673959434032,0.));
#8138=CARTESIAN_POINT('',(19.0927687473595,5.82673959434032,0.));
#8139=CARTESIAN_POINT('',(24.2963843736798,5.82673959434032,0.));
#8140=CARTESIAN_POINT('',(19.0927687473595,5.82673959434032,0.2));
#8141=CARTESIAN_POINT('',(19.0927687473595,5.82673959434032,0.));
#8142=CARTESIAN_POINT('',(19.0927687473595,5.82673959434032,0.2));
#8143=CARTESIAN_POINT('Origin',(19.0927687473595,8.0000001937151,0.));
#8144=CARTESIAN_POINT('',(19.0927687473595,8.0000001937151,0.));
#8145=CARTESIAN_POINT('',(19.0927687473595,23.2500000968575,0.));
#8146=CARTESIAN_POINT('',(19.0927687473595,8.0000001937151,0.2));
#8147=CARTESIAN_POINT('',(19.0927687473595,8.0000001937151,0.));
#8148=CARTESIAN_POINT('',(19.0927687473595,8.0000001937151,0.2));
#8149=CARTESIAN_POINT('Origin',(19.4611182995141,8.0000001937151,0.));
#8150=CARTESIAN_POINT('',(24.480559149757,8.0000001937151,0.));
#8151=CARTESIAN_POINT('',(19.4611182995141,8.0000001937151,0.2));
#8152=CARTESIAN_POINT('Origin',(29.9999997206032,6.94099597632885,0.2));
#8153=CARTESIAN_POINT('Origin',(22.7210095711052,6.81105054914951,0.));
#8154=CARTESIAN_POINT('',(22.7210095711052,6.81105054914951,0.));
#8155=CARTESIAN_POINT('',(22.7210095711052,8.0000001937151,0.));
#8156=CARTESIAN_POINT('',(22.7210095711052,22.6555252745748,0.));
#8157=CARTESIAN_POINT('',(22.7210095711052,6.81105054914951,0.2));
#8158=CARTESIAN_POINT('',(22.7210095711052,6.81105054914951,0.));
#8159=CARTESIAN_POINT('',(22.7210095711052,8.0000001937151,0.2));
#8160=CARTESIAN_POINT('',(22.7210095711052,6.81105054914951,0.2));
#8161=CARTESIAN_POINT('',(22.7210095711052,8.0000001937151,0.));
#8162=CARTESIAN_POINT('Ctrl Pts',(22.782401163131,6.40995927155018,0.));
#8163=CARTESIAN_POINT('Ctrl Pts',(22.782401163131,6.40995927155018,0.2));
#8164=CARTESIAN_POINT('Ctrl Pts',(22.764563317136,6.4671878007911,0.));
#8165=CARTESIAN_POINT('Ctrl Pts',(22.764563317136,6.4671878007911,0.2));
#8166=CARTESIAN_POINT('Ctrl Pts',(22.7239290707079,6.59755321377553,0.));
#8167=CARTESIAN_POINT('Ctrl Pts',(22.7239290707079,6.59755321377553,0.2));
#8168=CARTESIAN_POINT('Ctrl Pts',(22.7220588128409,6.73432153897195,0.));
#8169=CARTESIAN_POINT('Ctrl Pts',(22.7220588128409,6.73432153897195,0.2));
#8170=CARTESIAN_POINT('Ctrl Pts',(22.7210095711052,6.81105054914951,0.));
#8171=CARTESIAN_POINT('Ctrl Pts',(22.7210095711052,6.81105054914951,0.2));
#8172=CARTESIAN_POINT('',(22.782401163131,6.40995927155018,0.));
#8173=CARTESIAN_POINT('Ctrl Pts',(22.782401163131,6.40995927155018,0.));
#8174=CARTESIAN_POINT('Ctrl Pts',(22.764563317136,6.4671878007911,0.));
#8175=CARTESIAN_POINT('Ctrl Pts',(22.7239290707079,6.59755321377553,0.));
#8176=CARTESIAN_POINT('Ctrl Pts',(22.7220588128409,6.73432153897195,0.));
#8177=CARTESIAN_POINT('Ctrl Pts',(22.7210095711052,6.81105054914951,0.));
#8178=CARTESIAN_POINT('',(22.782401163131,6.40995927155018,0.2));
#8179=CARTESIAN_POINT('',(22.782401163131,6.40995927155018,0.));
#8180=CARTESIAN_POINT('Ctrl Pts',(22.782401163131,6.40995927155018,0.2));
#8181=CARTESIAN_POINT('Ctrl Pts',(22.764563317136,6.4671878007911,0.2));
#8182=CARTESIAN_POINT('Ctrl Pts',(22.7239290707079,6.59755321377553,0.2));
#8183=CARTESIAN_POINT('Ctrl Pts',(22.7220588128409,6.73432153897195,0.2));
#8184=CARTESIAN_POINT('Ctrl Pts',(22.7210095711052,6.81105054914951,0.2));
#8185=CARTESIAN_POINT('Ctrl Pts',(22.9880622215569,6.1797409504652,0.));
#8186=CARTESIAN_POINT('Ctrl Pts',(22.9880622215569,6.1797409504652,0.2));
#8187=CARTESIAN_POINT('Ctrl Pts',(22.9435974098799,6.21016406600646,0.));
#8188=CARTESIAN_POINT('Ctrl Pts',(22.9435974098799,6.21016406600646,0.2));
#8189=CARTESIAN_POINT('Ctrl Pts',(22.8560743157694,6.27004794056316,0.));
#8190=CARTESIAN_POINT('Ctrl Pts',(22.8560743157694,6.27004794056316,0.2));
#8191=CARTESIAN_POINT('Ctrl Pts',(22.8066943624985,6.36382450283561,0.));
#8192=CARTESIAN_POINT('Ctrl Pts',(22.8066943624985,6.36382450283561,0.2));
#8193=CARTESIAN_POINT('Ctrl Pts',(22.782401163131,6.40995927155018,0.));
#8194=CARTESIAN_POINT('Ctrl Pts',(22.782401163131,6.40995927155018,0.2));
#8195=CARTESIAN_POINT('',(22.9880622215569,6.1797409504652,0.));
#8196=CARTESIAN_POINT('Ctrl Pts',(22.9880622215569,6.1797409504652,0.));
#8197=CARTESIAN_POINT('Ctrl Pts',(22.9435974098799,6.21016406600646,0.));
#8198=CARTESIAN_POINT('Ctrl Pts',(22.8560743157694,6.27004794056316,0.));
#8199=CARTESIAN_POINT('Ctrl Pts',(22.8066943624985,6.36382450283561,0.));
#8200=CARTESIAN_POINT('Ctrl Pts',(22.782401163131,6.40995927155018,0.));
#8201=CARTESIAN_POINT('',(22.9880622215569,6.1797409504652,0.2));
#8202=CARTESIAN_POINT('',(22.9880622215569,6.1797409504652,0.));
#8203=CARTESIAN_POINT('Ctrl Pts',(22.9880622215569,6.1797409504652,0.2));
#8204=CARTESIAN_POINT('Ctrl Pts',(22.9435974098799,6.21016406600646,0.2));
#8205=CARTESIAN_POINT('Ctrl Pts',(22.8560743157694,6.27004794056316,0.2));
#8206=CARTESIAN_POINT('Ctrl Pts',(22.8066943624985,6.36382450283561,0.2));
#8207=CARTESIAN_POINT('Ctrl Pts',(22.782401163131,6.40995927155018,0.2));
#8208=CARTESIAN_POINT('Ctrl Pts',(23.29604299739,6.094815954566,0.));
#8209=CARTESIAN_POINT('Ctrl Pts',(23.29604299739,6.094815954566,0.2));
#8210=CARTESIAN_POINT('Ctrl Pts',(23.2421430557101,6.09843716420901,0.));
#8211=CARTESIAN_POINT('Ctrl Pts',(23.2421430557101,6.09843716420901,0.2));
#8212=CARTESIAN_POINT('Ctrl Pts',(23.1337039242171,6.1057225306937,0.));
#8213=CARTESIAN_POINT('Ctrl Pts',(23.1337039242171,6.1057225306937,0.2));
#8214=CARTESIAN_POINT('Ctrl Pts',(23.0367998720765,6.15497136998828,0.));
#8215=CARTESIAN_POINT('Ctrl Pts',(23.0367998720765,6.15497136998828,0.2));
#8216=CARTESIAN_POINT('Ctrl Pts',(22.9880622215569,6.1797409504652,0.));
#8217=CARTESIAN_POINT('Ctrl Pts',(22.9880622215569,6.1797409504652,0.2));
#8218=CARTESIAN_POINT('',(23.29604299739,6.094815954566,0.));
#8219=CARTESIAN_POINT('Ctrl Pts',(23.29604299739,6.094815954566,0.));
#8220=CARTESIAN_POINT('Ctrl Pts',(23.2421430557101,6.09843716420901,0.));
#8221=CARTESIAN_POINT('Ctrl Pts',(23.1337039242171,6.1057225306937,0.));
#8222=CARTESIAN_POINT('Ctrl Pts',(23.0367998720765,6.15497136998828,0.));
#8223=CARTESIAN_POINT('Ctrl Pts',(22.9880622215569,6.1797409504652,0.));
#8224=CARTESIAN_POINT('',(23.29604299739,6.094815954566,0.2));
#8225=CARTESIAN_POINT('',(23.29604299739,6.094815954566,0.));
#8226=CARTESIAN_POINT('Ctrl Pts',(23.29604299739,6.094815954566,0.2));
#8227=CARTESIAN_POINT('Ctrl Pts',(23.2421430557101,6.09843716420901,0.2));
#8228=CARTESIAN_POINT('Ctrl Pts',(23.1337039242171,6.1057225306937,0.2));
#8229=CARTESIAN_POINT('Ctrl Pts',(23.0367998720765,6.15497136998828,0.2));
#8230=CARTESIAN_POINT('Ctrl Pts',(22.9880622215569,6.1797409504652,0.2));
#8231=CARTESIAN_POINT('Ctrl Pts',(23.6347201652825,6.22066862881184,0.));
#8232=CARTESIAN_POINT('Ctrl Pts',(23.6347201652825,6.22066862881184,0.2));
#8233=CARTESIAN_POINT('Ctrl Pts',(23.5885602219403,6.18400342924937,0.));
#8234=CARTESIAN_POINT('Ctrl Pts',(23.5885602219403,6.18400342924937,0.2));
#8235=CARTESIAN_POINT('Ctrl Pts',(23.4898048363371,6.10556126362169,0.));
#8236=CARTESIAN_POINT('Ctrl Pts',(23.4898048363371,6.10556126362169,0.2));
#8237=CARTESIAN_POINT('Ctrl Pts',(23.3633765545073,6.09855002255883,0.));
#8238=CARTESIAN_POINT('Ctrl Pts',(23.3633765545073,6.09855002255883,0.2));
#8239=CARTESIAN_POINT('Ctrl Pts',(23.29604299739,6.094815954566,0.));
#8240=CARTESIAN_POINT('Ctrl Pts',(23.29604299739,6.094815954566,0.2));
#8241=CARTESIAN_POINT('',(23.6347201652825,6.22066862881184,0.));
#8242=CARTESIAN_POINT('Ctrl Pts',(23.6347201652825,6.22066862881184,0.));
#8243=CARTESIAN_POINT('Ctrl Pts',(23.5885602219403,6.18400342924937,0.));
#8244=CARTESIAN_POINT('Ctrl Pts',(23.4898048363371,6.10556126362169,0.));
#8245=CARTESIAN_POINT('Ctrl Pts',(23.3633765545073,6.09855002255883,0.));
#8246=CARTESIAN_POINT('Ctrl Pts',(23.29604299739,6.094815954566,0.));
#8247=CARTESIAN_POINT('',(23.6347201652825,6.22066862881184,0.2));
#8248=CARTESIAN_POINT('',(23.6347201652825,6.22066862881184,0.));
#8249=CARTESIAN_POINT('Ctrl Pts',(23.6347201652825,6.22066862881184,0.2));
#8250=CARTESIAN_POINT('Ctrl Pts',(23.5885602219403,6.18400342924937,0.2));
#8251=CARTESIAN_POINT('Ctrl Pts',(23.4898048363371,6.10556126362169,0.2));
#8252=CARTESIAN_POINT('Ctrl Pts',(23.3633765545073,6.09855002255883,0.2));
#8253=CARTESIAN_POINT('Ctrl Pts',(23.29604299739,6.094815954566,0.2));
#8254=CARTESIAN_POINT('Ctrl Pts',(23.7544337101281,6.62278331816196,0.));
#8255=CARTESIAN_POINT('Ctrl Pts',(23.7544337101281,6.62278331816196,0.2));
#8256=CARTESIAN_POINT('Ctrl Pts',(23.7525190923671,6.54061635406815,0.));
#8257=CARTESIAN_POINT('Ctrl Pts',(23.7525190923671,6.54061635406815,0.2));
#8258=CARTESIAN_POINT('Ctrl Pts',(23.7491200011616,6.39474232598656,0.));
#8259=CARTESIAN_POINT('Ctrl Pts',(23.7491200011616,6.39474232598656,0.2));
#8260=CARTESIAN_POINT('Ctrl Pts',(23.6694946651793,6.27358239147526,0.));
#8261=CARTESIAN_POINT('Ctrl Pts',(23.6694946651793,6.27358239147526,0.2));
#8262=CARTESIAN_POINT('Ctrl Pts',(23.6347201652825,6.22066862881184,0.));
#8263=CARTESIAN_POINT('Ctrl Pts',(23.6347201652825,6.22066862881184,0.2));
#8264=CARTESIAN_POINT('',(23.7544337101281,6.62278331816196,0.));
#8265=CARTESIAN_POINT('Ctrl Pts',(23.7544337101281,6.62278331816196,0.));
#8266=CARTESIAN_POINT('Ctrl Pts',(23.7525190923671,6.54061635406815,0.));
#8267=CARTESIAN_POINT('Ctrl Pts',(23.7491200011616,6.39474232598656,0.));
#8268=CARTESIAN_POINT('Ctrl Pts',(23.6694946651793,6.27358239147526,0.));
#8269=CARTESIAN_POINT('Ctrl Pts',(23.6347201652825,6.22066862881184,0.));
#8270=CARTESIAN_POINT('',(23.7544337101281,6.62278331816196,0.2));
#8271=CARTESIAN_POINT('',(23.7544337101281,6.62278331816196,0.));
#8272=CARTESIAN_POINT('Ctrl Pts',(23.7544337101281,6.62278331816196,0.2));
#8273=CARTESIAN_POINT('Ctrl Pts',(23.7525190923671,6.54061635406815,0.2));
#8274=CARTESIAN_POINT('Ctrl Pts',(23.7491200011616,6.39474232598656,0.2));
#8275=CARTESIAN_POINT('Ctrl Pts',(23.6694946651793,6.27358239147526,0.2));
#8276=CARTESIAN_POINT('Ctrl Pts',(23.6347201652825,6.22066862881184,0.2));
#8277=CARTESIAN_POINT('Origin',(23.7544337101281,8.0000001937151,0.));
#8278=CARTESIAN_POINT('',(23.7544337101281,8.0000001937151,0.));
#8279=CARTESIAN_POINT('',(23.7544337101281,23.2500000968575,0.));
#8280=CARTESIAN_POINT('',(23.7544337101281,8.0000001937151,0.2));
#8281=CARTESIAN_POINT('',(23.7544337101281,8.0000001937151,0.));
#8282=CARTESIAN_POINT('',(23.7544337101281,8.0000001937151,0.2));
#8283=CARTESIAN_POINT('Origin',(24.1227832622826,8.0000001937151,0.));
#8284=CARTESIAN_POINT('',(24.1227832622826,8.0000001937151,0.));
#8285=CARTESIAN_POINT('',(26.8113916311413,8.0000001937151,0.));
#8286=CARTESIAN_POINT('',(24.1227832622826,8.0000001937151,0.2));
#8287=CARTESIAN_POINT('',(24.1227832622826,8.0000001937151,0.));
#8288=CARTESIAN_POINT('',(24.1227832622826,8.0000001937151,0.2));
#8289=CARTESIAN_POINT('Origin',(24.1227832622826,6.62278331816196,0.));
#8290=CARTESIAN_POINT('',(24.1227832622826,6.62278331816196,0.));
#8291=CARTESIAN_POINT('',(24.1227832622826,22.561391659081,0.));
#8292=CARTESIAN_POINT('',(24.1227832622826,6.62278331816196,0.2));
#8293=CARTESIAN_POINT('',(24.1227832622826,6.62278331816196,0.));
#8294=CARTESIAN_POINT('',(24.1227832622826,6.62278331816196,0.2));
#8295=CARTESIAN_POINT('Ctrl Pts',(24.0460434742272,6.13574363291264,0.));
#8296=CARTESIAN_POINT('Ctrl Pts',(24.0460434742272,6.13574363291264,0.2));
#8297=CARTESIAN_POINT('Ctrl Pts',(24.0683183976673,6.20376561046954,0.));
#8298=CARTESIAN_POINT('Ctrl Pts',(24.0683183976673,6.20376561046954,0.2));
#8299=CARTESIAN_POINT('Ctrl Pts',(24.1200095381133,6.36161726840074,0.));
#8300=CARTESIAN_POINT('Ctrl Pts',(24.1200095381133,6.36161726840074,0.2));
#8301=CARTESIAN_POINT('Ctrl Pts',(24.1217772811405,6.52806296928476,0.));
#8302=CARTESIAN_POINT('Ctrl Pts',(24.1217772811405,6.52806296928476,0.2));
#8303=CARTESIAN_POINT('Ctrl Pts',(24.1227832622826,6.62278331816196,0.));
#8304=CARTESIAN_POINT('Ctrl Pts',(24.1227832622826,6.62278331816196,0.2));
#8305=CARTESIAN_POINT('',(24.0460434742272,6.13574363291264,0.));
#8306=CARTESIAN_POINT('Ctrl Pts',(24.0460434742272,6.13574363291264,0.));
#8307=CARTESIAN_POINT('Ctrl Pts',(24.0683183976673,6.20376561046954,0.));
#8308=CARTESIAN_POINT('Ctrl Pts',(24.1200095381133,6.36161726840074,0.));
#8309=CARTESIAN_POINT('Ctrl Pts',(24.1217772811405,6.52806296928476,0.));
#8310=CARTESIAN_POINT('Ctrl Pts',(24.1227832622826,6.62278331816196,0.));
#8311=CARTESIAN_POINT('',(24.0460434742272,6.13574363291264,0.2));
#8312=CARTESIAN_POINT('',(24.0460434742272,6.13574363291264,0.));
#8313=CARTESIAN_POINT('Ctrl Pts',(24.0460434742272,6.13574363291264,0.2));
#8314=CARTESIAN_POINT('Ctrl Pts',(24.0683183976673,6.20376561046954,0.2));
#8315=CARTESIAN_POINT('Ctrl Pts',(24.1200095381133,6.36161726840074,0.2));
#8316=CARTESIAN_POINT('Ctrl Pts',(24.1217772811405,6.52806296928476,0.2));
#8317=CARTESIAN_POINT('Ctrl Pts',(24.1227832622826,6.62278331816196,0.2));
#8318=CARTESIAN_POINT('Ctrl Pts',(23.7912681885064,5.87278328835964,0.));
#8319=CARTESIAN_POINT('Ctrl Pts',(23.7912681885064,5.87278328835964,0.2));
#8320=CARTESIAN_POINT('Ctrl Pts',(23.8460606739398,5.90681902592539,0.));
#8321=CARTESIAN_POINT('Ctrl Pts',(23.8460606739398,5.90681902592539,0.2));
#8322=CARTESIAN_POINT('Ctrl Pts',(23.953044566241,5.97327477534655,0.));
#8323=CARTESIAN_POINT('Ctrl Pts',(23.953044566241,5.97327477534655,0.2));
#8324=CARTESIAN_POINT('Ctrl Pts',(24.0155504023102,6.08247231322394,0.));
#8325=CARTESIAN_POINT('Ctrl Pts',(24.0155504023102,6.08247231322394,0.2));
#8326=CARTESIAN_POINT('Ctrl Pts',(24.0460434742272,6.13574363291264,0.));
#8327=CARTESIAN_POINT('Ctrl Pts',(24.0460434742272,6.13574363291264,0.2));
#8328=CARTESIAN_POINT('',(23.7912681885064,5.87278328835964,0.));
#8329=CARTESIAN_POINT('Ctrl Pts',(23.7912681885064,5.87278328835964,0.));
#8330=CARTESIAN_POINT('Ctrl Pts',(23.8460606739398,5.90681902592539,0.));
#8331=CARTESIAN_POINT('Ctrl Pts',(23.953044566241,5.97327477534655,0.));
#8332=CARTESIAN_POINT('Ctrl Pts',(24.0155504023102,6.08247231322394,0.));
#8333=CARTESIAN_POINT('Ctrl Pts',(24.0460434742272,6.13574363291264,0.));
#8334=CARTESIAN_POINT('',(23.7912681885064,5.87278328835964,0.2));
#8335=CARTESIAN_POINT('',(23.7912681885064,5.87278328835964,0.));
#8336=CARTESIAN_POINT('Ctrl Pts',(23.7912681885064,5.87278328835964,0.2));
#8337=CARTESIAN_POINT('Ctrl Pts',(23.8460606739398,5.90681902592539,0.2));
#8338=CARTESIAN_POINT('Ctrl Pts',(23.953044566241,5.97327477534655,0.2));
#8339=CARTESIAN_POINT('Ctrl Pts',(24.0155504023102,6.08247231322394,0.2));
#8340=CARTESIAN_POINT('Ctrl Pts',(24.0460434742272,6.13574363291264,0.2));
#8341=CARTESIAN_POINT('Ctrl Pts',(23.3717599697411,5.77762641012669,0.));
#8342=CARTESIAN_POINT('Ctrl Pts',(23.3717599697411,5.77762641012669,0.2));
#8343=CARTESIAN_POINT('Ctrl Pts',(23.4480732519151,5.78079589305508,0.));
#8344=CARTESIAN_POINT('Ctrl Pts',(23.4480732519151,5.78079589305508,0.2));
#8345=CARTESIAN_POINT('Ctrl Pts',(23.5938875302946,5.78685192750772,0.));
#8346=CARTESIAN_POINT('Ctrl Pts',(23.5938875302946,5.78685192750772,0.2));
#8347=CARTESIAN_POINT('Ctrl Pts',(23.7275562553708,5.84504575233942,0.));
#8348=CARTESIAN_POINT('Ctrl Pts',(23.7275562553708,5.84504575233942,0.2));
#8349=CARTESIAN_POINT('Ctrl Pts',(23.7912681885064,5.87278328835964,0.));
#8350=CARTESIAN_POINT('Ctrl Pts',(23.7912681885064,5.87278328835964,0.2));
#8351=CARTESIAN_POINT('',(23.3717599697411,5.77762641012669,0.));
#8352=CARTESIAN_POINT('Ctrl Pts',(23.3717599697411,5.77762641012669,0.));
#8353=CARTESIAN_POINT('Ctrl Pts',(23.4480732519151,5.78079589305508,0.));
#8354=CARTESIAN_POINT('Ctrl Pts',(23.5938875302946,5.78685192750772,0.));
#8355=CARTESIAN_POINT('Ctrl Pts',(23.7275562553708,5.84504575233942,0.));
#8356=CARTESIAN_POINT('Ctrl Pts',(23.7912681885064,5.87278328835964,0.));
#8357=CARTESIAN_POINT('',(23.3717599697411,5.77762641012669,0.2));
#8358=CARTESIAN_POINT('',(23.3717599697411,5.77762641012669,0.));
#8359=CARTESIAN_POINT('Ctrl Pts',(23.3717599697411,5.77762641012669,0.2));
#8360=CARTESIAN_POINT('Ctrl Pts',(23.4480732519151,5.78079589305508,0.2));
#8361=CARTESIAN_POINT('Ctrl Pts',(23.5938875302946,5.78685192750772,0.2));
#8362=CARTESIAN_POINT('Ctrl Pts',(23.7275562553708,5.84504575233942,0.2));
#8363=CARTESIAN_POINT('Ctrl Pts',(23.7912681885064,5.87278328835964,0.2));
#8364=CARTESIAN_POINT('Ctrl Pts',(22.7210095711052,6.07639856636524,0.));
#8365=CARTESIAN_POINT('Ctrl Pts',(22.7210095711052,6.07639856636524,0.2));
#8366=CARTESIAN_POINT('Ctrl Pts',(22.8125017360525,5.98925676510846,0.));
#8367=CARTESIAN_POINT('Ctrl Pts',(22.8125017360525,5.98925676510846,0.2));
#8368=CARTESIAN_POINT('Ctrl Pts',(22.9952535301416,5.81519464154826,0.));
#8369=CARTESIAN_POINT('Ctrl Pts',(22.9952535301416,5.81519464154826,0.2));
#8370=CARTESIAN_POINT('Ctrl Pts',(23.2463643287776,5.79013852668965,0.));
#8371=CARTESIAN_POINT('Ctrl Pts',(23.2463643287776,5.79013852668965,0.2));
#8372=CARTESIAN_POINT('Ctrl Pts',(23.3717599697411,5.77762641012669,0.));
#8373=CARTESIAN_POINT('Ctrl Pts',(23.3717599697411,5.77762641012669,0.2));
#8374=CARTESIAN_POINT('',(22.7210095711052,6.07639856636524,0.));
#8375=CARTESIAN_POINT('Ctrl Pts',(22.7210095711052,6.07639856636524,0.));
#8376=CARTESIAN_POINT('Ctrl Pts',(22.8125017360525,5.98925676510846,0.));
#8377=CARTESIAN_POINT('Ctrl Pts',(22.9952535301416,5.81519464154826,0.));
#8378=CARTESIAN_POINT('Ctrl Pts',(23.2463643287776,5.79013852668965,0.));
#8379=CARTESIAN_POINT('Ctrl Pts',(23.3717599697411,5.77762641012669,0.));
#8380=CARTESIAN_POINT('',(22.7210095711052,6.07639856636524,0.2));
#8381=CARTESIAN_POINT('',(22.7210095711052,6.07639856636524,0.));
#8382=CARTESIAN_POINT('Ctrl Pts',(22.7210095711052,6.07639856636524,0.2));
#8383=CARTESIAN_POINT('Ctrl Pts',(22.8125017360525,5.98925676510846,0.2));
#8384=CARTESIAN_POINT('Ctrl Pts',(22.9952535301416,5.81519464154826,0.2));
#8385=CARTESIAN_POINT('Ctrl Pts',(23.2463643287776,5.79013852668965,0.2));
#8386=CARTESIAN_POINT('Ctrl Pts',(23.3717599697411,5.77762641012669,0.2));
#8387=CARTESIAN_POINT('Origin',(22.7210095711052,5.00000007450581,0.));
#8388=CARTESIAN_POINT('',(22.7210095711052,5.00000007450581,0.));
#8389=CARTESIAN_POINT('',(22.7210095711052,21.7500000372529,0.));
#8390=CARTESIAN_POINT('',(22.7210095711052,5.00000007450581,0.2));
#8391=CARTESIAN_POINT('',(22.7210095711052,5.00000007450581,0.));
#8392=CARTESIAN_POINT('',(22.7210095711052,5.00000007450581,0.2));
#8393=CARTESIAN_POINT('Origin',(22.3526600189507,5.00000007450581,0.));
#8394=CARTESIAN_POINT('',(22.3526600189507,5.00000007450581,0.));
#8395=CARTESIAN_POINT('',(25.9263300094754,5.00000007450581,0.));
#8396=CARTESIAN_POINT('',(22.3526600189507,5.00000007450581,0.2));
#8397=CARTESIAN_POINT('',(22.3526600189507,5.00000007450581,0.));
#8398=CARTESIAN_POINT('',(22.3526600189507,5.00000007450581,0.2));
#8399=CARTESIAN_POINT('Origin',(22.3526600189507,8.0000001937151,0.));
#8400=CARTESIAN_POINT('',(22.3526600189507,8.0000001937151,0.));
#8401=CARTESIAN_POINT('',(22.3526600189507,23.2500000968575,0.));
#8402=CARTESIAN_POINT('',(22.3526600189507,8.0000001937151,0.2));
#8403=CARTESIAN_POINT('',(22.3526600189507,8.0000001937151,0.));
#8404=CARTESIAN_POINT('',(22.3526600189507,8.0000001937151,0.2));
#8405=CARTESIAN_POINT('Origin',(22.7210095711052,8.0000001937151,0.));
#8406=CARTESIAN_POINT('',(26.1105047855526,8.0000001937151,0.));
#8407=CARTESIAN_POINT('',(22.7210095711052,8.0000001937151,0.2));
#8408=CARTESIAN_POINT('Origin',(29.9999997206032,6.94099597632885,0.2));
#8409=CARTESIAN_POINT('Ctrl Pts',(44.1384712047875,6.0825376957655,0.));
#8410=CARTESIAN_POINT('Ctrl Pts',(44.1384712047875,6.0825376957655,0.2));
#8411=CARTESIAN_POINT('Ctrl Pts',(44.0595596802634,6.09141639242451,0.));
#8412=CARTESIAN_POINT('Ctrl Pts',(44.0595596802634,6.09141639242451,0.2));
#8413=CARTESIAN_POINT('Ctrl Pts',(43.8991680173843,6.10946279223655,0.));
#8414=CARTESIAN_POINT('Ctrl Pts',(43.8991680173843,6.10946279223655,0.2));
#8415=CARTESIAN_POINT('Ctrl Pts',(43.7857759192176,6.22459531802993,0.));
#8416=CARTESIAN_POINT('Ctrl Pts',(43.7857759192176,6.22459531802993,0.2));
#8417=CARTESIAN_POINT('Ctrl Pts',(43.72817190364,6.28308348357677,0.));
#8418=CARTESIAN_POINT('Ctrl Pts',(43.72817190364,6.28308348357677,0.2));
#8419=CARTESIAN_POINT('',(44.1384712047875,6.0825376957655,0.));
#8420=CARTESIAN_POINT('',(43.72817190364,6.28308348357677,0.));
#8421=CARTESIAN_POINT('Ctrl Pts',(44.1384712047875,6.0825376957655,0.));
#8422=CARTESIAN_POINT('Ctrl Pts',(44.0595596802634,6.09141639242451,0.));
#8423=CARTESIAN_POINT('Ctrl Pts',(43.8991680173843,6.10946279223655,0.));
#8424=CARTESIAN_POINT('Ctrl Pts',(43.7857759192176,6.22459531802993,0.));
#8425=CARTESIAN_POINT('Ctrl Pts',(43.72817190364,6.28308348357677,0.));
#8426=CARTESIAN_POINT('',(44.1384712047875,6.0825376957655,0.2));
#8427=CARTESIAN_POINT('',(44.1384712047875,6.0825376957655,0.));
#8428=CARTESIAN_POINT('',(43.72817190364,6.28308348357677,0.2));
#8429=CARTESIAN_POINT('Ctrl Pts',(44.1384712047875,6.0825376957655,0.2));
#8430=CARTESIAN_POINT('Ctrl Pts',(44.0595596802634,6.09141639242451,0.2));
#8431=CARTESIAN_POINT('Ctrl Pts',(43.8991680173843,6.10946279223655,0.2));
#8432=CARTESIAN_POINT('Ctrl Pts',(43.7857759192176,6.22459531802993,0.2));
#8433=CARTESIAN_POINT('Ctrl Pts',(43.72817190364,6.28308348357677,0.2));
#8434=CARTESIAN_POINT('',(43.72817190364,6.28308348357677,0.));
#8435=CARTESIAN_POINT('Ctrl Pts',(44.5620742626488,6.29126898944378,0.));
#8436=CARTESIAN_POINT('Ctrl Pts',(44.5620742626488,6.29126898944378,0.2));
#8437=CARTESIAN_POINT('Ctrl Pts',(44.5023539659703,6.2303966625059,0.));
#8438=CARTESIAN_POINT('Ctrl Pts',(44.5023539659703,6.2303966625059,0.2));
#8439=CARTESIAN_POINT('Ctrl Pts',(44.3853391820914,6.11112461301853,0.));
#8440=CARTESIAN_POINT('Ctrl Pts',(44.3853391820914,6.11112461301853,0.2));
#8441=CARTESIAN_POINT('Ctrl Pts',(44.219615334863,6.09193405635212,0.));
#8442=CARTESIAN_POINT('Ctrl Pts',(44.219615334863,6.09193405635212,0.2));
#8443=CARTESIAN_POINT('Ctrl Pts',(44.1384712047875,6.0825376957655,0.));
#8444=CARTESIAN_POINT('Ctrl Pts',(44.1384712047875,6.0825376957655,0.2));
#8445=CARTESIAN_POINT('',(44.5620742626488,6.29126898944378,0.));
#8446=CARTESIAN_POINT('Ctrl Pts',(44.5620742626488,6.29126898944378,0.));
#8447=CARTESIAN_POINT('Ctrl Pts',(44.5023539659703,6.2303966625059,0.));
#8448=CARTESIAN_POINT('Ctrl Pts',(44.3853391820914,6.11112461301853,0.));
#8449=CARTESIAN_POINT('Ctrl Pts',(44.219615334863,6.09193405635212,0.));
#8450=CARTESIAN_POINT('Ctrl Pts',(44.1384712047875,6.0825376957655,0.));
#8451=CARTESIAN_POINT('',(44.5620742626488,6.29126898944378,0.2));
#8452=CARTESIAN_POINT('',(44.5620742626488,6.29126898944378,0.));
#8453=CARTESIAN_POINT('Ctrl Pts',(44.5620742626488,6.29126898944378,0.2));
#8454=CARTESIAN_POINT('Ctrl Pts',(44.5023539659703,6.2303966625059,0.2));
#8455=CARTESIAN_POINT('Ctrl Pts',(44.3853391820914,6.11112461301853,0.2));
#8456=CARTESIAN_POINT('Ctrl Pts',(44.219615334863,6.09193405635212,0.2));
#8457=CARTESIAN_POINT('Ctrl Pts',(44.1384712047875,6.0825376957655,0.2));
#8458=CARTESIAN_POINT('Ctrl Pts',(44.7339692898095,6.94611229002476,0.));
#8459=CARTESIAN_POINT('Ctrl Pts',(44.7339692898095,6.94611229002476,0.2));
#8460=CARTESIAN_POINT('Ctrl Pts',(44.7315161019145,6.81378319975995,0.));
#8461=CARTESIAN_POINT('Ctrl Pts',(44.7315161019145,6.81378319975995,0.2));
#8462=CARTESIAN_POINT('Ctrl Pts',(44.7271876910014,6.58030141893006,0.));
#8463=CARTESIAN_POINT('Ctrl Pts',(44.7271876910014,6.58030141893006,0.2));
#8464=CARTESIAN_POINT('Ctrl Pts',(44.6119844451135,6.37863717892296,0.));
#8465=CARTESIAN_POINT('Ctrl Pts',(44.6119844451135,6.37863717892296,0.2));
#8466=CARTESIAN_POINT('Ctrl Pts',(44.5620742626488,6.29126898944378,0.));
#8467=CARTESIAN_POINT('Ctrl Pts',(44.5620742626488,6.29126898944378,0.2));
#8468=CARTESIAN_POINT('',(44.7339692898095,6.94611229002476,0.));
#8469=CARTESIAN_POINT('Ctrl Pts',(44.7339692898095,6.94611229002476,0.));
#8470=CARTESIAN_POINT('Ctrl Pts',(44.7315161019145,6.81378319975995,0.));
#8471=CARTESIAN_POINT('Ctrl Pts',(44.7271876910014,6.58030141893006,0.));
#8472=CARTESIAN_POINT('Ctrl Pts',(44.6119844451135,6.37863717892296,0.));
#8473=CARTESIAN_POINT('Ctrl Pts',(44.5620742626488,6.29126898944378,0.));
#8474=CARTESIAN_POINT('',(44.7339692898095,6.94611229002476,0.2));
#8475=CARTESIAN_POINT('',(44.7339692898095,6.94611229002476,0.));
#8476=CARTESIAN_POINT('Ctrl Pts',(44.7339692898095,6.94611229002476,0.2));
#8477=CARTESIAN_POINT('Ctrl Pts',(44.7315161019145,6.81378319975995,0.2));
#8478=CARTESIAN_POINT('Ctrl Pts',(44.7271876910014,6.58030141893006,0.2));
#8479=CARTESIAN_POINT('Ctrl Pts',(44.6119844451135,6.37863717892296,0.2));
#8480=CARTESIAN_POINT('Ctrl Pts',(44.5620742626488,6.29126898944378,0.2));
#8481=CARTESIAN_POINT('Ctrl Pts',(44.5651427097619,7.54877246916294,0.));
#8482=CARTESIAN_POINT('Ctrl Pts',(44.5651427097619,7.54877246916294,0.2));
#8483=CARTESIAN_POINT('Ctrl Pts',(44.6142046050297,7.46771611948988,0.));
#8484=CARTESIAN_POINT('Ctrl Pts',(44.6142046050297,7.46771611948988,0.2));
#8485=CARTESIAN_POINT('Ctrl Pts',(44.7256704849628,7.28356062995702,0.));
#8486=CARTESIAN_POINT('Ctrl Pts',(44.7256704849628,7.28356062995702,0.2));
#8487=CARTESIAN_POINT('Ctrl Pts',(44.7309907489819,7.06722655602524,0.));
#8488=CARTESIAN_POINT('Ctrl Pts',(44.7309907489819,7.06722655602524,0.2));
#8489=CARTESIAN_POINT('Ctrl Pts',(44.7339692898095,6.94611229002476,0.));
#8490=CARTESIAN_POINT('Ctrl Pts',(44.7339692898095,6.94611229002476,0.2));
#8491=CARTESIAN_POINT('',(44.5651427097619,7.54877246916294,0.));
#8492=CARTESIAN_POINT('Ctrl Pts',(44.5651427097619,7.54877246916294,0.));
#8493=CARTESIAN_POINT('Ctrl Pts',(44.6142046050297,7.46771611948988,0.));
#8494=CARTESIAN_POINT('Ctrl Pts',(44.7256704849628,7.28356062995702,0.));
#8495=CARTESIAN_POINT('Ctrl Pts',(44.7309907489819,7.06722655602524,0.));
#8496=CARTESIAN_POINT('Ctrl Pts',(44.7339692898095,6.94611229002476,0.));
#8497=CARTESIAN_POINT('',(44.5651427097619,7.54877246916294,0.2));
#8498=CARTESIAN_POINT('',(44.5651427097619,7.54877246916294,0.));
#8499=CARTESIAN_POINT('Ctrl Pts',(44.5651427097619,7.54877246916294,0.2));
#8500=CARTESIAN_POINT('Ctrl Pts',(44.6142046050297,7.46771611948988,0.2));
#8501=CARTESIAN_POINT('Ctrl Pts',(44.7256704849628,7.28356062995702,0.2));
#8502=CARTESIAN_POINT('Ctrl Pts',(44.7309907489819,7.06722655602524,0.2));
#8503=CARTESIAN_POINT('Ctrl Pts',(44.7339692898095,6.94611229002476,0.2));
#8504=CARTESIAN_POINT('Ctrl Pts',(44.1548434086144,7.74624861776829,0.));
#8505=CARTESIAN_POINT('Ctrl Pts',(44.1548434086144,7.74624861776829,0.2));
#8506=CARTESIAN_POINT('Ctrl Pts',(44.2328730528395,7.7373491265836,0.));
#8507=CARTESIAN_POINT('Ctrl Pts',(44.2328730528395,7.7373491265836,0.2));
#8508=CARTESIAN_POINT('Ctrl Pts',(44.3922868868723,7.7191675492513,0.));
#8509=CARTESIAN_POINT('Ctrl Pts',(44.3922868868723,7.7191675492513,0.2));
#8510=CARTESIAN_POINT('Ctrl Pts',(44.5067214201057,7.60636208438916,0.));
#8511=CARTESIAN_POINT('Ctrl Pts',(44.5067214201057,7.60636208438916,0.2));
#8512=CARTESIAN_POINT('Ctrl Pts',(44.5651427097619,7.54877246916294,0.));
#8513=CARTESIAN_POINT('Ctrl Pts',(44.5651427097619,7.54877246916294,0.2));
#8514=CARTESIAN_POINT('',(44.1548434086144,7.74624861776829,0.));
#8515=CARTESIAN_POINT('Ctrl Pts',(44.1548434086144,7.74624861776829,0.));
#8516=CARTESIAN_POINT('Ctrl Pts',(44.2328730528395,7.7373491265836,0.));
#8517=CARTESIAN_POINT('Ctrl Pts',(44.3922868868723,7.7191675492513,0.));
#8518=CARTESIAN_POINT('Ctrl Pts',(44.5067214201057,7.60636208438916,0.));
#8519=CARTESIAN_POINT('Ctrl Pts',(44.5651427097619,7.54877246916294,0.));
#8520=CARTESIAN_POINT('',(44.1548434086144,7.74624861776829,0.2));
#8521=CARTESIAN_POINT('',(44.1548434086144,7.74624861776829,0.));
#8522=CARTESIAN_POINT('Ctrl Pts',(44.1548434086144,7.74624861776829,0.2));
#8523=CARTESIAN_POINT('Ctrl Pts',(44.2328730528395,7.7373491265836,0.2));
#8524=CARTESIAN_POINT('Ctrl Pts',(44.3922868868723,7.7191675492513,0.2));
#8525=CARTESIAN_POINT('Ctrl Pts',(44.5067214201057,7.60636208438916,0.2));
#8526=CARTESIAN_POINT('Ctrl Pts',(44.5651427097619,7.54877246916294,0.2));
#8527=CARTESIAN_POINT('Ctrl Pts',(43.7394276447594,7.53956355154514,0.));
#8528=CARTESIAN_POINT('Ctrl Pts',(43.7394276447594,7.53956355154514,0.2));
#8529=CARTESIAN_POINT('Ctrl Pts',(43.7991925804606,7.59982341150684,0.));
#8530=CARTESIAN_POINT('Ctrl Pts',(43.7991925804606,7.59982341150684,0.2));
#8531=CARTESIAN_POINT('Ctrl Pts',(43.9145579779552,7.71614417075958,0.));
#8532=CARTESIAN_POINT('Ctrl Pts',(43.9145579779552,7.71614417075958,0.2));
#8533=CARTESIAN_POINT('Ctrl Pts',(44.0766992635639,7.73645823527502,0.));
#8534=CARTESIAN_POINT('Ctrl Pts',(44.0766992635639,7.73645823527502,0.2));
#8535=CARTESIAN_POINT('Ctrl Pts',(44.1548434086144,7.74624861776829,0.));
#8536=CARTESIAN_POINT('Ctrl Pts',(44.1548434086144,7.74624861776829,0.2));
#8537=CARTESIAN_POINT('',(43.7394276447594,7.53956355154514,0.));
#8538=CARTESIAN_POINT('Ctrl Pts',(43.7394276447594,7.53956355154514,0.));
#8539=CARTESIAN_POINT('Ctrl Pts',(43.7991925804606,7.59982341150684,0.));
#8540=CARTESIAN_POINT('Ctrl Pts',(43.9145579779552,7.71614417075958,0.));
#8541=CARTESIAN_POINT('Ctrl Pts',(44.0766992635639,7.73645823527502,0.));
#8542=CARTESIAN_POINT('Ctrl Pts',(44.1548434086144,7.74624861776829,0.));
#8543=CARTESIAN_POINT('',(43.7394276447594,7.53956355154514,0.2));
#8544=CARTESIAN_POINT('',(43.7394276447594,7.53956355154514,0.));
#8545=CARTESIAN_POINT('Ctrl Pts',(43.7394276447594,7.53956355154514,0.2));
#8546=CARTESIAN_POINT('Ctrl Pts',(43.7991925804606,7.59982341150684,0.2));
#8547=CARTESIAN_POINT('Ctrl Pts',(43.9145579779552,7.71614417075958,0.2));
#8548=CARTESIAN_POINT('Ctrl Pts',(44.0766992635639,7.73645823527502,0.2));
#8549=CARTESIAN_POINT('Ctrl Pts',(44.1548434086144,7.74624861776829,0.2));
#8550=CARTESIAN_POINT('Ctrl Pts',(43.5634365864098,6.91541649401188,0.));
#8551=CARTESIAN_POINT('Ctrl Pts',(43.5634365864098,6.91541649401188,0.2));
#8552=CARTESIAN_POINT('Ctrl Pts',(43.5666973294189,7.04047621939738,0.));
#8553=CARTESIAN_POINT('Ctrl Pts',(43.5666973294189,7.04047621939738,0.2));
#8554=CARTESIAN_POINT('Ctrl Pts',(43.5725409545901,7.26459757981089,0.));
#8555=CARTESIAN_POINT('Ctrl Pts',(43.5725409545901,7.26459757981089,0.2));
#8556=CARTESIAN_POINT('Ctrl Pts',(43.6882737516841,7.45528133644949,0.));
#8557=CARTESIAN_POINT('Ctrl Pts',(43.6882737516841,7.45528133644949,0.2));
#8558=CARTESIAN_POINT('Ctrl Pts',(43.7394276447594,7.53956355154514,0.));
#8559=CARTESIAN_POINT('Ctrl Pts',(43.7394276447594,7.53956355154514,0.2));
#8560=CARTESIAN_POINT('',(43.5634365864098,6.91541649401188,0.));
#8561=CARTESIAN_POINT('Ctrl Pts',(43.5634365864098,6.91541649401188,0.));
#8562=CARTESIAN_POINT('Ctrl Pts',(43.5666973294189,7.04047621939738,0.));
#8563=CARTESIAN_POINT('Ctrl Pts',(43.5725409545901,7.26459757981089,0.));
#8564=CARTESIAN_POINT('Ctrl Pts',(43.6882737516841,7.45528133644949,0.));
#8565=CARTESIAN_POINT('Ctrl Pts',(43.7394276447594,7.53956355154514,0.));
#8566=CARTESIAN_POINT('',(43.5634365864098,6.91541649401188,0.2));
#8567=CARTESIAN_POINT('',(43.5634365864098,6.91541649401188,0.));
#8568=CARTESIAN_POINT('Ctrl Pts',(43.5634365864098,6.91541649401188,0.2));
#8569=CARTESIAN_POINT('Ctrl Pts',(43.5666973294189,7.04047621939738,0.2));
#8570=CARTESIAN_POINT('Ctrl Pts',(43.5725409545901,7.26459757981089,0.2));
#8571=CARTESIAN_POINT('Ctrl Pts',(43.6882737516841,7.45528133644949,0.2));
#8572=CARTESIAN_POINT('Ctrl Pts',(43.7394276447594,7.53956355154514,0.2));
#8573=CARTESIAN_POINT('Ctrl Pts',(43.72817190364,6.28308348357677,0.));
#8574=CARTESIAN_POINT('Ctrl Pts',(43.72817190364,6.28308348357677,0.2));
#8575=CARTESIAN_POINT('Ctrl Pts',(43.6803455927325,6.36730750669012,0.));
#8576=CARTESIAN_POINT('Ctrl Pts',(43.6803455927325,6.36730750669012,0.2));
#8577=CARTESIAN_POINT('Ctrl Pts',(43.5696863867203,6.5621827405941,0.));
#8578=CARTESIAN_POINT('Ctrl Pts',(43.5696863867203,6.5621827405941,0.2));
#8579=CARTESIAN_POINT('Ctrl Pts',(43.5657000499612,6.78748733047624,0.));
#8580=CARTESIAN_POINT('Ctrl Pts',(43.5657000499612,6.78748733047624,0.2));
#8581=CARTESIAN_POINT('Ctrl Pts',(43.5634365864098,6.91541649401188,0.));
#8582=CARTESIAN_POINT('Ctrl Pts',(43.5634365864098,6.91541649401188,0.2));
#8583=CARTESIAN_POINT('Ctrl Pts',(43.72817190364,6.28308348357677,0.));
#8584=CARTESIAN_POINT('Ctrl Pts',(43.6803455927325,6.36730750669012,0.));
#8585=CARTESIAN_POINT('Ctrl Pts',(43.5696863867203,6.5621827405941,0.));
#8586=CARTESIAN_POINT('Ctrl Pts',(43.5657000499612,6.78748733047624,0.));
#8587=CARTESIAN_POINT('Ctrl Pts',(43.5634365864098,6.91541649401188,0.));
#8588=CARTESIAN_POINT('Ctrl Pts',(43.72817190364,6.28308348357677,0.2));
#8589=CARTESIAN_POINT('Ctrl Pts',(43.6803455927325,6.36730750669012,0.2));
#8590=CARTESIAN_POINT('Ctrl Pts',(43.5696863867203,6.5621827405941,0.2));
#8591=CARTESIAN_POINT('Ctrl Pts',(43.5657000499612,6.78748733047624,0.2));
#8592=CARTESIAN_POINT('Ctrl Pts',(43.5634365864098,6.91541649401188,0.2));
#8593=CARTESIAN_POINT('Origin',(45.069576818496,5.00000037252903,0.));
#8594=CARTESIAN_POINT('',(45.069576818496,5.00000037252903,0.));
#8595=CARTESIAN_POINT('',(45.069576818496,8.0000001937151,0.));
#8596=CARTESIAN_POINT('',(45.069576818496,21.7500001862645,0.));
#8597=CARTESIAN_POINT('',(45.069576818496,5.00000037252903,0.2));
#8598=CARTESIAN_POINT('',(45.069576818496,5.00000037252903,0.));
#8599=CARTESIAN_POINT('',(45.069576818496,8.0000001937151,0.2));
#8600=CARTESIAN_POINT('',(45.069576818496,5.00000037252903,0.2));
#8601=CARTESIAN_POINT('',(45.069576818496,8.0000001937151,0.));
#8602=CARTESIAN_POINT('Origin',(44.7032752819359,5.00000037252903,0.));
#8603=CARTESIAN_POINT('',(44.7032752819359,5.00000037252903,0.));
#8604=CARTESIAN_POINT('',(37.101637640968,5.00000037252903,0.));
#8605=CARTESIAN_POINT('',(44.7032752819359,5.00000037252903,0.2));
#8606=CARTESIAN_POINT('',(44.7032752819359,5.00000037252903,0.));
#8607=CARTESIAN_POINT('',(44.7032752819359,5.00000037252903,0.2));
#8608=CARTESIAN_POINT('Origin',(44.7032752819359,6.07639856636524,0.));
#8609=CARTESIAN_POINT('',(44.7032752819359,6.07639856636524,0.));
#8610=CARTESIAN_POINT('',(44.7032752819359,22.2881992831826,0.));
#8611=CARTESIAN_POINT('',(44.7032752819359,6.07639856636524,0.2));
#8612=CARTESIAN_POINT('',(44.7032752819359,6.07639856636524,0.));
#8613=CARTESIAN_POINT('',(44.7032752819359,6.07639856636524,0.2));
#8614=CARTESIAN_POINT('Ctrl Pts',(44.4536152668297,5.86050502955914,0.));
#8615=CARTESIAN_POINT('Ctrl Pts',(44.4536152668297,5.86050502955914,0.2));
#8616=CARTESIAN_POINT('Ctrl Pts',(44.5021257921613,5.88986034296282,0.));
#8617=CARTESIAN_POINT('Ctrl Pts',(44.5021257921613,5.88986034296282,0.2));
#8618=CARTESIAN_POINT('Ctrl Pts',(44.5976401985789,5.94765924981433,0.));
#8619=CARTESIAN_POINT('Ctrl Pts',(44.5976401985789,5.94765924981433,0.2));
#8620=CARTESIAN_POINT('Ctrl Pts',(44.6684358309181,6.03393912040744,0.));
#8621=CARTESIAN_POINT('Ctrl Pts',(44.6684358309181,6.03393912040744,0.2));
#8622=CARTESIAN_POINT('Ctrl Pts',(44.7032752819359,6.07639856636524,0.));
#8623=CARTESIAN_POINT('Ctrl Pts',(44.7032752819359,6.07639856636524,0.2));
#8624=CARTESIAN_POINT('',(44.4536152668297,5.86050502955914,0.));
#8625=CARTESIAN_POINT('Ctrl Pts',(44.4536152668297,5.86050502955914,0.));
#8626=CARTESIAN_POINT('Ctrl Pts',(44.5021257921613,5.88986034296282,0.));
#8627=CARTESIAN_POINT('Ctrl Pts',(44.5976401985789,5.94765924981433,0.));
#8628=CARTESIAN_POINT('Ctrl Pts',(44.6684358309181,6.03393912040744,0.));
#8629=CARTESIAN_POINT('Ctrl Pts',(44.7032752819359,6.07639856636524,0.));
#8630=CARTESIAN_POINT('',(44.4536152668297,5.86050502955914,0.2));
#8631=CARTESIAN_POINT('',(44.4536152668297,5.86050502955914,0.));
#8632=CARTESIAN_POINT('Ctrl Pts',(44.4536152668297,5.86050502955914,0.2));
#8633=CARTESIAN_POINT('Ctrl Pts',(44.5021257921613,5.88986034296282,0.2));
#8634=CARTESIAN_POINT('Ctrl Pts',(44.5976401985789,5.94765924981433,0.2));
#8635=CARTESIAN_POINT('Ctrl Pts',(44.6684358309181,6.03393912040744,0.2));
#8636=CARTESIAN_POINT('Ctrl Pts',(44.7032752819359,6.07639856636524,0.2));
#8637=CARTESIAN_POINT('Ctrl Pts',(44.1036835499108,5.77762641012669,0.));
#8638=CARTESIAN_POINT('Ctrl Pts',(44.1036835499108,5.77762641012669,0.2));
#8639=CARTESIAN_POINT('Ctrl Pts',(44.1665272042565,5.78062955828089,0.));
#8640=CARTESIAN_POINT('Ctrl Pts',(44.1665272042565,5.78062955828089,0.2));
#8641=CARTESIAN_POINT('Ctrl Pts',(44.2884248030271,5.786454753403,0.));
#8642=CARTESIAN_POINT('Ctrl Pts',(44.2884248030271,5.786454753403,0.2));
#8643=CARTESIAN_POINT('Ctrl Pts',(44.3997049862284,5.83633855484691,0.));
#8644=CARTESIAN_POINT('Ctrl Pts',(44.3997049862284,5.83633855484691,0.2));
#8645=CARTESIAN_POINT('Ctrl Pts',(44.4536152668297,5.86050502955914,0.));
#8646=CARTESIAN_POINT('Ctrl Pts',(44.4536152668297,5.86050502955914,0.2));
#8647=CARTESIAN_POINT('',(44.1036835499108,5.77762641012669,0.));
#8648=CARTESIAN_POINT('Ctrl Pts',(44.1036835499108,5.77762641012669,0.));
#8649=CARTESIAN_POINT('Ctrl Pts',(44.1665272042565,5.78062955828089,0.));
#8650=CARTESIAN_POINT('Ctrl Pts',(44.2884248030271,5.786454753403,0.));
#8651=CARTESIAN_POINT('Ctrl Pts',(44.3997049862284,5.83633855484691,0.));
#8652=CARTESIAN_POINT('Ctrl Pts',(44.4536152668297,5.86050502955914,0.));
#8653=CARTESIAN_POINT('',(44.1036835499108,5.77762641012669,0.2));
#8654=CARTESIAN_POINT('',(44.1036835499108,5.77762641012669,0.));
#8655=CARTESIAN_POINT('Ctrl Pts',(44.1036835499108,5.77762641012669,0.2));
#8656=CARTESIAN_POINT('Ctrl Pts',(44.1665272042565,5.78062955828089,0.2));
#8657=CARTESIAN_POINT('Ctrl Pts',(44.2884248030271,5.786454753403,0.2));
#8658=CARTESIAN_POINT('Ctrl Pts',(44.3997049862284,5.83633855484691,0.2));
#8659=CARTESIAN_POINT('Ctrl Pts',(44.4536152668297,5.86050502955914,0.2));
#8660=CARTESIAN_POINT('Ctrl Pts',(43.6186900921166,5.91882698237896,0.));
#8661=CARTESIAN_POINT('Ctrl Pts',(43.6186900921166,5.91882698237896,0.2));
#8662=CARTESIAN_POINT('Ctrl Pts',(43.6935367781886,5.87764448392052,0.));
#8663=CARTESIAN_POINT('Ctrl Pts',(43.6935367781886,5.87764448392052,0.2));
#8664=CARTESIAN_POINT('Ctrl Pts',(43.8446437992214,5.79450166240988,0.));
#8665=CARTESIAN_POINT('Ctrl Pts',(43.8446437992214,5.79450166240988,0.2));
#8666=CARTESIAN_POINT('Ctrl Pts',(44.0168001093684,5.78328646799225,0.));
#8667=CARTESIAN_POINT('Ctrl Pts',(44.0168001093684,5.78328646799225,0.2));
#8668=CARTESIAN_POINT('Ctrl Pts',(44.1036835499108,5.77762641012669,0.));
#8669=CARTESIAN_POINT('Ctrl Pts',(44.1036835499108,5.77762641012669,0.2));
#8670=CARTESIAN_POINT('',(43.6186900921166,5.91882698237896,0.));
#8671=CARTESIAN_POINT('Ctrl Pts',(43.6186900921166,5.91882698237896,0.));
#8672=CARTESIAN_POINT('Ctrl Pts',(43.6935367781886,5.87764448392052,0.));
#8673=CARTESIAN_POINT('Ctrl Pts',(43.8446437992214,5.79450166240988,0.));
#8674=CARTESIAN_POINT('Ctrl Pts',(44.0168001093684,5.78328646799225,0.));
#8675=CARTESIAN_POINT('Ctrl Pts',(44.1036835499108,5.77762641012669,0.));
#8676=CARTESIAN_POINT('',(43.6186900921166,5.91882698237896,0.2));
#8677=CARTESIAN_POINT('',(43.6186900921166,5.91882698237896,0.));
#8678=CARTESIAN_POINT('Ctrl Pts',(43.6186900921166,5.91882698237896,0.2));
#8679=CARTESIAN_POINT('Ctrl Pts',(43.6935367781886,5.87764448392052,0.2));
#8680=CARTESIAN_POINT('Ctrl Pts',(43.8446437992214,5.79450166240988,0.2));
#8681=CARTESIAN_POINT('Ctrl Pts',(44.0168001093684,5.78328646799225,0.2));
#8682=CARTESIAN_POINT('Ctrl Pts',(44.1036835499108,5.77762641012669,0.2));
#8683=CARTESIAN_POINT('Ctrl Pts',(43.2933154888451,6.32503427565098,0.));
#8684=CARTESIAN_POINT('Ctrl Pts',(43.2933154888451,6.32503427565098,0.2));
#8685=CARTESIAN_POINT('Ctrl Pts',(43.3329620592519,6.24253656168869,0.));
#8686=CARTESIAN_POINT('Ctrl Pts',(43.3329620592519,6.24253656168869,0.2));
#8687=CARTESIAN_POINT('Ctrl Pts',(43.4101680626154,6.08188410887124,0.));
#8688=CARTESIAN_POINT('Ctrl Pts',(43.4101680626154,6.08188410887124,0.2));
#8689=CARTESIAN_POINT('Ctrl Pts',(43.5504468175022,5.9721908993122,0.));
#8690=CARTESIAN_POINT('Ctrl Pts',(43.5504468175022,5.9721908993122,0.2));
#8691=CARTESIAN_POINT('Ctrl Pts',(43.6186900921166,5.91882698237896,0.));
#8692=CARTESIAN_POINT('Ctrl Pts',(43.6186900921166,5.91882698237896,0.2));
#8693=CARTESIAN_POINT('',(43.2933154888451,6.32503427565098,0.));
#8694=CARTESIAN_POINT('Ctrl Pts',(43.2933154888451,6.32503427565098,0.));
#8695=CARTESIAN_POINT('Ctrl Pts',(43.3329620592519,6.24253656168869,0.));
#8696=CARTESIAN_POINT('Ctrl Pts',(43.4101680626154,6.08188410887124,0.));
#8697=CARTESIAN_POINT('Ctrl Pts',(43.5504468175022,5.9721908993122,0.));
#8698=CARTESIAN_POINT('Ctrl Pts',(43.6186900921166,5.91882698237896,0.));
#8699=CARTESIAN_POINT('',(43.2933154888451,6.32503427565098,0.2));
#8700=CARTESIAN_POINT('',(43.2933154888451,6.32503427565098,0.));
#8701=CARTESIAN_POINT('Ctrl Pts',(43.2933154888451,6.32503427565098,0.2));
#8702=CARTESIAN_POINT('Ctrl Pts',(43.3329620592519,6.24253656168869,0.2));
#8703=CARTESIAN_POINT('Ctrl Pts',(43.4101680626154,6.08188410887124,0.2));
#8704=CARTESIAN_POINT('Ctrl Pts',(43.5504468175022,5.9721908993122,0.2));
#8705=CARTESIAN_POINT('Ctrl Pts',(43.6186900921166,5.91882698237896,0.2));
#8706=CARTESIAN_POINT('Ctrl Pts',(43.184856493026,6.91541649401188,0.));
#8707=CARTESIAN_POINT('Ctrl Pts',(43.184856493026,6.91541649401188,0.2));
#8708=CARTESIAN_POINT('Ctrl Pts',(43.1887524802289,6.81102693968439,0.));
#8709=CARTESIAN_POINT('Ctrl Pts',(43.1887524802289,6.81102693968439,0.2));
#8710=CARTESIAN_POINT('Ctrl Pts',(43.1962968580367,6.60888196434576,0.));
#8711=CARTESIAN_POINT('Ctrl Pts',(43.1962968580367,6.60888196434576,0.2));
#8712=CARTESIAN_POINT('Ctrl Pts',(43.2616913322383,6.41755716207969,0.));
#8713=CARTESIAN_POINT('Ctrl Pts',(43.2616913322383,6.41755716207969,0.2));
#8714=CARTESIAN_POINT('Ctrl Pts',(43.2933154888451,6.32503427565098,0.));
#8715=CARTESIAN_POINT('Ctrl Pts',(43.2933154888451,6.32503427565098,0.2));
#8716=CARTESIAN_POINT('',(43.184856493026,6.91541649401188,0.));
#8717=CARTESIAN_POINT('Ctrl Pts',(43.184856493026,6.91541649401188,0.));
#8718=CARTESIAN_POINT('Ctrl Pts',(43.1887524802289,6.81102693968439,0.));
#8719=CARTESIAN_POINT('Ctrl Pts',(43.1962968580367,6.60888196434576,0.));
#8720=CARTESIAN_POINT('Ctrl Pts',(43.2616913322383,6.41755716207969,0.));
#8721=CARTESIAN_POINT('Ctrl Pts',(43.2933154888451,6.32503427565098,0.));
#8722=CARTESIAN_POINT('',(43.184856493026,6.91541649401188,0.2));
#8723=CARTESIAN_POINT('',(43.184856493026,6.91541649401188,0.));
#8724=CARTESIAN_POINT('Ctrl Pts',(43.184856493026,6.91541649401188,0.2));
#8725=CARTESIAN_POINT('Ctrl Pts',(43.1887524802289,6.81102693968439,0.2));
#8726=CARTESIAN_POINT('Ctrl Pts',(43.1962968580367,6.60888196434576,0.2));
#8727=CARTESIAN_POINT('Ctrl Pts',(43.2616913322383,6.41755716207969,0.2));
#8728=CARTESIAN_POINT('Ctrl Pts',(43.2933154888451,6.32503427565098,0.2));
#8729=CARTESIAN_POINT('Ctrl Pts',(43.3045688457787,7.50579841434956,0.));
#8730=CARTESIAN_POINT('Ctrl Pts',(43.3045688457787,7.50579841434956,0.2));
#8731=CARTESIAN_POINT('Ctrl Pts',(43.2696688920818,7.41482847149053,0.));
#8732=CARTESIAN_POINT('Ctrl Pts',(43.2696688920818,7.41482847149053,0.2));
#8733=CARTESIAN_POINT('Ctrl Pts',(43.1967962662012,7.224879262104,0.));
#8734=CARTESIAN_POINT('Ctrl Pts',(43.1967962662012,7.224879262104,0.2));
#8735=CARTESIAN_POINT('Ctrl Pts',(43.1889467440393,7.02143026681994,0.));
#8736=CARTESIAN_POINT('Ctrl Pts',(43.1889467440393,7.02143026681994,0.2));
#8737=CARTESIAN_POINT('Ctrl Pts',(43.184856493026,6.91541649401188,0.));
#8738=CARTESIAN_POINT('Ctrl Pts',(43.184856493026,6.91541649401188,0.2));
#8739=CARTESIAN_POINT('',(43.3045688457787,7.50579841434956,0.));
#8740=CARTESIAN_POINT('Ctrl Pts',(43.3045688457787,7.50579841434956,0.));
#8741=CARTESIAN_POINT('Ctrl Pts',(43.2696688920818,7.41482847149053,0.));
#8742=CARTESIAN_POINT('Ctrl Pts',(43.1967962662012,7.224879262104,0.));
#8743=CARTESIAN_POINT('Ctrl Pts',(43.1889467440393,7.02143026681994,0.));
#8744=CARTESIAN_POINT('Ctrl Pts',(43.184856493026,6.91541649401188,0.));
#8745=CARTESIAN_POINT('',(43.3045688457787,7.50579841434956,0.2));
#8746=CARTESIAN_POINT('',(43.3045688457787,7.50579841434956,0.));
#8747=CARTESIAN_POINT('Ctrl Pts',(43.3045688457787,7.50579841434956,0.2));
#8748=CARTESIAN_POINT('Ctrl Pts',(43.2696688920818,7.41482847149053,0.2));
#8749=CARTESIAN_POINT('Ctrl Pts',(43.1967962662012,7.224879262104,0.2));
#8750=CARTESIAN_POINT('Ctrl Pts',(43.1889467440393,7.02143026681994,0.2));
#8751=CARTESIAN_POINT('Ctrl Pts',(43.184856493026,6.91541649401188,0.2));
#8752=CARTESIAN_POINT('Ctrl Pts',(43.6422243900597,7.90586657822132,0.));
#8753=CARTESIAN_POINT('Ctrl Pts',(43.6422243900597,7.90586657822132,0.2));
#8754=CARTESIAN_POINT('Ctrl Pts',(43.5732552603559,7.85248179015211,0.));
#8755=CARTESIAN_POINT('Ctrl Pts',(43.5732552603559,7.85248179015211,0.2));
#8756=CARTESIAN_POINT('Ctrl Pts',(43.4322216548961,7.743316295815,0.));
#8757=CARTESIAN_POINT('Ctrl Pts',(43.4322216548961,7.743316295815,0.2));
#8758=CARTESIAN_POINT('Ctrl Pts',(43.3477378537554,7.58612105973818,0.));
#8759=CARTESIAN_POINT('Ctrl Pts',(43.3477378537554,7.58612105973818,0.2));
#8760=CARTESIAN_POINT('Ctrl Pts',(43.3045688457787,7.50579841434956,0.));
#8761=CARTESIAN_POINT('Ctrl Pts',(43.3045688457787,7.50579841434956,0.2));
#8762=CARTESIAN_POINT('',(43.6422243900597,7.90586657822132,0.));
#8763=CARTESIAN_POINT('Ctrl Pts',(43.6422243900597,7.90586657822132,0.));
#8764=CARTESIAN_POINT('Ctrl Pts',(43.5732552603559,7.85248179015211,0.));
#8765=CARTESIAN_POINT('Ctrl Pts',(43.4322216548961,7.743316295815,0.));
#8766=CARTESIAN_POINT('Ctrl Pts',(43.3477378537554,7.58612105973818,0.));
#8767=CARTESIAN_POINT('Ctrl Pts',(43.3045688457787,7.50579841434956,0.));
#8768=CARTESIAN_POINT('',(43.6422243900597,7.90586657822132,0.2));
#8769=CARTESIAN_POINT('',(43.6422243900597,7.90586657822132,0.));
#8770=CARTESIAN_POINT('Ctrl Pts',(43.6422243900597,7.90586657822132,0.2));
#8771=CARTESIAN_POINT('Ctrl Pts',(43.5732552603559,7.85248179015211,0.2));
#8772=CARTESIAN_POINT('Ctrl Pts',(43.4322216548961,7.743316295815,0.2));
#8773=CARTESIAN_POINT('Ctrl Pts',(43.3477378537554,7.58612105973818,0.2));
#8774=CARTESIAN_POINT('Ctrl Pts',(43.3045688457787,7.50579841434956,0.2));
#8775=CARTESIAN_POINT('Ctrl Pts',(44.1200533695519,8.04911352694035,0.));
#8776=CARTESIAN_POINT('Ctrl Pts',(44.1200533695519,8.04911352694035,0.2));
#8777=CARTESIAN_POINT('Ctrl Pts',(44.0351374335,8.04312274167069,0.));
#8778=CARTESIAN_POINT('Ctrl Pts',(44.0351374335,8.04312274167069,0.2));
#8779=CARTESIAN_POINT('Ctrl Pts',(43.8651472755976,8.03113000413172,0.));
#8780=CARTESIAN_POINT('Ctrl Pts',(43.8651472755976,8.03113000413172,0.2));
#8781=CARTESIAN_POINT('Ctrl Pts',(43.716578131802,7.94764696518077,0.));
#8782=CARTESIAN_POINT('Ctrl Pts',(43.716578131802,7.94764696518077,0.2));
#8783=CARTESIAN_POINT('Ctrl Pts',(43.6422243900597,7.90586657822132,0.));
#8784=CARTESIAN_POINT('Ctrl Pts',(43.6422243900597,7.90586657822132,0.2));
#8785=CARTESIAN_POINT('',(44.1200533695519,8.04911352694035,0.));
#8786=CARTESIAN_POINT('Ctrl Pts',(44.1200533695519,8.04911352694035,0.));
#8787=CARTESIAN_POINT('Ctrl Pts',(44.0351374335,8.04312274167069,0.));
#8788=CARTESIAN_POINT('Ctrl Pts',(43.8651472755976,8.03113000413172,0.));
#8789=CARTESIAN_POINT('Ctrl Pts',(43.716578131802,7.94764696518077,0.));
#8790=CARTESIAN_POINT('Ctrl Pts',(43.6422243900597,7.90586657822132,0.));
#8791=CARTESIAN_POINT('',(44.1200533695519,8.04911352694035,0.2));
#8792=CARTESIAN_POINT('',(44.1200533695519,8.04911352694035,0.));
#8793=CARTESIAN_POINT('Ctrl Pts',(44.1200533695519,8.04911352694035,0.2));
#8794=CARTESIAN_POINT('Ctrl Pts',(44.0351374335,8.04312274167069,0.2));
#8795=CARTESIAN_POINT('Ctrl Pts',(43.8651472755976,8.03113000413172,0.2));
#8796=CARTESIAN_POINT('Ctrl Pts',(43.716578131802,7.94764696518077,0.2));
#8797=CARTESIAN_POINT('Ctrl Pts',(43.6422243900597,7.90586657822132,0.2));
#8798=CARTESIAN_POINT('Ctrl Pts',(44.7278323955834,7.72578455507755,0.));
#8799=CARTESIAN_POINT('Ctrl Pts',(44.7278323955834,7.72578455507755,0.2));
#8800=CARTESIAN_POINT('Ctrl Pts',(44.6499637271492,7.82008409289648,0.));
#8801=CARTESIAN_POINT('Ctrl Pts',(44.6499637271492,7.82008409289648,0.2));
#8802=CARTESIAN_POINT('Ctrl Pts',(44.4921176092747,8.011236918049,0.));
#8803=CARTESIAN_POINT('Ctrl Pts',(44.4921176092747,8.011236918049,0.2));
#8804=CARTESIAN_POINT('Ctrl Pts',(44.2451744803692,8.0363760400429,0.));
#8805=CARTESIAN_POINT('Ctrl Pts',(44.2451744803692,8.0363760400429,0.2));
#8806=CARTESIAN_POINT('Ctrl Pts',(44.1200533695519,8.04911352694035,0.));
#8807=CARTESIAN_POINT('Ctrl Pts',(44.1200533695519,8.04911352694035,0.2));
#8808=CARTESIAN_POINT('',(44.7278323955834,7.72578455507755,0.));
#8809=CARTESIAN_POINT('Ctrl Pts',(44.7278323955834,7.72578455507755,0.));
#8810=CARTESIAN_POINT('Ctrl Pts',(44.6499637271492,7.82008409289648,0.));
#8811=CARTESIAN_POINT('Ctrl Pts',(44.4921176092747,8.011236918049,0.));
#8812=CARTESIAN_POINT('Ctrl Pts',(44.2451744803692,8.0363760400429,0.));
#8813=CARTESIAN_POINT('Ctrl Pts',(44.1200533695519,8.04911352694035,0.));
#8814=CARTESIAN_POINT('',(44.7278323955834,7.72578455507755,0.2));
#8815=CARTESIAN_POINT('',(44.7278323955834,7.72578455507755,0.));
#8816=CARTESIAN_POINT('Ctrl Pts',(44.7278323955834,7.72578455507755,0.2));
#8817=CARTESIAN_POINT('Ctrl Pts',(44.6499637271492,7.82008409289648,0.2));
#8818=CARTESIAN_POINT('Ctrl Pts',(44.4921176092747,8.011236918049,0.2));
#8819=CARTESIAN_POINT('Ctrl Pts',(44.2451744803692,8.0363760400429,0.2));
#8820=CARTESIAN_POINT('Ctrl Pts',(44.1200533695519,8.04911352694035,0.2));
#8821=CARTESIAN_POINT('Origin',(44.7278323955834,8.0000001937151,0.));
#8822=CARTESIAN_POINT('',(44.7278323955834,8.0000001937151,0.));
#8823=CARTESIAN_POINT('',(44.7278323955834,23.2500000968575,0.));
#8824=CARTESIAN_POINT('',(44.7278323955834,8.0000001937151,0.2));
#8825=CARTESIAN_POINT('',(44.7278323955834,8.0000001937151,0.));
#8826=CARTESIAN_POINT('',(44.7278323955834,8.0000001937151,0.2));
#8827=CARTESIAN_POINT('Origin',(45.069576818496,8.0000001937151,0.));
#8828=CARTESIAN_POINT('',(37.284788409248,8.0000001937151,0.));
#8829=CARTESIAN_POINT('',(45.069576818496,8.0000001937151,0.2));
#8830=CARTESIAN_POINT('Origin',(29.9999997206032,6.94099597632885,0.2));
#8831=CARTESIAN_POINT('Origin',(29.5641198940575,6.58594839274883,0.));
#8832=CARTESIAN_POINT('',(29.5641198940575,6.58594839274883,0.));
#8833=CARTESIAN_POINT('',(29.5641198940575,8.0000001937151,0.));
#8834=CARTESIAN_POINT('',(29.5641198940575,22.5429741963744,0.));
#8835=CARTESIAN_POINT('',(29.5641198940575,6.58594839274883,0.2));
#8836=CARTESIAN_POINT('',(29.5641198940575,6.58594839274883,0.));
#8837=CARTESIAN_POINT('',(29.5641198940575,8.0000001937151,0.2));
#8838=CARTESIAN_POINT('',(29.5641198940575,6.58594839274883,0.2));
#8839=CARTESIAN_POINT('',(29.5641198940575,8.0000001937151,0.));
#8840=CARTESIAN_POINT('Origin',(31.123465616256,6.58594839274883,0.));
#8841=CARTESIAN_POINT('',(31.123465616256,6.58594839274883,0.));
#8842=CARTESIAN_POINT('',(30.311732808128,6.58594839274883,0.));
#8843=CARTESIAN_POINT('',(31.123465616256,6.58594839274883,0.2));
#8844=CARTESIAN_POINT('',(31.123465616256,6.58594839274883,0.));
#8845=CARTESIAN_POINT('',(31.123465616256,6.58594839274883,0.2));
#8846=CARTESIAN_POINT('Origin',(31.123465616256,8.0000001937151,0.));
#8847=CARTESIAN_POINT('',(31.123465616256,8.0000001937151,0.));
#8848=CARTESIAN_POINT('',(31.123465616256,23.2500000968575,0.));
#8849=CARTESIAN_POINT('',(31.123465616256,8.0000001937151,0.2));
#8850=CARTESIAN_POINT('',(31.123465616256,8.0000001937151,0.));
#8851=CARTESIAN_POINT('',(31.123465616256,8.0000001937151,0.2));
#8852=CARTESIAN_POINT('Origin',(31.5204635448754,8.0000001937151,0.));
#8853=CARTESIAN_POINT('',(31.5204635448754,8.0000001937151,0.));
#8854=CARTESIAN_POINT('',(30.5102317724377,8.0000001937151,0.));
#8855=CARTESIAN_POINT('',(31.5204635448754,8.0000001937151,0.2));
#8856=CARTESIAN_POINT('',(31.5204635448754,8.0000001937151,0.));
#8857=CARTESIAN_POINT('',(31.5204635448754,8.0000001937151,0.2));
#8858=CARTESIAN_POINT('Origin',(31.5204635448754,5.00000007450581,0.));
#8859=CARTESIAN_POINT('',(31.5204635448754,5.00000007450581,0.));
#8860=CARTESIAN_POINT('',(31.5204635448754,21.7500000372529,0.));
#8861=CARTESIAN_POINT('',(31.5204635448754,5.00000007450581,0.2));
#8862=CARTESIAN_POINT('',(31.5204635448754,5.00000007450581,0.));
#8863=CARTESIAN_POINT('',(31.5204635448754,5.00000007450581,0.2));
#8864=CARTESIAN_POINT('Origin',(31.123465616256,5.00000007450581,0.));
#8865=CARTESIAN_POINT('',(31.123465616256,5.00000007450581,0.));
#8866=CARTESIAN_POINT('',(30.311732808128,5.00000007450581,0.));
#8867=CARTESIAN_POINT('',(31.123465616256,5.00000007450581,0.2));
#8868=CARTESIAN_POINT('',(31.123465616256,5.00000007450581,0.));
#8869=CARTESIAN_POINT('',(31.123465616256,5.00000007450581,0.2));
#8870=CARTESIAN_POINT('Origin',(31.123465616256,6.23192377388477,0.));
#8871=CARTESIAN_POINT('',(31.123465616256,6.23192377388477,0.));
#8872=CARTESIAN_POINT('',(31.123465616256,22.3659618869424,0.));
#8873=CARTESIAN_POINT('',(31.123465616256,6.23192377388477,0.2));
#8874=CARTESIAN_POINT('',(31.123465616256,6.23192377388477,0.));
#8875=CARTESIAN_POINT('',(31.123465616256,6.23192377388477,0.2));
#8876=CARTESIAN_POINT('Origin',(29.5641198940575,6.23192377388477,0.));
#8877=CARTESIAN_POINT('',(29.5641198940575,6.23192377388477,0.));
#8878=CARTESIAN_POINT('',(29.5320599470288,6.23192377388477,0.));
#8879=CARTESIAN_POINT('',(29.5641198940575,6.23192377388477,0.2));
#8880=CARTESIAN_POINT('',(29.5641198940575,6.23192377388477,0.));
#8881=CARTESIAN_POINT('',(29.5641198940575,6.23192377388477,0.2));
#8882=CARTESIAN_POINT('Origin',(29.5641198940575,5.00000007450581,0.));
#8883=CARTESIAN_POINT('',(29.5641198940575,5.00000007450581,0.));
#8884=CARTESIAN_POINT('',(29.5641198940575,21.7500000372529,0.));
#8885=CARTESIAN_POINT('',(29.5641198940575,5.00000007450581,0.2));
#8886=CARTESIAN_POINT('',(29.5641198940575,5.00000007450581,0.));
#8887=CARTESIAN_POINT('',(29.5641198940575,5.00000007450581,0.2));
#8888=CARTESIAN_POINT('Origin',(29.1671219654381,5.00000007450581,0.));
#8889=CARTESIAN_POINT('',(29.1671219654381,5.00000007450581,0.));
#8890=CARTESIAN_POINT('',(29.3335609827191,5.00000007450581,0.));
#8891=CARTESIAN_POINT('',(29.1671219654381,5.00000007450581,0.2));
#8892=CARTESIAN_POINT('',(29.1671219654381,5.00000007450581,0.));
#8893=CARTESIAN_POINT('',(29.1671219654381,5.00000007450581,0.2));
#8894=CARTESIAN_POINT('Origin',(29.1671219654381,8.0000001937151,0.));
#8895=CARTESIAN_POINT('',(29.1671219654381,8.0000001937151,0.));
#8896=CARTESIAN_POINT('',(29.1671219654381,23.2500000968575,0.));
#8897=CARTESIAN_POINT('',(29.1671219654381,8.0000001937151,0.2));
#8898=CARTESIAN_POINT('',(29.1671219654381,8.0000001937151,0.));
#8899=CARTESIAN_POINT('',(29.1671219654381,8.0000001937151,0.2));
#8900=CARTESIAN_POINT('Origin',(29.5641198940575,8.0000001937151,0.));
#8901=CARTESIAN_POINT('',(29.5320599470288,8.0000001937151,0.));
#8902=CARTESIAN_POINT('',(29.5641198940575,8.0000001937151,0.2));
#8903=CARTESIAN_POINT('Origin',(29.9999997206032,6.94099597632885,0.2));
#8904=CARTESIAN_POINT('Ctrl Pts',(35.3369704075158,7.74624861776829,0.));
#8905=CARTESIAN_POINT('Ctrl Pts',(35.3369704075158,7.74624861776829,0.2));
#8906=CARTESIAN_POINT('Ctrl Pts',(35.405605048634,7.74132243283648,0.));
#8907=CARTESIAN_POINT('Ctrl Pts',(35.405605048634,7.74132243283648,0.2));
#8908=CARTESIAN_POINT('Ctrl Pts',(35.5393047970911,7.73172626280478,0.));
#8909=CARTESIAN_POINT('Ctrl Pts',(35.5393047970911,7.73172626280478,0.2));
#8910=CARTESIAN_POINT('Ctrl Pts',(35.6468457676109,7.65202170150062,0.));
#8911=CARTESIAN_POINT('Ctrl Pts',(35.6468457676109,7.65202170150062,0.2));
#8912=CARTESIAN_POINT('Ctrl Pts',(35.6991806812584,7.61323340237141,0.));
#8913=CARTESIAN_POINT('Ctrl Pts',(35.6991806812584,7.61323340237141,0.2));
#8914=CARTESIAN_POINT('',(35.3369704075158,7.74624861776829,0.));
#8915=CARTESIAN_POINT('',(35.6991806812584,7.61323340237141,0.));
#8916=CARTESIAN_POINT('Ctrl Pts',(35.3369704075158,7.74624861776829,0.));
#8917=CARTESIAN_POINT('Ctrl Pts',(35.405605048634,7.74132243283648,0.));
#8918=CARTESIAN_POINT('Ctrl Pts',(35.5393047970911,7.73172626280478,0.));
#8919=CARTESIAN_POINT('Ctrl Pts',(35.6468457676109,7.65202170150062,0.));
#8920=CARTESIAN_POINT('Ctrl Pts',(35.6991806812584,7.61323340237141,0.));
#8921=CARTESIAN_POINT('',(35.3369704075158,7.74624861776829,0.2));
#8922=CARTESIAN_POINT('',(35.3369704075158,7.74624861776829,0.));
#8923=CARTESIAN_POINT('',(35.6991806812584,7.61323340237141,0.2));
#8924=CARTESIAN_POINT('Ctrl Pts',(35.3369704075158,7.74624861776829,0.2));
#8925=CARTESIAN_POINT('Ctrl Pts',(35.405605048634,7.74132243283648,0.2));
#8926=CARTESIAN_POINT('Ctrl Pts',(35.5393047970911,7.73172626280478,0.2));
#8927=CARTESIAN_POINT('Ctrl Pts',(35.6468457676109,7.65202170150062,0.2));
#8928=CARTESIAN_POINT('Ctrl Pts',(35.6991806812584,7.61323340237141,0.2));
#8929=CARTESIAN_POINT('',(35.6991806812584,7.61323340237141,0.));
#8930=CARTESIAN_POINT('Ctrl Pts',(34.8990455456078,7.54774905741215,0.));
#8931=CARTESIAN_POINT('Ctrl Pts',(34.8990455456078,7.54774905741215,0.2));
#8932=CARTESIAN_POINT('Ctrl Pts',(34.9597330865827,7.60564267580933,0.));
#8933=CARTESIAN_POINT('Ctrl Pts',(34.9597330865827,7.60564267580933,0.2));
#8934=CARTESIAN_POINT('Ctrl Pts',(35.0824695321472,7.72272860199437,0.));
#8935=CARTESIAN_POINT('Ctrl Pts',(35.0824695321472,7.72272860199437,0.2));
#8936=CARTESIAN_POINT('Ctrl Pts',(35.2515117901495,7.73835085307274,0.));
#8937=CARTESIAN_POINT('Ctrl Pts',(35.2515117901495,7.73835085307274,0.2));
#8938=CARTESIAN_POINT('Ctrl Pts',(35.3369704075158,7.74624861776829,0.));
#8939=CARTESIAN_POINT('Ctrl Pts',(35.3369704075158,7.74624861776829,0.2));
#8940=CARTESIAN_POINT('',(34.8990455456078,7.54774905741215,0.));
#8941=CARTESIAN_POINT('Ctrl Pts',(34.8990455456078,7.54774905741215,0.));
#8942=CARTESIAN_POINT('Ctrl Pts',(34.9597330865827,7.60564267580933,0.));
#8943=CARTESIAN_POINT('Ctrl Pts',(35.0824695321472,7.72272860199437,0.));
#8944=CARTESIAN_POINT('Ctrl Pts',(35.2515117901495,7.73835085307274,0.));
#8945=CARTESIAN_POINT('Ctrl Pts',(35.3369704075158,7.74624861776829,0.));
#8946=CARTESIAN_POINT('',(34.8990455456078,7.54774905741215,0.2));
#8947=CARTESIAN_POINT('',(34.8990455456078,7.54774905741215,0.));
#8948=CARTESIAN_POINT('Ctrl Pts',(34.8990455456078,7.54774905741215,0.2));
#8949=CARTESIAN_POINT('Ctrl Pts',(34.9597330865827,7.60564267580933,0.2));
#8950=CARTESIAN_POINT('Ctrl Pts',(35.0824695321472,7.72272860199437,0.2));
#8951=CARTESIAN_POINT('Ctrl Pts',(35.2515117901495,7.73835085307274,0.2));
#8952=CARTESIAN_POINT('Ctrl Pts',(35.3369704075158,7.74624861776829,0.2));
#8953=CARTESIAN_POINT('Ctrl Pts',(34.7312417812645,6.91132344305515,0.));
#8954=CARTESIAN_POINT('Ctrl Pts',(34.7312417812645,6.91132344305515,0.2));
#8955=CARTESIAN_POINT('Ctrl Pts',(34.7333919653518,7.04077368990592,0.));
#8956=CARTESIAN_POINT('Ctrl Pts',(34.7333919653518,7.04077368990592,0.2));
#8957=CARTESIAN_POINT('Ctrl Pts',(34.7371665863054,7.2680219600083,0.));
#8958=CARTESIAN_POINT('Ctrl Pts',(34.7371665863054,7.2680219600083,0.2));
#8959=CARTESIAN_POINT('Ctrl Pts',(34.8503403533029,7.46358640816694,0.));
#8960=CARTESIAN_POINT('Ctrl Pts',(34.8503403533029,7.46358640816694,0.2));
#8961=CARTESIAN_POINT('Ctrl Pts',(34.8990455456078,7.54774905741215,0.));
#8962=CARTESIAN_POINT('Ctrl Pts',(34.8990455456078,7.54774905741215,0.2));
#8963=CARTESIAN_POINT('',(34.7312417812645,6.91132344305515,0.));
#8964=CARTESIAN_POINT('Ctrl Pts',(34.7312417812645,6.91132344305515,0.));
#8965=CARTESIAN_POINT('Ctrl Pts',(34.7333919653518,7.04077368990592,0.));
#8966=CARTESIAN_POINT('Ctrl Pts',(34.7371665863054,7.2680219600083,0.));
#8967=CARTESIAN_POINT('Ctrl Pts',(34.8503403533029,7.46358640816694,0.));
#8968=CARTESIAN_POINT('Ctrl Pts',(34.8990455456078,7.54774905741215,0.));
#8969=CARTESIAN_POINT('',(34.7312417812645,6.91132344305515,0.2));
#8970=CARTESIAN_POINT('',(34.7312417812645,6.91132344305515,0.));
#8971=CARTESIAN_POINT('Ctrl Pts',(34.7312417812645,6.91132344305515,0.2));
#8972=CARTESIAN_POINT('Ctrl Pts',(34.7333919653518,7.04077368990592,0.2));
#8973=CARTESIAN_POINT('Ctrl Pts',(34.7371665863054,7.2680219600083,0.2));
#8974=CARTESIAN_POINT('Ctrl Pts',(34.8503403533029,7.46358640816694,0.2));
#8975=CARTESIAN_POINT('Ctrl Pts',(34.8990455456078,7.54774905741215,0.2));
#8976=CARTESIAN_POINT('Ctrl Pts',(34.9051848240197,6.28001369535923,0.));
#8977=CARTESIAN_POINT('Ctrl Pts',(34.9051848240197,6.28001369535923,0.2));
#8978=CARTESIAN_POINT('Ctrl Pts',(34.8546740621134,6.36376234435687,0.));
#8979=CARTESIAN_POINT('Ctrl Pts',(34.8546740621134,6.36376234435687,0.2));
#8980=CARTESIAN_POINT('Ctrl Pts',(34.7383451836279,6.55663978363671,0.));
#8981=CARTESIAN_POINT('Ctrl Pts',(34.7383451836279,6.55663978363671,0.2));
#8982=CARTESIAN_POINT('Ctrl Pts',(34.7338085684064,6.78315986596163,0.));
#8983=CARTESIAN_POINT('Ctrl Pts',(34.7338085684064,6.78315986596163,0.2));
#8984=CARTESIAN_POINT('Ctrl Pts',(34.7312417812645,6.91132344305515,0.));
#8985=CARTESIAN_POINT('Ctrl Pts',(34.7312417812645,6.91132344305515,0.2));
#8986=CARTESIAN_POINT('',(34.9051848240197,6.28001369535923,0.));
#8987=CARTESIAN_POINT('Ctrl Pts',(34.9051848240197,6.28001369535923,0.));
#8988=CARTESIAN_POINT('Ctrl Pts',(34.8546740621134,6.36376234435687,0.));
#8989=CARTESIAN_POINT('Ctrl Pts',(34.7383451836279,6.55663978363671,0.));
#8990=CARTESIAN_POINT('Ctrl Pts',(34.7338085684064,6.78315986596163,0.));
#8991=CARTESIAN_POINT('Ctrl Pts',(34.7312417812645,6.91132344305515,0.));
#8992=CARTESIAN_POINT('',(34.9051848240197,6.28001369535923,0.2));
#8993=CARTESIAN_POINT('',(34.9051848240197,6.28001369535923,0.));
#8994=CARTESIAN_POINT('Ctrl Pts',(34.9051848240197,6.28001369535923,0.2));
#8995=CARTESIAN_POINT('Ctrl Pts',(34.8546740621134,6.36376234435687,0.2));
#8996=CARTESIAN_POINT('Ctrl Pts',(34.7383451836279,6.55663978363671,0.2));
#8997=CARTESIAN_POINT('Ctrl Pts',(34.7338085684064,6.78315986596163,0.2));
#8998=CARTESIAN_POINT('Ctrl Pts',(34.7312417812645,6.91132344305515,0.2));
#8999=CARTESIAN_POINT('Ctrl Pts',(35.3574362583458,6.08049117028713,0.));
#9000=CARTESIAN_POINT('Ctrl Pts',(35.3574362583458,6.08049117028713,0.2));
#9001=CARTESIAN_POINT('Ctrl Pts',(35.2694466872754,6.08831609072178,0.));
#9002=CARTESIAN_POINT('Ctrl Pts',(35.2694466872754,6.08831609072178,0.2));
#9003=CARTESIAN_POINT('Ctrl Pts',(35.095961489255,6.10374414491712,0.));
#9004=CARTESIAN_POINT('Ctrl Pts',(35.095961489255,6.10374414491712,0.2));
#9005=CARTESIAN_POINT('Ctrl Pts',(34.9681646627918,6.2218229944494,0.));
#9006=CARTESIAN_POINT('Ctrl Pts',(34.9681646627918,6.2218229944494,0.2));
#9007=CARTESIAN_POINT('Ctrl Pts',(34.9051848240197,6.28001369535923,0.));
#9008=CARTESIAN_POINT('Ctrl Pts',(34.9051848240197,6.28001369535923,0.2));
#9009=CARTESIAN_POINT('',(35.3574362583458,6.08049117028713,0.));
#9010=CARTESIAN_POINT('Ctrl Pts',(35.3574362583458,6.08049117028713,0.));
#9011=CARTESIAN_POINT('Ctrl Pts',(35.2694466872754,6.08831609072178,0.));
#9012=CARTESIAN_POINT('Ctrl Pts',(35.095961489255,6.10374414491712,0.));
#9013=CARTESIAN_POINT('Ctrl Pts',(34.9681646627918,6.2218229944494,0.));
#9014=CARTESIAN_POINT('Ctrl Pts',(34.9051848240197,6.28001369535923,0.));
#9015=CARTESIAN_POINT('',(35.3574362583458,6.08049117028713,0.2));
#9016=CARTESIAN_POINT('',(35.3574362583458,6.08049117028713,0.));
#9017=CARTESIAN_POINT('Ctrl Pts',(35.3574362583458,6.08049117028713,0.2));
#9018=CARTESIAN_POINT('Ctrl Pts',(35.2694466872754,6.08831609072178,0.2));
#9019=CARTESIAN_POINT('Ctrl Pts',(35.095961489255,6.10374414491712,0.2));
#9020=CARTESIAN_POINT('Ctrl Pts',(34.9681646627918,6.2218229944494,0.2));
#9021=CARTESIAN_POINT('Ctrl Pts',(34.9051848240197,6.28001369535923,0.2));
#9022=CARTESIAN_POINT('Ctrl Pts',(35.6715551204979,6.19099594652653,0.));
#9023=CARTESIAN_POINT('Ctrl Pts',(35.6715551204979,6.19099594652653,0.2));
#9024=CARTESIAN_POINT('Ctrl Pts',(35.6253595756057,6.15876943516883,0.));
#9025=CARTESIAN_POINT('Ctrl Pts',(35.6253595756057,6.15876943516883,0.2));
#9026=CARTESIAN_POINT('Ctrl Pts',(35.5309826100142,6.0929310440288,0.));
#9027=CARTESIAN_POINT('Ctrl Pts',(35.5309826100142,6.0929310440288,0.2));
#9028=CARTESIAN_POINT('Ctrl Pts',(35.4160908910064,6.08469555843846,0.));
#9029=CARTESIAN_POINT('Ctrl Pts',(35.4160908910064,6.08469555843846,0.2));
#9030=CARTESIAN_POINT('Ctrl Pts',(35.3574362583458,6.08049117028713,0.));
#9031=CARTESIAN_POINT('Ctrl Pts',(35.3574362583458,6.08049117028713,0.2));
#9032=CARTESIAN_POINT('',(35.6715551204979,6.19099594652653,0.));
#9033=CARTESIAN_POINT('Ctrl Pts',(35.6715551204979,6.19099594652653,0.));
#9034=CARTESIAN_POINT('Ctrl Pts',(35.6253595756057,6.15876943516883,0.));
#9035=CARTESIAN_POINT('Ctrl Pts',(35.5309826100142,6.0929310440288,0.));
#9036=CARTESIAN_POINT('Ctrl Pts',(35.4160908910064,6.08469555843846,0.));
#9037=CARTESIAN_POINT('Ctrl Pts',(35.3574362583458,6.08049117028713,0.));
#9038=CARTESIAN_POINT('',(35.6715551204979,6.19099594652653,0.2));
#9039=CARTESIAN_POINT('',(35.6715551204979,6.19099594652653,0.));
#9040=CARTESIAN_POINT('Ctrl Pts',(35.6715551204979,6.19099594652653,0.2));
#9041=CARTESIAN_POINT('Ctrl Pts',(35.6253595756057,6.15876943516883,0.2));
#9042=CARTESIAN_POINT('Ctrl Pts',(35.5309826100142,6.0929310440288,0.2));
#9043=CARTESIAN_POINT('Ctrl Pts',(35.4160908910064,6.08469555843846,0.2));
#9044=CARTESIAN_POINT('Ctrl Pts',(35.3574362583458,6.08049117028713,0.2));
#9045=CARTESIAN_POINT('Ctrl Pts',(35.8526602573693,6.52046389877796,0.));
#9046=CARTESIAN_POINT('Ctrl Pts',(35.8526602573693,6.52046389877796,0.2));
#9047=CARTESIAN_POINT('Ctrl Pts',(35.8341443269504,6.45362924093112,0.));
#9048=CARTESIAN_POINT('Ctrl Pts',(35.8341443269504,6.45362924093112,0.2));
#9049=CARTESIAN_POINT('Ctrl Pts',(35.7996637625745,6.32916902368563,0.));
#9050=CARTESIAN_POINT('Ctrl Pts',(35.7996637625745,6.32916902368563,0.2));
#9051=CARTESIAN_POINT('Ctrl Pts',(35.7120982771328,6.23472424322203,0.));
#9052=CARTESIAN_POINT('Ctrl Pts',(35.7120982771328,6.23472424322203,0.2));
#9053=CARTESIAN_POINT('Ctrl Pts',(35.6715551204979,6.19099594652653,0.));
#9054=CARTESIAN_POINT('Ctrl Pts',(35.6715551204979,6.19099594652653,0.2));
#9055=CARTESIAN_POINT('',(35.8526602573693,6.52046389877796,0.));
#9056=CARTESIAN_POINT('Ctrl Pts',(35.8526602573693,6.52046389877796,0.));
#9057=CARTESIAN_POINT('Ctrl Pts',(35.8341443269504,6.45362924093112,0.));
#9058=CARTESIAN_POINT('Ctrl Pts',(35.7996637625745,6.32916902368563,0.));
#9059=CARTESIAN_POINT('Ctrl Pts',(35.7120982771328,6.23472424322203,0.));
#9060=CARTESIAN_POINT('Ctrl Pts',(35.6715551204979,6.19099594652653,0.));
#9061=CARTESIAN_POINT('',(35.8526602573693,6.52046389877796,0.2));
#9062=CARTESIAN_POINT('',(35.8526602573693,6.52046389877796,0.));
#9063=CARTESIAN_POINT('Ctrl Pts',(35.8526602573693,6.52046389877796,0.2));
#9064=CARTESIAN_POINT('Ctrl Pts',(35.8341443269504,6.45362924093112,0.2));
#9065=CARTESIAN_POINT('Ctrl Pts',(35.7996637625745,6.32916902368563,0.2));
#9066=CARTESIAN_POINT('Ctrl Pts',(35.7120982771328,6.23472424322203,0.2));
#9067=CARTESIAN_POINT('Ctrl Pts',(35.6715551204979,6.19099594652653,0.2));
#9068=CARTESIAN_POINT('Origin',(36.2107768841088,6.46521158516407,0.));
#9069=CARTESIAN_POINT('',(36.2107768841088,6.46521158516407,0.));
#9070=CARTESIAN_POINT('',(30.5196050972063,7.34327863070563,0.));
#9071=CARTESIAN_POINT('',(36.2107768841088,6.46521158516407,0.2));
#9072=CARTESIAN_POINT('',(36.2107768841088,6.46521158516407,0.));
#9073=CARTESIAN_POINT('',(36.2107768841088,6.46521158516407,0.2));
#9074=CARTESIAN_POINT('Ctrl Pts',(35.9222379513085,5.95668502151966,0.));
#9075=CARTESIAN_POINT('Ctrl Pts',(35.9222379513085,5.95668502151966,0.2));
#9076=CARTESIAN_POINT('Ctrl Pts',(35.9909232744115,6.02479014113337,0.));
#9077=CARTESIAN_POINT('Ctrl Pts',(35.9909232744115,6.02479014113337,0.2));
#9078=CARTESIAN_POINT('Ctrl Pts',(36.1343488172967,6.16700412969099,0.));
#9079=CARTESIAN_POINT('Ctrl Pts',(36.1343488172967,6.16700412969099,0.2));
#9080=CARTESIAN_POINT('Ctrl Pts',(36.1845938091789,6.3630503180146,0.));
#9081=CARTESIAN_POINT('Ctrl Pts',(36.1845938091789,6.3630503180146,0.2));
#9082=CARTESIAN_POINT('Ctrl Pts',(36.2107768841088,6.46521158516407,0.));
#9083=CARTESIAN_POINT('Ctrl Pts',(36.2107768841088,6.46521158516407,0.2));
#9084=CARTESIAN_POINT('',(35.9222379513085,5.95668502151966,0.));
#9085=CARTESIAN_POINT('Ctrl Pts',(35.9222379513085,5.95668502151966,0.));
#9086=CARTESIAN_POINT('Ctrl Pts',(35.9909232744115,6.02479014113337,0.));
#9087=CARTESIAN_POINT('Ctrl Pts',(36.1343488172967,6.16700412969099,0.));
#9088=CARTESIAN_POINT('Ctrl Pts',(36.1845938091789,6.3630503180146,0.));
#9089=CARTESIAN_POINT('Ctrl Pts',(36.2107768841088,6.46521158516407,0.));
#9090=CARTESIAN_POINT('',(35.9222379513085,5.95668502151966,0.2));
#9091=CARTESIAN_POINT('',(35.9222379513085,5.95668502151966,0.));
#9092=CARTESIAN_POINT('Ctrl Pts',(35.9222379513085,5.95668502151966,0.2));
#9093=CARTESIAN_POINT('Ctrl Pts',(35.9909232744115,6.02479014113337,0.2));
#9094=CARTESIAN_POINT('Ctrl Pts',(36.1343488172967,6.16700412969099,0.2));
#9095=CARTESIAN_POINT('Ctrl Pts',(36.1845938091789,6.3630503180146,0.2));
#9096=CARTESIAN_POINT('Ctrl Pts',(36.2107768841088,6.46521158516407,0.2));
#9097=CARTESIAN_POINT('Ctrl Pts',(35.3431096859276,5.77762626111507,0.));
#9098=CARTESIAN_POINT('Ctrl Pts',(35.3431096859276,5.77762626111507,0.2));
#9099=CARTESIAN_POINT('Ctrl Pts',(35.4533462256877,5.7832571268886,0.));
#9100=CARTESIAN_POINT('Ctrl Pts',(35.4533462256877,5.7832571268886,0.2));
#9101=CARTESIAN_POINT('Ctrl Pts',(35.6620715421464,5.79391878447576,0.));
#9102=CARTESIAN_POINT('Ctrl Pts',(35.6620715421464,5.79391878447576,0.2));
#9103=CARTESIAN_POINT('Ctrl Pts',(35.8388320400981,5.90450431779755,0.));
#9104=CARTESIAN_POINT('Ctrl Pts',(35.8388320400981,5.90450431779755,0.2));
#9105=CARTESIAN_POINT('Ctrl Pts',(35.9222379513085,5.95668502151966,0.));
#9106=CARTESIAN_POINT('Ctrl Pts',(35.9222379513085,5.95668502151966,0.2));
#9107=CARTESIAN_POINT('',(35.3431096859276,5.77762626111507,0.));
#9108=CARTESIAN_POINT('Ctrl Pts',(35.3431096859276,5.77762626111507,0.));
#9109=CARTESIAN_POINT('Ctrl Pts',(35.4533462256877,5.7832571268886,0.));
#9110=CARTESIAN_POINT('Ctrl Pts',(35.6620715421464,5.79391878447576,0.));
#9111=CARTESIAN_POINT('Ctrl Pts',(35.8388320400981,5.90450431779755,0.));
#9112=CARTESIAN_POINT('Ctrl Pts',(35.9222379513085,5.95668502151966,0.));
#9113=CARTESIAN_POINT('',(35.3431096859276,5.77762626111507,0.2));
#9114=CARTESIAN_POINT('',(35.3431096859276,5.77762626111507,0.));
#9115=CARTESIAN_POINT('Ctrl Pts',(35.3431096859276,5.77762626111507,0.2));
#9116=CARTESIAN_POINT('Ctrl Pts',(35.4533462256877,5.7832571268886,0.2));
#9117=CARTESIAN_POINT('Ctrl Pts',(35.6620715421464,5.79391878447576,0.2));
#9118=CARTESIAN_POINT('Ctrl Pts',(35.8388320400981,5.90450431779755,0.2));
#9119=CARTESIAN_POINT('Ctrl Pts',(35.9222379513085,5.95668502151966,0.2));
#9120=CARTESIAN_POINT('Ctrl Pts',(34.8243513889611,5.90961806476116,0.));
#9121=CARTESIAN_POINT('Ctrl Pts',(34.8243513889611,5.90961806476116,0.2));
#9122=CARTESIAN_POINT('Ctrl Pts',(34.9059106939743,5.87112109791093,0.));
#9123=CARTESIAN_POINT('Ctrl Pts',(34.9059106939743,5.87112109791093,0.2));
#9124=CARTESIAN_POINT('Ctrl Pts',(35.0702531503772,5.79354949409208,0.));
#9125=CARTESIAN_POINT('Ctrl Pts',(35.0702531503772,5.79354949409208,0.2));
#9126=CARTESIAN_POINT('Ctrl Pts',(35.2517070826447,5.78296029111675,0.));
#9127=CARTESIAN_POINT('Ctrl Pts',(35.2517070826447,5.78296029111675,0.2));
#9128=CARTESIAN_POINT('Ctrl Pts',(35.3431096859276,5.77762626111507,0.));
#9129=CARTESIAN_POINT('Ctrl Pts',(35.3431096859276,5.77762626111507,0.2));
#9130=CARTESIAN_POINT('',(34.8243513889611,5.90961806476116,0.));
#9131=CARTESIAN_POINT('Ctrl Pts',(34.8243513889611,5.90961806476116,0.));
#9132=CARTESIAN_POINT('Ctrl Pts',(34.9059106939743,5.87112109791093,0.));
#9133=CARTESIAN_POINT('Ctrl Pts',(35.0702531503772,5.79354949409208,0.));
#9134=CARTESIAN_POINT('Ctrl Pts',(35.2517070826447,5.78296029111675,0.));
#9135=CARTESIAN_POINT('Ctrl Pts',(35.3431096859276,5.77762626111507,0.));
#9136=CARTESIAN_POINT('',(34.8243513889611,5.90961806476116,0.2));
#9137=CARTESIAN_POINT('',(34.8243513889611,5.90961806476116,0.));
#9138=CARTESIAN_POINT('Ctrl Pts',(34.8243513889611,5.90961806476116,0.2));
#9139=CARTESIAN_POINT('Ctrl Pts',(34.9059106939743,5.87112109791093,0.2));
#9140=CARTESIAN_POINT('Ctrl Pts',(35.0702531503772,5.79354949409208,0.2));
#9141=CARTESIAN_POINT('Ctrl Pts',(35.2517070826447,5.78296029111675,0.2));
#9142=CARTESIAN_POINT('Ctrl Pts',(35.3431096859276,5.77762626111507,0.2));
#9143=CARTESIAN_POINT('Ctrl Pts',(34.4693055935204,6.30559362471104,0.));
#9144=CARTESIAN_POINT('Ctrl Pts',(34.4693055935204,6.30559362471104,0.2));
#9145=CARTESIAN_POINT('Ctrl Pts',(34.5126256832052,6.22345382434015,0.));
#9146=CARTESIAN_POINT('Ctrl Pts',(34.5126256832052,6.22345382434015,0.2));
#9147=CARTESIAN_POINT('Ctrl Pts',(34.5979406881751,6.06168690446854,0.));
#9148=CARTESIAN_POINT('Ctrl Pts',(34.5979406881751,6.06168690446854,0.2));
#9149=CARTESIAN_POINT('Ctrl Pts',(34.7496667282519,5.95978004764691,0.));
#9150=CARTESIAN_POINT('Ctrl Pts',(34.7496667282519,5.95978004764691,0.2));
#9151=CARTESIAN_POINT('Ctrl Pts',(34.8243513889611,5.90961806476116,0.));
#9152=CARTESIAN_POINT('Ctrl Pts',(34.8243513889611,5.90961806476116,0.2));
#9153=CARTESIAN_POINT('',(34.4693055935204,6.30559362471104,0.));
#9154=CARTESIAN_POINT('Ctrl Pts',(34.4693055935204,6.30559362471104,0.));
#9155=CARTESIAN_POINT('Ctrl Pts',(34.5126256832052,6.22345382434015,0.));
#9156=CARTESIAN_POINT('Ctrl Pts',(34.5979406881751,6.06168690446854,0.));
#9157=CARTESIAN_POINT('Ctrl Pts',(34.7496667282519,5.95978004764691,0.));
#9158=CARTESIAN_POINT('Ctrl Pts',(34.8243513889611,5.90961806476116,0.));
#9159=CARTESIAN_POINT('',(34.4693055935204,6.30559362471104,0.2));
#9160=CARTESIAN_POINT('',(34.4693055935204,6.30559362471104,0.));
#9161=CARTESIAN_POINT('Ctrl Pts',(34.4693055935204,6.30559362471104,0.2));
#9162=CARTESIAN_POINT('Ctrl Pts',(34.5126256832052,6.22345382434015,0.2));
#9163=CARTESIAN_POINT('Ctrl Pts',(34.5979406881751,6.06168690446854,0.2));
#9164=CARTESIAN_POINT('Ctrl Pts',(34.7496667282519,5.95978004764691,0.2));
#9165=CARTESIAN_POINT('Ctrl Pts',(34.8243513889611,5.90961806476116,0.2));
#9166=CARTESIAN_POINT('Ctrl Pts',(34.3526616878808,6.92155547440052,0.));
#9167=CARTESIAN_POINT('Ctrl Pts',(34.3526616878808,6.92155547440052,0.2));
#9168=CARTESIAN_POINT('Ctrl Pts',(34.356449680915,6.81040583795094,0.));
#9169=CARTESIAN_POINT('Ctrl Pts',(34.356449680915,6.81040583795094,0.2));
#9170=CARTESIAN_POINT('Ctrl Pts',(34.3636574331097,6.59891151132273,0.));
#9171=CARTESIAN_POINT('Ctrl Pts',(34.3636574331097,6.59891151132273,0.2));
#9172=CARTESIAN_POINT('Ctrl Pts',(34.4353097451724,6.3999785184209,0.));
#9173=CARTESIAN_POINT('Ctrl Pts',(34.4353097451724,6.3999785184209,0.2));
#9174=CARTESIAN_POINT('Ctrl Pts',(34.4693055935204,6.30559362471104,0.));
#9175=CARTESIAN_POINT('Ctrl Pts',(34.4693055935204,6.30559362471104,0.2));
#9176=CARTESIAN_POINT('',(34.3526616878808,6.92155547440052,0.));
#9177=CARTESIAN_POINT('Ctrl Pts',(34.3526616878808,6.92155547440052,0.));
#9178=CARTESIAN_POINT('Ctrl Pts',(34.356449680915,6.81040583795094,0.));
#9179=CARTESIAN_POINT('Ctrl Pts',(34.3636574331097,6.59891151132273,0.));
#9180=CARTESIAN_POINT('Ctrl Pts',(34.4353097451724,6.3999785184209,0.));
#9181=CARTESIAN_POINT('Ctrl Pts',(34.4693055935204,6.30559362471104,0.));
#9182=CARTESIAN_POINT('',(34.3526616878808,6.92155547440052,0.2));
#9183=CARTESIAN_POINT('',(34.3526616878808,6.92155547440052,0.));
#9184=CARTESIAN_POINT('Ctrl Pts',(34.3526616878808,6.92155547440052,0.2));
#9185=CARTESIAN_POINT('Ctrl Pts',(34.356449680915,6.81040583795094,0.2));
#9186=CARTESIAN_POINT('Ctrl Pts',(34.3636574331097,6.59891151132273,0.2));
#9187=CARTESIAN_POINT('Ctrl Pts',(34.4353097451724,6.3999785184209,0.2));
#9188=CARTESIAN_POINT('Ctrl Pts',(34.4693055935204,6.30559362471104,0.2));
#9189=CARTESIAN_POINT('Ctrl Pts',(34.6238056011498,7.75750376284122,0.));
#9190=CARTESIAN_POINT('Ctrl Pts',(34.6238056011498,7.75750376284122,0.2));
#9191=CARTESIAN_POINT('Ctrl Pts',(34.5448764495064,7.64305927959641,0.));
#9192=CARTESIAN_POINT('Ctrl Pts',(34.5448764495064,7.64305927959641,0.2));
#9193=CARTESIAN_POINT('Ctrl Pts',(34.3721625440764,7.39263021448473,0.));
#9194=CARTESIAN_POINT('Ctrl Pts',(34.3721625440764,7.39263021448473,0.2));
#9195=CARTESIAN_POINT('Ctrl Pts',(34.359524322771,7.08733352613158,0.));
#9196=CARTESIAN_POINT('Ctrl Pts',(34.359524322771,7.08733352613158,0.2));
#9197=CARTESIAN_POINT('Ctrl Pts',(34.3526616878808,6.92155547440052,0.));
#9198=CARTESIAN_POINT('Ctrl Pts',(34.3526616878808,6.92155547440052,0.2));
#9199=CARTESIAN_POINT('',(34.6238056011498,7.75750376284122,0.));
#9200=CARTESIAN_POINT('Ctrl Pts',(34.6238056011498,7.75750376284122,0.));
#9201=CARTESIAN_POINT('Ctrl Pts',(34.5448764495064,7.64305927959641,0.));
#9202=CARTESIAN_POINT('Ctrl Pts',(34.3721625440764,7.39263021448473,0.));
#9203=CARTESIAN_POINT('Ctrl Pts',(34.359524322771,7.08733352613158,0.));
#9204=CARTESIAN_POINT('Ctrl Pts',(34.3526616878808,6.92155547440052,0.));
#9205=CARTESIAN_POINT('',(34.6238056011498,7.75750376284122,0.2));
#9206=CARTESIAN_POINT('',(34.6238056011498,7.75750376284122,0.));
#9207=CARTESIAN_POINT('Ctrl Pts',(34.6238056011498,7.75750376284122,0.2));
#9208=CARTESIAN_POINT('Ctrl Pts',(34.5448764495064,7.64305927959641,0.2));
#9209=CARTESIAN_POINT('Ctrl Pts',(34.3721625440764,7.39263021448473,0.2));
#9210=CARTESIAN_POINT('Ctrl Pts',(34.359524322771,7.08733352613158,0.2));
#9211=CARTESIAN_POINT('Ctrl Pts',(34.3526616878808,6.92155547440052,0.2));
#9212=CARTESIAN_POINT('Ctrl Pts',(35.3410640545189,8.04911352694035,0.));
#9213=CARTESIAN_POINT('Ctrl Pts',(35.3410640545189,8.04911352694035,0.2));
#9214=CARTESIAN_POINT('Ctrl Pts',(35.2012196483062,8.03860741410828,0.));
#9215=CARTESIAN_POINT('Ctrl Pts',(35.2012196483062,8.03860741410828,0.2));
#9216=CARTESIAN_POINT('Ctrl Pts',(34.9302618444449,8.018251124306,0.));
#9217=CARTESIAN_POINT('Ctrl Pts',(34.9302618444449,8.018251124306,0.2));
#9218=CARTESIAN_POINT('Ctrl Pts',(34.7237394415695,7.84253216666912,0.));
#9219=CARTESIAN_POINT('Ctrl Pts',(34.7237394415695,7.84253216666912,0.2));
#9220=CARTESIAN_POINT('Ctrl Pts',(34.6238056011498,7.75750376284122,0.));
#9221=CARTESIAN_POINT('Ctrl Pts',(34.6238056011498,7.75750376284122,0.2));
#9222=CARTESIAN_POINT('',(35.3410640545189,8.04911352694035,0.));
#9223=CARTESIAN_POINT('Ctrl Pts',(35.3410640545189,8.04911352694035,0.));
#9224=CARTESIAN_POINT('Ctrl Pts',(35.2012196483062,8.03860741410828,0.));
#9225=CARTESIAN_POINT('Ctrl Pts',(34.9302618444449,8.018251124306,0.));
#9226=CARTESIAN_POINT('Ctrl Pts',(34.7237394415695,7.84253216666912,0.));
#9227=CARTESIAN_POINT('Ctrl Pts',(34.6238056011498,7.75750376284122,0.));
#9228=CARTESIAN_POINT('',(35.3410640545189,8.04911352694035,0.2));
#9229=CARTESIAN_POINT('',(35.3410640545189,8.04911352694035,0.));
#9230=CARTESIAN_POINT('Ctrl Pts',(35.3410640545189,8.04911352694035,0.2));
#9231=CARTESIAN_POINT('Ctrl Pts',(35.2012196483062,8.03860741410828,0.2));
#9232=CARTESIAN_POINT('Ctrl Pts',(34.9302618444449,8.018251124306,0.2));
#9233=CARTESIAN_POINT('Ctrl Pts',(34.7237394415695,7.84253216666912,0.2));
#9234=CARTESIAN_POINT('Ctrl Pts',(34.6238056011498,7.75750376284122,0.2));
#9235=CARTESIAN_POINT('Ctrl Pts',(35.9416786022484,7.83731259405613,0.));
#9236=CARTESIAN_POINT('Ctrl Pts',(35.9416786022484,7.83731259405613,0.2));
#9237=CARTESIAN_POINT('Ctrl Pts',(35.8540262789918,7.89907599076795,0.));
#9238=CARTESIAN_POINT('Ctrl Pts',(35.8540262789918,7.89907599076795,0.2));
#9239=CARTESIAN_POINT('Ctrl Pts',(35.6739756094514,8.02594702530394,0.));
#9240=CARTESIAN_POINT('Ctrl Pts',(35.6739756094514,8.02594702530394,0.2));
#9241=CARTESIAN_POINT('Ctrl Pts',(35.4539676634436,8.04125684067591,0.));
#9242=CARTESIAN_POINT('Ctrl Pts',(35.4539676634436,8.04125684067591,0.2));
#9243=CARTESIAN_POINT('Ctrl Pts',(35.3410640545189,8.04911352694035,0.));
#9244=CARTESIAN_POINT('Ctrl Pts',(35.3410640545189,8.04911352694035,0.2));
#9245=CARTESIAN_POINT('',(35.9416786022484,7.83731259405613,0.));
#9246=CARTESIAN_POINT('Ctrl Pts',(35.9416786022484,7.83731259405613,0.));
#9247=CARTESIAN_POINT('Ctrl Pts',(35.8540262789918,7.89907599076795,0.));
#9248=CARTESIAN_POINT('Ctrl Pts',(35.6739756094514,8.02594702530394,0.));
#9249=CARTESIAN_POINT('Ctrl Pts',(35.4539676634436,8.04125684067591,0.));
#9250=CARTESIAN_POINT('Ctrl Pts',(35.3410640545189,8.04911352694035,0.));
#9251=CARTESIAN_POINT('',(35.9416786022484,7.83731259405613,0.2));
#9252=CARTESIAN_POINT('',(35.9416786022484,7.83731259405613,0.));
#9253=CARTESIAN_POINT('Ctrl Pts',(35.9416786022484,7.83731259405613,0.2));
#9254=CARTESIAN_POINT('Ctrl Pts',(35.8540262789918,7.89907599076795,0.2));
#9255=CARTESIAN_POINT('Ctrl Pts',(35.6739756094514,8.02594702530394,0.2));
#9256=CARTESIAN_POINT('Ctrl Pts',(35.4539676634436,8.04125684067591,0.2));
#9257=CARTESIAN_POINT('Ctrl Pts',(35.3410640545189,8.04911352694035,0.2));
#9258=CARTESIAN_POINT('Ctrl Pts',(36.2455669231713,7.25102342665195,0.));
#9259=CARTESIAN_POINT('Ctrl Pts',(36.2455669231713,7.25102342665195,0.2));
#9260=CARTESIAN_POINT('Ctrl Pts',(36.2199674261195,7.36737615143331,0.));
#9261=CARTESIAN_POINT('Ctrl Pts',(36.2199674261195,7.36737615143331,0.2));
#9262=CARTESIAN_POINT('Ctrl Pts',(36.1708983866818,7.59040070654189,0.));
#9263=CARTESIAN_POINT('Ctrl Pts',(36.1708983866818,7.59040070654189,0.2));
#9264=CARTESIAN_POINT('Ctrl Pts',(36.0158416656997,7.75742532766745,0.));
#9265=CARTESIAN_POINT('Ctrl Pts',(36.0158416656997,7.75742532766745,0.2));
#9266=CARTESIAN_POINT('Ctrl Pts',(35.9416786022484,7.83731259405613,0.));
#9267=CARTESIAN_POINT('Ctrl Pts',(35.9416786022484,7.83731259405613,0.2));
#9268=CARTESIAN_POINT('',(36.2455669231713,7.25102342665195,0.));
#9269=CARTESIAN_POINT('Ctrl Pts',(36.2455669231713,7.25102342665195,0.));
#9270=CARTESIAN_POINT('Ctrl Pts',(36.2199674261195,7.36737615143331,0.));
#9271=CARTESIAN_POINT('Ctrl Pts',(36.1708983866818,7.59040070654189,0.));
#9272=CARTESIAN_POINT('Ctrl Pts',(36.0158416656997,7.75742532766745,0.));
#9273=CARTESIAN_POINT('Ctrl Pts',(35.9416786022484,7.83731259405613,0.));
#9274=CARTESIAN_POINT('',(36.2455669231713,7.25102342665195,0.2));
#9275=CARTESIAN_POINT('',(36.2455669231713,7.25102342665195,0.));
#9276=CARTESIAN_POINT('Ctrl Pts',(36.2455669231713,7.25102342665195,0.2));
#9277=CARTESIAN_POINT('Ctrl Pts',(36.2199674261195,7.36737615143331,0.2));
#9278=CARTESIAN_POINT('Ctrl Pts',(36.1708983866818,7.59040070654189,0.2));
#9279=CARTESIAN_POINT('Ctrl Pts',(36.0158416656997,7.75742532766745,0.2));
#9280=CARTESIAN_POINT('Ctrl Pts',(35.9416786022484,7.83731259405613,0.2));
#9281=CARTESIAN_POINT('Origin',(35.8833566494286,7.20395661890507,0.));
#9282=CARTESIAN_POINT('',(35.8833566494286,7.20395661890507,0.));
#9283=CARTESIAN_POINT('',(34.7442681263389,7.05593966740071,0.));
#9284=CARTESIAN_POINT('',(35.8833566494286,7.20395661890507,0.2));
#9285=CARTESIAN_POINT('',(35.8833566494286,7.20395661890507,0.));
#9286=CARTESIAN_POINT('',(35.8833566494286,7.20395661890507,0.2));
#9287=CARTESIAN_POINT('Ctrl Pts',(35.6991806812584,7.61323340237141,0.));
#9288=CARTESIAN_POINT('Ctrl Pts',(35.6991806812584,7.61323340237141,0.2));
#9289=CARTESIAN_POINT('Ctrl Pts',(35.7436115238327,7.55924510439025,0.));
#9290=CARTESIAN_POINT('Ctrl Pts',(35.7436115238327,7.55924510439025,0.2));
#9291=CARTESIAN_POINT('Ctrl Pts',(35.8416950163303,7.44006301120469,0.));
#9292=CARTESIAN_POINT('Ctrl Pts',(35.8416950163303,7.44006301120469,0.2));
#9293=CARTESIAN_POINT('Ctrl Pts',(35.868625439183,7.28744189412433,0.));
#9294=CARTESIAN_POINT('Ctrl Pts',(35.868625439183,7.28744189412433,0.2));
#9295=CARTESIAN_POINT('Ctrl Pts',(35.8833566494286,7.20395661890507,0.));
#9296=CARTESIAN_POINT('Ctrl Pts',(35.8833566494286,7.20395661890507,0.2));
#9297=CARTESIAN_POINT('Ctrl Pts',(35.6991806812584,7.61323340237141,0.));
#9298=CARTESIAN_POINT('Ctrl Pts',(35.7436115238327,7.55924510439025,0.));
#9299=CARTESIAN_POINT('Ctrl Pts',(35.8416950163303,7.44006301120469,0.));
#9300=CARTESIAN_POINT('Ctrl Pts',(35.868625439183,7.28744189412433,0.));
#9301=CARTESIAN_POINT('Ctrl Pts',(35.8833566494286,7.20395661890507,0.));
#9302=CARTESIAN_POINT('Ctrl Pts',(35.6991806812584,7.61323340237141,0.2));
#9303=CARTESIAN_POINT('Ctrl Pts',(35.7436115238327,7.55924510439025,0.2));
#9304=CARTESIAN_POINT('Ctrl Pts',(35.8416950163303,7.44006301120469,0.2));
#9305=CARTESIAN_POINT('Ctrl Pts',(35.868625439183,7.28744189412433,0.2));
#9306=CARTESIAN_POINT('Ctrl Pts',(35.8833566494286,7.20395661890507,0.2));
#9307=CARTESIAN_POINT('Origin',(29.9999997206032,6.94099597632885,0.2));
#9308=CARTESIAN_POINT('Ctrl Pts',(39.5873132534325,6.06616653501987,0.));
#9309=CARTESIAN_POINT('Ctrl Pts',(39.5873132534325,6.06616653501987,0.2));
#9310=CARTESIAN_POINT('Ctrl Pts',(39.5096501105897,6.07719672563481,0.));
#9311=CARTESIAN_POINT('Ctrl Pts',(39.5096501105897,6.07719672563481,0.2));
#9312=CARTESIAN_POINT('Ctrl Pts',(39.3452543423739,6.10054520978487,0.));
#9313=CARTESIAN_POINT('Ctrl Pts',(39.3452543423739,6.10054520978487,0.2));
#9314=CARTESIAN_POINT('Ctrl Pts',(39.2310989053691,6.22204931575744,0.));
#9315=CARTESIAN_POINT('Ctrl Pts',(39.2310989053691,6.22204931575744,0.2));
#9316=CARTESIAN_POINT('Ctrl Pts',(39.1708722896874,6.2861529737711,0.));
#9317=CARTESIAN_POINT('Ctrl Pts',(39.1708722896874,6.2861529737711,0.2));
#9318=CARTESIAN_POINT('',(39.5873132534325,6.06616653501987,0.));
#9319=CARTESIAN_POINT('',(39.1708722896874,6.2861529737711,0.));
#9320=CARTESIAN_POINT('Ctrl Pts',(39.5873132534325,6.06616653501987,0.));
#9321=CARTESIAN_POINT('Ctrl Pts',(39.5096501105897,6.07719672563481,0.));
#9322=CARTESIAN_POINT('Ctrl Pts',(39.3452543423739,6.10054520978487,0.));
#9323=CARTESIAN_POINT('Ctrl Pts',(39.2310989053691,6.22204931575744,0.));
#9324=CARTESIAN_POINT('Ctrl Pts',(39.1708722896874,6.2861529737711,0.));
#9325=CARTESIAN_POINT('',(39.5873132534325,6.06616653501987,0.2));
#9326=CARTESIAN_POINT('',(39.5873132534325,6.06616653501987,0.));
#9327=CARTESIAN_POINT('',(39.1708722896874,6.2861529737711,0.2));
#9328=CARTESIAN_POINT('Ctrl Pts',(39.5873132534325,6.06616653501987,0.2));
#9329=CARTESIAN_POINT('Ctrl Pts',(39.5096501105897,6.07719672563481,0.2));
#9330=CARTESIAN_POINT('Ctrl Pts',(39.3452543423739,6.10054520978487,0.2));
#9331=CARTESIAN_POINT('Ctrl Pts',(39.2310989053691,6.22204931575744,0.2));
#9332=CARTESIAN_POINT('Ctrl Pts',(39.1708722896874,6.2861529737711,0.2));
#9333=CARTESIAN_POINT('',(39.1708722896874,6.2861529737711,0.));
#9334=CARTESIAN_POINT('Ctrl Pts',(39.9955669231713,6.27285160124302,0.));
#9335=CARTESIAN_POINT('Ctrl Pts',(39.9955669231713,6.27285160124302,0.2));
#9336=CARTESIAN_POINT('Ctrl Pts',(39.9373261102433,6.21259063025267,0.));
#9337=CARTESIAN_POINT('Ctrl Pts',(39.9373261102433,6.21259063025267,0.2));
#9338=CARTESIAN_POINT('Ctrl Pts',(39.824809785857,6.09617153136108,0.));
#9339=CARTESIAN_POINT('Ctrl Pts',(39.824809785857,6.09617153136108,0.2));
#9340=CARTESIAN_POINT('Ctrl Pts',(39.6645966870109,6.07593042133049,0.));
#9341=CARTESIAN_POINT('Ctrl Pts',(39.6645966870109,6.07593042133049,0.2));
#9342=CARTESIAN_POINT('Ctrl Pts',(39.5873132534325,6.06616653501987,0.));
#9343=CARTESIAN_POINT('Ctrl Pts',(39.5873132534325,6.06616653501987,0.2));
#9344=CARTESIAN_POINT('',(39.9955669231713,6.27285160124302,0.));
#9345=CARTESIAN_POINT('Ctrl Pts',(39.9955669231713,6.27285160124302,0.));
#9346=CARTESIAN_POINT('Ctrl Pts',(39.9373261102433,6.21259063025267,0.));
#9347=CARTESIAN_POINT('Ctrl Pts',(39.824809785857,6.09617153136108,0.));
#9348=CARTESIAN_POINT('Ctrl Pts',(39.6645966870109,6.07593042133049,0.));
#9349=CARTESIAN_POINT('Ctrl Pts',(39.5873132534325,6.06616653501987,0.));
#9350=CARTESIAN_POINT('',(39.9955669231713,6.27285160124302,0.2));
#9351=CARTESIAN_POINT('',(39.9955669231713,6.27285160124302,0.));
#9352=CARTESIAN_POINT('Ctrl Pts',(39.9955669231713,6.27285160124302,0.2));
#9353=CARTESIAN_POINT('Ctrl Pts',(39.9373261102433,6.21259063025267,0.2));
#9354=CARTESIAN_POINT('Ctrl Pts',(39.824809785857,6.09617153136108,0.2));
#9355=CARTESIAN_POINT('Ctrl Pts',(39.6645966870109,6.07593042133049,0.2));
#9356=CARTESIAN_POINT('Ctrl Pts',(39.5873132534325,6.06616653501987,0.2));
#9357=CARTESIAN_POINT('Ctrl Pts',(40.1664391346276,6.89495243132114,0.));
#9358=CARTESIAN_POINT('Ctrl Pts',(40.1664391346276,6.89495243132114,0.2));
#9359=CARTESIAN_POINT('Ctrl Pts',(40.1633324205914,6.77057229829106,0.));
#9360=CARTESIAN_POINT('Ctrl Pts',(40.1633324205914,6.77057229829106,0.2));
#9361=CARTESIAN_POINT('Ctrl Pts',(40.1577720717042,6.54795865370334,0.));
#9362=CARTESIAN_POINT('Ctrl Pts',(40.1577720717042,6.54795865370334,0.2));
#9363=CARTESIAN_POINT('Ctrl Pts',(40.0452291409218,6.35708090264037,0.));
#9364=CARTESIAN_POINT('Ctrl Pts',(40.0452291409218,6.35708090264037,0.2));
#9365=CARTESIAN_POINT('Ctrl Pts',(39.9955669231713,6.27285160124302,0.));
#9366=CARTESIAN_POINT('Ctrl Pts',(39.9955669231713,6.27285160124302,0.2));
#9367=CARTESIAN_POINT('',(40.1664391346276,6.89495243132114,0.));
#9368=CARTESIAN_POINT('Ctrl Pts',(40.1664391346276,6.89495243132114,0.));
#9369=CARTESIAN_POINT('Ctrl Pts',(40.1633324205914,6.77057229829106,0.));
#9370=CARTESIAN_POINT('Ctrl Pts',(40.1577720717042,6.54795865370334,0.));
#9371=CARTESIAN_POINT('Ctrl Pts',(40.0452291409218,6.35708090264037,0.));
#9372=CARTESIAN_POINT('Ctrl Pts',(39.9955669231713,6.27285160124302,0.));
#9373=CARTESIAN_POINT('',(40.1664391346276,6.89495243132114,0.2));
#9374=CARTESIAN_POINT('',(40.1664391346276,6.89495243132114,0.));
#9375=CARTESIAN_POINT('Ctrl Pts',(40.1664391346276,6.89495243132114,0.2));
#9376=CARTESIAN_POINT('Ctrl Pts',(40.1633324205914,6.77057229829106,0.2));
#9377=CARTESIAN_POINT('Ctrl Pts',(40.1577720717042,6.54795865370334,0.2));
#9378=CARTESIAN_POINT('Ctrl Pts',(40.0452291409218,6.35708090264037,0.2));
#9379=CARTESIAN_POINT('Ctrl Pts',(39.9955669231713,6.27285160124302,0.2));
#9380=CARTESIAN_POINT('Ctrl Pts',(39.9914732761681,7.53854043781757,0.));
#9381=CARTESIAN_POINT('Ctrl Pts',(39.9914732761681,7.53854043781757,0.2));
#9382=CARTESIAN_POINT('Ctrl Pts',(40.0422961866153,7.45238459185639,0.));
#9383=CARTESIAN_POINT('Ctrl Pts',(40.0422961866153,7.45238459185639,0.2));
#9384=CARTESIAN_POINT('Ctrl Pts',(40.1587108625072,7.2550364904681,0.));
#9385=CARTESIAN_POINT('Ctrl Pts',(40.1587108625072,7.2550364904681,0.2));
#9386=CARTESIAN_POINT('Ctrl Pts',(40.1636540078568,7.0247200866553,0.));
#9387=CARTESIAN_POINT('Ctrl Pts',(40.1636540078568,7.0247200866553,0.2));
#9388=CARTESIAN_POINT('Ctrl Pts',(40.1664391346276,6.89495243132114,0.));
#9389=CARTESIAN_POINT('Ctrl Pts',(40.1664391346276,6.89495243132114,0.2));
#9390=CARTESIAN_POINT('',(39.9914732761681,7.53854043781757,0.));
#9391=CARTESIAN_POINT('Ctrl Pts',(39.9914732761681,7.53854043781757,0.));
#9392=CARTESIAN_POINT('Ctrl Pts',(40.0422961866153,7.45238459185639,0.));
#9393=CARTESIAN_POINT('Ctrl Pts',(40.1587108625072,7.2550364904681,0.));
#9394=CARTESIAN_POINT('Ctrl Pts',(40.1636540078568,7.0247200866553,0.));
#9395=CARTESIAN_POINT('Ctrl Pts',(40.1664391346276,6.89495243132114,0.));
#9396=CARTESIAN_POINT('',(39.9914732761681,7.53854043781757,0.2));
#9397=CARTESIAN_POINT('',(39.9914732761681,7.53854043781757,0.));
#9398=CARTESIAN_POINT('Ctrl Pts',(39.9914732761681,7.53854043781757,0.2));
#9399=CARTESIAN_POINT('Ctrl Pts',(40.0422961866153,7.45238459185639,0.2));
#9400=CARTESIAN_POINT('Ctrl Pts',(40.1587108625072,7.2550364904681,0.2));
#9401=CARTESIAN_POINT('Ctrl Pts',(40.1636540078568,7.0247200866553,0.2));
#9402=CARTESIAN_POINT('Ctrl Pts',(40.1664391346276,6.89495243132114,0.2));
#9403=CARTESIAN_POINT('Ctrl Pts',(39.5709410496056,7.74624861776829,0.));
#9404=CARTESIAN_POINT('Ctrl Pts',(39.5709410496056,7.74624861776829,0.2));
#9405=CARTESIAN_POINT('Ctrl Pts',(39.6506483849352,7.73663205416858,0.));
#9406=CARTESIAN_POINT('Ctrl Pts',(39.6506483849352,7.73663205416858,0.2));
#9407=CARTESIAN_POINT('Ctrl Pts',(39.8148266224123,7.71682421018713,0.));
#9408=CARTESIAN_POINT('Ctrl Pts',(39.8148266224123,7.71682421018713,0.2));
#9409=CARTESIAN_POINT('Ctrl Pts',(39.931463005364,7.59910686934858,0.));
#9410=CARTESIAN_POINT('Ctrl Pts',(39.931463005364,7.59910686934858,0.2));
#9411=CARTESIAN_POINT('Ctrl Pts',(39.9914732761681,7.53854043781757,0.));
#9412=CARTESIAN_POINT('Ctrl Pts',(39.9914732761681,7.53854043781757,0.2));
#9413=CARTESIAN_POINT('',(39.5709410496056,7.74624861776829,0.));
#9414=CARTESIAN_POINT('Ctrl Pts',(39.5709410496056,7.74624861776829,0.));
#9415=CARTESIAN_POINT('Ctrl Pts',(39.6506483849352,7.73663205416858,0.));
#9416=CARTESIAN_POINT('Ctrl Pts',(39.8148266224123,7.71682421018713,0.));
#9417=CARTESIAN_POINT('Ctrl Pts',(39.931463005364,7.59910686934858,0.));
#9418=CARTESIAN_POINT('Ctrl Pts',(39.9914732761681,7.53854043781757,0.));
#9419=CARTESIAN_POINT('',(39.5709410496056,7.74624861776829,0.2));
#9420=CARTESIAN_POINT('',(39.5709410496056,7.74624861776829,0.));
#9421=CARTESIAN_POINT('Ctrl Pts',(39.5709410496056,7.74624861776829,0.2));
#9422=CARTESIAN_POINT('Ctrl Pts',(39.6506483849352,7.73663205416858,0.2));
#9423=CARTESIAN_POINT('Ctrl Pts',(39.8148266224123,7.71682421018713,0.2));
#9424=CARTESIAN_POINT('Ctrl Pts',(39.931463005364,7.59910686934858,0.2));
#9425=CARTESIAN_POINT('Ctrl Pts',(39.9914732761681,7.53854043781757,0.2));
#9426=CARTESIAN_POINT('Ctrl Pts',(39.1596189327538,7.54570282995701,0.));
#9427=CARTESIAN_POINT('Ctrl Pts',(39.1596189327538,7.54570282995701,0.2));
#9428=CARTESIAN_POINT('Ctrl Pts',(39.218193592588,7.60418516139862,0.));
#9429=CARTESIAN_POINT('Ctrl Pts',(39.218193592588,7.60418516139862,0.2));
#9430=CARTESIAN_POINT('Ctrl Pts',(39.3325536864693,7.71836499501595,0.));
#9431=CARTESIAN_POINT('Ctrl Pts',(39.3325536864693,7.71836499501595,0.2));
#9432=CARTESIAN_POINT('Ctrl Pts',(39.4927812373213,7.73710644390698,0.));
#9433=CARTESIAN_POINT('Ctrl Pts',(39.4927812373213,7.73710644390698,0.2));
#9434=CARTESIAN_POINT('Ctrl Pts',(39.5709410496056,7.74624861776829,0.));
#9435=CARTESIAN_POINT('Ctrl Pts',(39.5709410496056,7.74624861776829,0.2));
#9436=CARTESIAN_POINT('',(39.1596189327538,7.54570282995701,0.));
#9437=CARTESIAN_POINT('Ctrl Pts',(39.1596189327538,7.54570282995701,0.));
#9438=CARTESIAN_POINT('Ctrl Pts',(39.218193592588,7.60418516139862,0.));
#9439=CARTESIAN_POINT('Ctrl Pts',(39.3325536864693,7.71836499501595,0.));
#9440=CARTESIAN_POINT('Ctrl Pts',(39.4927812373213,7.73710644390698,0.));
#9441=CARTESIAN_POINT('Ctrl Pts',(39.5709410496056,7.74624861776829,0.));
#9442=CARTESIAN_POINT('',(39.1596189327538,7.54570282995701,0.2));
#9443=CARTESIAN_POINT('',(39.1596189327538,7.54570282995701,0.));
#9444=CARTESIAN_POINT('Ctrl Pts',(39.1596189327538,7.54570282995701,0.2));
#9445=CARTESIAN_POINT('Ctrl Pts',(39.218193592588,7.60418516139862,0.2));
#9446=CARTESIAN_POINT('Ctrl Pts',(39.3325536864693,7.71836499501595,0.2));
#9447=CARTESIAN_POINT('Ctrl Pts',(39.4927812373213,7.73710644390698,0.2));
#9448=CARTESIAN_POINT('Ctrl Pts',(39.5709410496056,7.74624861776829,0.2));
#9449=CARTESIAN_POINT('Ctrl Pts',(38.9897671528161,6.92564822733402,0.));
#9450=CARTESIAN_POINT('Ctrl Pts',(38.9897671528161,6.92564822733402,0.2));
#9451=CARTESIAN_POINT('Ctrl Pts',(38.9925256552595,7.05063053556128,0.));
#9452=CARTESIAN_POINT('Ctrl Pts',(38.9925256552595,7.05063053556128,0.2));
#9453=CARTESIAN_POINT('Ctrl Pts',(38.9974272579178,7.27271249011016,0.));
#9454=CARTESIAN_POINT('Ctrl Pts',(38.9974272579178,7.27271249011016,0.2));
#9455=CARTESIAN_POINT('Ctrl Pts',(39.1102778860897,7.46265523142358,0.));
#9456=CARTESIAN_POINT('Ctrl Pts',(39.1102778860897,7.46265523142358,0.2));
#9457=CARTESIAN_POINT('Ctrl Pts',(39.1596189327538,7.54570282995701,0.));
#9458=CARTESIAN_POINT('Ctrl Pts',(39.1596189327538,7.54570282995701,0.2));
#9459=CARTESIAN_POINT('',(38.9897671528161,6.92564822733402,0.));
#9460=CARTESIAN_POINT('Ctrl Pts',(38.9897671528161,6.92564822733402,0.));
#9461=CARTESIAN_POINT('Ctrl Pts',(38.9925256552595,7.05063053556128,0.));
#9462=CARTESIAN_POINT('Ctrl Pts',(38.9974272579178,7.27271249011016,0.));
#9463=CARTESIAN_POINT('Ctrl Pts',(39.1102778860897,7.46265523142358,0.));
#9464=CARTESIAN_POINT('Ctrl Pts',(39.1596189327538,7.54570282995701,0.));
#9465=CARTESIAN_POINT('',(38.9897671528161,6.92564822733402,0.2));
#9466=CARTESIAN_POINT('',(38.9897671528161,6.92564822733402,0.));
#9467=CARTESIAN_POINT('Ctrl Pts',(38.9897671528161,6.92564822733402,0.2));
#9468=CARTESIAN_POINT('Ctrl Pts',(38.9925256552595,7.05063053556128,0.2));
#9469=CARTESIAN_POINT('Ctrl Pts',(38.9974272579178,7.27271249011016,0.2));
#9470=CARTESIAN_POINT('Ctrl Pts',(39.1102778860897,7.46265523142358,0.2));
#9471=CARTESIAN_POINT('Ctrl Pts',(39.1596189327538,7.54570282995701,0.2));
#9472=CARTESIAN_POINT('Ctrl Pts',(39.1708722896874,6.2861529737711,0.));
#9473=CARTESIAN_POINT('Ctrl Pts',(39.1708722896874,6.2861529737711,0.2));
#9474=CARTESIAN_POINT('Ctrl Pts',(39.1181980167546,6.37386805367794,0.));
#9475=CARTESIAN_POINT('Ctrl Pts',(39.1181980167546,6.37386805367794,0.2));
#9476=CARTESIAN_POINT('Ctrl Pts',(39.0005983214434,6.56969926494906,0.));
#9477=CARTESIAN_POINT('Ctrl Pts',(39.0005983214434,6.56969926494906,0.2));
#9478=CARTESIAN_POINT('Ctrl Pts',(38.9936198729616,6.79903476711255,0.));
#9479=CARTESIAN_POINT('Ctrl Pts',(38.9936198729616,6.79903476711255,0.2));
#9480=CARTESIAN_POINT('Ctrl Pts',(38.9897671528161,6.92564822733402,0.));
#9481=CARTESIAN_POINT('Ctrl Pts',(38.9897671528161,6.92564822733402,0.2));
#9482=CARTESIAN_POINT('Ctrl Pts',(39.1708722896874,6.2861529737711,0.));
#9483=CARTESIAN_POINT('Ctrl Pts',(39.1181980167546,6.37386805367794,0.));
#9484=CARTESIAN_POINT('Ctrl Pts',(39.0005983214434,6.56969926494906,0.));
#9485=CARTESIAN_POINT('Ctrl Pts',(38.9936198729616,6.79903476711255,0.));
#9486=CARTESIAN_POINT('Ctrl Pts',(38.9897671528161,6.92564822733402,0.));
#9487=CARTESIAN_POINT('Ctrl Pts',(39.1708722896874,6.2861529737711,0.2));
#9488=CARTESIAN_POINT('Ctrl Pts',(39.1181980167546,6.37386805367794,0.2));
#9489=CARTESIAN_POINT('Ctrl Pts',(39.0005983214434,6.56969926494906,0.2));
#9490=CARTESIAN_POINT('Ctrl Pts',(38.9936198729616,6.79903476711255,0.2));
#9491=CARTESIAN_POINT('Ctrl Pts',(38.9897671528161,6.92564822733402,0.2));
#9492=CARTESIAN_POINT('Origin',(39.0245571918786,7.7748978883028,0.));
#9493=CARTESIAN_POINT('',(39.0245571918786,7.7748978883028,0.));
#9494=CARTESIAN_POINT('',(39.0245571918786,8.83287884294987,0.));
#9495=CARTESIAN_POINT('',(39.0245571918786,23.1374489441514,0.));
#9496=CARTESIAN_POINT('',(39.0245571918786,7.7748978883028,0.2));
#9497=CARTESIAN_POINT('',(39.0245571918786,7.7748978883028,0.));
#9498=CARTESIAN_POINT('',(39.0245571918786,8.83287884294987,0.2));
#9499=CARTESIAN_POINT('',(39.0245571918786,7.7748978883028,0.2));
#9500=CARTESIAN_POINT('',(39.0245571918786,8.83287884294987,0.));
#9501=CARTESIAN_POINT('Ctrl Pts',(39.2650070972741,7.97135092318058,0.));
#9502=CARTESIAN_POINT('Ctrl Pts',(39.2650070972741,7.97135092318058,0.2));
#9503=CARTESIAN_POINT('Ctrl Pts',(39.2187913535368,7.94420195143819,0.));
#9504=CARTESIAN_POINT('Ctrl Pts',(39.2187913535368,7.94420195143819,0.2));
#9505=CARTESIAN_POINT('Ctrl Pts',(39.1284490999698,7.89113130730489,0.));
#9506=CARTESIAN_POINT('Ctrl Pts',(39.1284490999698,7.89113130730489,0.2));
#9507=CARTESIAN_POINT('Ctrl Pts',(39.0586497735891,7.81304039052102,0.));
#9508=CARTESIAN_POINT('Ctrl Pts',(39.0586497735891,7.81304039052102,0.2));
#9509=CARTESIAN_POINT('Ctrl Pts',(39.0245571918786,7.7748978883028,0.));
#9510=CARTESIAN_POINT('Ctrl Pts',(39.0245571918786,7.7748978883028,0.2));
#9511=CARTESIAN_POINT('',(39.2650070972741,7.97135092318058,0.));
#9512=CARTESIAN_POINT('Ctrl Pts',(39.2650070972741,7.97135092318058,0.));
#9513=CARTESIAN_POINT('Ctrl Pts',(39.2187913535368,7.94420195143819,0.));
#9514=CARTESIAN_POINT('Ctrl Pts',(39.1284490999698,7.89113130730489,0.));
#9515=CARTESIAN_POINT('Ctrl Pts',(39.0586497735891,7.81304039052102,0.));
#9516=CARTESIAN_POINT('Ctrl Pts',(39.0245571918786,7.7748978883028,0.));
#9517=CARTESIAN_POINT('',(39.2650070972741,7.97135092318058,0.2));
#9518=CARTESIAN_POINT('',(39.2650070972741,7.97135092318058,0.));
#9519=CARTESIAN_POINT('Ctrl Pts',(39.2650070972741,7.97135092318058,0.2));
#9520=CARTESIAN_POINT('Ctrl Pts',(39.2187913535368,7.94420195143819,0.2));
#9521=CARTESIAN_POINT('Ctrl Pts',(39.1284490999698,7.89113130730489,0.2));
#9522=CARTESIAN_POINT('Ctrl Pts',(39.0586497735891,7.81304039052102,0.2));
#9523=CARTESIAN_POINT('Ctrl Pts',(39.0245571918786,7.7748978883028,0.2));
#9524=CARTESIAN_POINT('Ctrl Pts',(39.5954981632531,8.04911352694035,0.));
#9525=CARTESIAN_POINT('Ctrl Pts',(39.5954981632531,8.04911352694035,0.2));
#9526=CARTESIAN_POINT('Ctrl Pts',(39.5363979497228,8.04624661903515,0.));
#9527=CARTESIAN_POINT('Ctrl Pts',(39.5363979497228,8.04624661903515,0.2));
#9528=CARTESIAN_POINT('Ctrl Pts',(39.4213743245736,8.04066690754975,0.));
#9529=CARTESIAN_POINT('Ctrl Pts',(39.4213743245736,8.04066690754975,0.2));
#9530=CARTESIAN_POINT('Ctrl Pts',(39.3161608872508,7.994026872404,0.));
#9531=CARTESIAN_POINT('Ctrl Pts',(39.3161608872508,7.994026872404,0.2));
#9532=CARTESIAN_POINT('Ctrl Pts',(39.2650070972741,7.97135092318058,0.));
#9533=CARTESIAN_POINT('Ctrl Pts',(39.2650070972741,7.97135092318058,0.2));
#9534=CARTESIAN_POINT('',(39.5954981632531,8.04911352694035,0.));
#9535=CARTESIAN_POINT('Ctrl Pts',(39.5954981632531,8.04911352694035,0.));
#9536=CARTESIAN_POINT('Ctrl Pts',(39.5363979497228,8.04624661903515,0.));
#9537=CARTESIAN_POINT('Ctrl Pts',(39.4213743245736,8.04066690754975,0.));
#9538=CARTESIAN_POINT('Ctrl Pts',(39.3161608872508,7.994026872404,0.));
#9539=CARTESIAN_POINT('Ctrl Pts',(39.2650070972741,7.97135092318058,0.));
#9540=CARTESIAN_POINT('',(39.5954981632531,8.04911352694035,0.2));
#9541=CARTESIAN_POINT('',(39.5954981632531,8.04911352694035,0.));
#9542=CARTESIAN_POINT('Ctrl Pts',(39.5954981632531,8.04911352694035,0.2));
#9543=CARTESIAN_POINT('Ctrl Pts',(39.5363979497228,8.04624661903515,0.2));
#9544=CARTESIAN_POINT('Ctrl Pts',(39.4213743245736,8.04066690754975,0.2));
#9545=CARTESIAN_POINT('Ctrl Pts',(39.3161608872508,7.994026872404,0.2));
#9546=CARTESIAN_POINT('Ctrl Pts',(39.2650070972741,7.97135092318058,0.2));
#9547=CARTESIAN_POINT('Ctrl Pts',(40.0753751583397,7.90688969194889,0.));
#9548=CARTESIAN_POINT('Ctrl Pts',(40.0753751583397,7.90688969194889,0.2));
#9549=CARTESIAN_POINT('Ctrl Pts',(39.999095796431,7.94836795927767,0.));
#9550=CARTESIAN_POINT('Ctrl Pts',(39.999095796431,7.94836795927767,0.2));
#9551=CARTESIAN_POINT('Ctrl Pts',(39.8491575479557,8.02989956359946,0.));
#9552=CARTESIAN_POINT('Ctrl Pts',(39.8491575479557,8.02989956359946,0.2));
#9553=CARTESIAN_POINT('Ctrl Pts',(39.6790603602412,8.04278393266377,0.));
#9554=CARTESIAN_POINT('Ctrl Pts',(39.6790603602412,8.04278393266377,0.2));
#9555=CARTESIAN_POINT('Ctrl Pts',(39.5954981632531,8.04911352694035,0.));
#9556=CARTESIAN_POINT('Ctrl Pts',(39.5954981632531,8.04911352694035,0.2));
#9557=CARTESIAN_POINT('',(40.0753751583397,7.90688969194889,0.));
#9558=CARTESIAN_POINT('Ctrl Pts',(40.0753751583397,7.90688969194889,0.));
#9559=CARTESIAN_POINT('Ctrl Pts',(39.999095796431,7.94836795927767,0.));
#9560=CARTESIAN_POINT('Ctrl Pts',(39.8491575479557,8.02989956359946,0.));
#9561=CARTESIAN_POINT('Ctrl Pts',(39.6790603602412,8.04278393266377,0.));
#9562=CARTESIAN_POINT('Ctrl Pts',(39.5954981632531,8.04911352694035,0.));
#9563=CARTESIAN_POINT('',(40.0753751583397,7.90688969194889,0.2));
#9564=CARTESIAN_POINT('',(40.0753751583397,7.90688969194889,0.));
#9565=CARTESIAN_POINT('Ctrl Pts',(40.0753751583397,7.90688969194889,0.2));
#9566=CARTESIAN_POINT('Ctrl Pts',(39.999095796431,7.94836795927767,0.2));
#9567=CARTESIAN_POINT('Ctrl Pts',(39.8491575479557,8.02989956359946,0.2));
#9568=CARTESIAN_POINT('Ctrl Pts',(39.6790603602412,8.04278393266377,0.2));
#9569=CARTESIAN_POINT('Ctrl Pts',(39.5954981632531,8.04911352694035,0.2));
#9570=CARTESIAN_POINT('Ctrl Pts',(40.42326124385,7.49761261045933,0.));
#9571=CARTESIAN_POINT('Ctrl Pts',(40.42326124385,7.49761261045933,0.2));
#9572=CARTESIAN_POINT('Ctrl Pts',(40.3797333214585,7.58086253367337,0.));
#9573=CARTESIAN_POINT('Ctrl Pts',(40.3797333214585,7.58086253367337,0.2));
#9574=CARTESIAN_POINT('Ctrl Pts',(40.2946033630142,7.74367899984774,0.));
#9575=CARTESIAN_POINT('Ctrl Pts',(40.2946033630142,7.74367899984774,0.2));
#9576=CARTESIAN_POINT('Ctrl Pts',(40.1473407240269,7.85331287321472,0.));
#9577=CARTESIAN_POINT('Ctrl Pts',(40.1473407240269,7.85331287321472,0.2));
#9578=CARTESIAN_POINT('Ctrl Pts',(40.0753751583397,7.90688969194889,0.));
#9579=CARTESIAN_POINT('Ctrl Pts',(40.0753751583397,7.90688969194889,0.2));
#9580=CARTESIAN_POINT('',(40.42326124385,7.49761261045933,0.));
#9581=CARTESIAN_POINT('Ctrl Pts',(40.42326124385,7.49761261045933,0.));
#9582=CARTESIAN_POINT('Ctrl Pts',(40.3797333214585,7.58086253367337,0.));
#9583=CARTESIAN_POINT('Ctrl Pts',(40.2946033630142,7.74367899984774,0.));
#9584=CARTESIAN_POINT('Ctrl Pts',(40.1473407240269,7.85331287321472,0.));
#9585=CARTESIAN_POINT('Ctrl Pts',(40.0753751583397,7.90688969194889,0.));
#9586=CARTESIAN_POINT('',(40.42326124385,7.49761261045933,0.2));
#9587=CARTESIAN_POINT('',(40.42326124385,7.49761261045933,0.));
#9588=CARTESIAN_POINT('Ctrl Pts',(40.42326124385,7.49761261045933,0.2));
#9589=CARTESIAN_POINT('Ctrl Pts',(40.3797333214585,7.58086253367337,0.2));
#9590=CARTESIAN_POINT('Ctrl Pts',(40.2946033630142,7.74367899984774,0.2));
#9591=CARTESIAN_POINT('Ctrl Pts',(40.1473407240269,7.85331287321472,0.2));
#9592=CARTESIAN_POINT('Ctrl Pts',(40.0753751583397,7.90688969194889,0.2));
#9593=CARTESIAN_POINT('Ctrl Pts',(40.5429735966027,6.89699865877628,0.));
#9594=CARTESIAN_POINT('Ctrl Pts',(40.5429735966027,6.89699865877628,0.2));
#9595=CARTESIAN_POINT('Ctrl Pts',(40.5386942458123,7.00380013567052,0.));
#9596=CARTESIAN_POINT('Ctrl Pts',(40.5386942458123,7.00380013567052,0.2));
#9597=CARTESIAN_POINT('Ctrl Pts',(40.5304150808645,7.21042658140692,0.));
#9598=CARTESIAN_POINT('Ctrl Pts',(40.5304150808645,7.21042658140692,0.2));
#9599=CARTESIAN_POINT('Ctrl Pts',(40.4581660539844,7.40406324165812,0.));
#9600=CARTESIAN_POINT('Ctrl Pts',(40.4581660539844,7.40406324165812,0.2));
#9601=CARTESIAN_POINT('Ctrl Pts',(40.42326124385,7.49761261045933,0.));
#9602=CARTESIAN_POINT('Ctrl Pts',(40.42326124385,7.49761261045933,0.2));
#9603=CARTESIAN_POINT('',(40.5429735966027,6.89699865877628,0.));
#9604=CARTESIAN_POINT('Ctrl Pts',(40.5429735966027,6.89699865877628,0.));
#9605=CARTESIAN_POINT('Ctrl Pts',(40.5386942458123,7.00380013567052,0.));
#9606=CARTESIAN_POINT('Ctrl Pts',(40.5304150808645,7.21042658140692,0.));
#9607=CARTESIAN_POINT('Ctrl Pts',(40.4581660539844,7.40406324165812,0.));
#9608=CARTESIAN_POINT('Ctrl Pts',(40.42326124385,7.49761261045933,0.));
#9609=CARTESIAN_POINT('',(40.5429735966027,6.89699865877628,0.2));
#9610=CARTESIAN_POINT('',(40.5429735966027,6.89699865877628,0.));
#9611=CARTESIAN_POINT('Ctrl Pts',(40.5429735966027,6.89699865877628,0.2));
#9612=CARTESIAN_POINT('Ctrl Pts',(40.5386942458123,7.00380013567052,0.2));
#9613=CARTESIAN_POINT('Ctrl Pts',(40.5304150808645,7.21042658140692,0.2));
#9614=CARTESIAN_POINT('Ctrl Pts',(40.4581660539844,7.40406324165812,0.2));
#9615=CARTESIAN_POINT('Ctrl Pts',(40.42326124385,7.49761261045933,0.2));
#9616=CARTESIAN_POINT('Ctrl Pts',(40.4345169849694,6.32503427565098,0.));
#9617=CARTESIAN_POINT('Ctrl Pts',(40.4345169849694,6.32503427565098,0.2));
#9618=CARTESIAN_POINT('Ctrl Pts',(40.4661453656091,6.41531620388976,0.));
#9619=CARTESIAN_POINT('Ctrl Pts',(40.4661453656091,6.41531620388976,0.2));
#9620=CARTESIAN_POINT('Ctrl Pts',(40.5310046186045,6.60045430789982,0.));
#9621=CARTESIAN_POINT('Ctrl Pts',(40.5310046186045,6.60045430789982,0.2));
#9622=CARTESIAN_POINT('Ctrl Pts',(40.5389187584764,6.79653566684414,0.));
#9623=CARTESIAN_POINT('Ctrl Pts',(40.5389187584764,6.79653566684414,0.2));
#9624=CARTESIAN_POINT('Ctrl Pts',(40.5429735966027,6.89699865877628,0.));
#9625=CARTESIAN_POINT('Ctrl Pts',(40.5429735966027,6.89699865877628,0.2));
#9626=CARTESIAN_POINT('',(40.4345169849694,6.32503427565098,0.));
#9627=CARTESIAN_POINT('Ctrl Pts',(40.4345169849694,6.32503427565098,0.));
#9628=CARTESIAN_POINT('Ctrl Pts',(40.4661453656091,6.41531620388976,0.));
#9629=CARTESIAN_POINT('Ctrl Pts',(40.5310046186045,6.60045430789982,0.));
#9630=CARTESIAN_POINT('Ctrl Pts',(40.5389187584764,6.79653566684414,0.));
#9631=CARTESIAN_POINT('Ctrl Pts',(40.5429735966027,6.89699865877628,0.));
#9632=CARTESIAN_POINT('',(40.4345169849694,6.32503427565098,0.2));
#9633=CARTESIAN_POINT('',(40.4345169849694,6.32503427565098,0.));
#9634=CARTESIAN_POINT('Ctrl Pts',(40.4345169849694,6.32503427565098,0.2));
#9635=CARTESIAN_POINT('Ctrl Pts',(40.4661453656091,6.41531620388976,0.2));
#9636=CARTESIAN_POINT('Ctrl Pts',(40.5310046186045,6.60045430789982,0.2));
#9637=CARTESIAN_POINT('Ctrl Pts',(40.5389187584764,6.79653566684414,0.2));
#9638=CARTESIAN_POINT('Ctrl Pts',(40.5429735966027,6.89699865877628,0.2));
#9639=CARTESIAN_POINT('Ctrl Pts',(40.1132336445153,5.92087335884571,0.));
#9640=CARTESIAN_POINT('Ctrl Pts',(40.1132336445153,5.92087335884571,0.2));
#9641=CARTESIAN_POINT('Ctrl Pts',(40.1802621224554,5.97459427994087,0.));
#9642=CARTESIAN_POINT('Ctrl Pts',(40.1802621224554,5.97459427994087,0.2));
#9643=CARTESIAN_POINT('Ctrl Pts',(40.31785955676,6.08487368860905,0.));
#9644=CARTESIAN_POINT('Ctrl Pts',(40.31785955676,6.08487368860905,0.2));
#9645=CARTESIAN_POINT('Ctrl Pts',(40.3949698086244,6.24361920219487,0.));
#9646=CARTESIAN_POINT('Ctrl Pts',(40.3949698086244,6.24361920219487,0.2));
#9647=CARTESIAN_POINT('Ctrl Pts',(40.4345169849694,6.32503427565098,0.));
#9648=CARTESIAN_POINT('Ctrl Pts',(40.4345169849694,6.32503427565098,0.2));
#9649=CARTESIAN_POINT('',(40.1132336445153,5.92087335884571,0.));
#9650=CARTESIAN_POINT('Ctrl Pts',(40.1132336445153,5.92087335884571,0.));
#9651=CARTESIAN_POINT('Ctrl Pts',(40.1802621224554,5.97459427994087,0.));
#9652=CARTESIAN_POINT('Ctrl Pts',(40.31785955676,6.08487368860905,0.));
#9653=CARTESIAN_POINT('Ctrl Pts',(40.3949698086244,6.24361920219487,0.));
#9654=CARTESIAN_POINT('Ctrl Pts',(40.4345169849694,6.32503427565098,0.));
#9655=CARTESIAN_POINT('',(40.1132336445153,5.92087335884571,0.2));
#9656=CARTESIAN_POINT('',(40.1132336445153,5.92087335884571,0.));
#9657=CARTESIAN_POINT('Ctrl Pts',(40.1132336445153,5.92087335884571,0.2));
#9658=CARTESIAN_POINT('Ctrl Pts',(40.1802621224554,5.97459427994087,0.2));
#9659=CARTESIAN_POINT('Ctrl Pts',(40.31785955676,6.08487368860905,0.2));
#9660=CARTESIAN_POINT('Ctrl Pts',(40.3949698086244,6.24361920219487,0.2));
#9661=CARTESIAN_POINT('Ctrl Pts',(40.4345169849694,6.32503427565098,0.2));
#9662=CARTESIAN_POINT('Ctrl Pts',(39.6221009083092,5.77762641012669,0.));
#9663=CARTESIAN_POINT('Ctrl Pts',(39.6221009083092,5.77762641012669,0.2));
#9664=CARTESIAN_POINT('Ctrl Pts',(39.7113335799124,5.78305889686433,0.));
#9665=CARTESIAN_POINT('Ctrl Pts',(39.7113335799124,5.78305889686433,0.2));
#9666=CARTESIAN_POINT('Ctrl Pts',(39.8860032151585,5.7936927875671,0.));
#9667=CARTESIAN_POINT('Ctrl Pts',(39.8860032151585,5.7936927875671,0.2));
#9668=CARTESIAN_POINT('Ctrl Pts',(40.0385954845669,5.87909847927394,0.));
#9669=CARTESIAN_POINT('Ctrl Pts',(40.0385954845669,5.87909847927394,0.2));
#9670=CARTESIAN_POINT('Ctrl Pts',(40.1132336445153,5.92087335884571,0.));
#9671=CARTESIAN_POINT('Ctrl Pts',(40.1132336445153,5.92087335884571,0.2));
#9672=CARTESIAN_POINT('',(39.6221009083092,5.77762641012669,0.));
#9673=CARTESIAN_POINT('Ctrl Pts',(39.6221009083092,5.77762641012669,0.));
#9674=CARTESIAN_POINT('Ctrl Pts',(39.7113335799124,5.78305889686433,0.));
#9675=CARTESIAN_POINT('Ctrl Pts',(39.8860032151585,5.7936927875671,0.));
#9676=CARTESIAN_POINT('Ctrl Pts',(40.0385954845669,5.87909847927394,0.));
#9677=CARTESIAN_POINT('Ctrl Pts',(40.1132336445153,5.92087335884571,0.));
#9678=CARTESIAN_POINT('',(39.6221009083092,5.77762641012669,0.2));
#9679=CARTESIAN_POINT('',(39.6221009083092,5.77762641012669,0.));
#9680=CARTESIAN_POINT('Ctrl Pts',(39.6221009083092,5.77762641012669,0.2));
#9681=CARTESIAN_POINT('Ctrl Pts',(39.7113335799124,5.78305889686433,0.2));
#9682=CARTESIAN_POINT('Ctrl Pts',(39.8860032151585,5.7936927875671,0.2));
#9683=CARTESIAN_POINT('Ctrl Pts',(40.0385954845669,5.87909847927394,0.2));
#9684=CARTESIAN_POINT('Ctrl Pts',(40.1132336445153,5.92087335884571,0.2));
#9685=CARTESIAN_POINT('Ctrl Pts',(39.2598906345665,5.86050488054752,0.));
#9686=CARTESIAN_POINT('Ctrl Pts',(39.2598906345665,5.86050488054752,0.2));
#9687=CARTESIAN_POINT('Ctrl Pts',(39.3141606328639,5.83635351286951,0.));
#9688=CARTESIAN_POINT('Ctrl Pts',(39.3141606328639,5.83635351286951,0.2));
#9689=CARTESIAN_POINT('Ctrl Pts',(39.4293101141232,5.78510940844581,0.));
#9690=CARTESIAN_POINT('Ctrl Pts',(39.4293101141232,5.78510940844581,0.2));
#9691=CARTESIAN_POINT('Ctrl Pts',(39.5554243592436,5.78021439938566,0.));
#9692=CARTESIAN_POINT('Ctrl Pts',(39.5554243592436,5.78021439938566,0.2));
#9693=CARTESIAN_POINT('Ctrl Pts',(39.6221009083092,5.77762641012669,0.));
#9694=CARTESIAN_POINT('Ctrl Pts',(39.6221009083092,5.77762641012669,0.2));
#9695=CARTESIAN_POINT('',(39.2598906345665,5.86050488054752,0.));
#9696=CARTESIAN_POINT('Ctrl Pts',(39.2598906345665,5.86050488054752,0.));
#9697=CARTESIAN_POINT('Ctrl Pts',(39.3141606328639,5.83635351286951,0.));
#9698=CARTESIAN_POINT('Ctrl Pts',(39.4293101141232,5.78510940844581,0.));
#9699=CARTESIAN_POINT('Ctrl Pts',(39.5554243592436,5.78021439938566,0.));
#9700=CARTESIAN_POINT('Ctrl Pts',(39.6221009083092,5.77762641012669,0.));
#9701=CARTESIAN_POINT('',(39.2598906345665,5.86050488054752,0.2));
#9702=CARTESIAN_POINT('',(39.2598906345665,5.86050488054752,0.));
#9703=CARTESIAN_POINT('Ctrl Pts',(39.2598906345665,5.86050488054752,0.2));
#9704=CARTESIAN_POINT('Ctrl Pts',(39.3141606328639,5.83635351286951,0.2));
#9705=CARTESIAN_POINT('Ctrl Pts',(39.4293101141232,5.78510940844581,0.2));
#9706=CARTESIAN_POINT('Ctrl Pts',(39.5554243592436,5.78021439938566,0.2));
#9707=CARTESIAN_POINT('Ctrl Pts',(39.6221009083092,5.77762641012669,0.2));
#9708=CARTESIAN_POINT('Ctrl Pts',(38.9918151684105,6.10914058983326,0.));
#9709=CARTESIAN_POINT('Ctrl Pts',(38.9918151684105,6.10914058983326,0.2));
#9710=CARTESIAN_POINT('Ctrl Pts',(39.0314157179273,6.05804876778505,0.));
#9711=CARTESIAN_POINT('Ctrl Pts',(39.0314157179273,6.05804876778505,0.2));
#9712=CARTESIAN_POINT('Ctrl Pts',(39.1071536653083,5.96033321138208,0.));
#9713=CARTESIAN_POINT('Ctrl Pts',(39.1071536653083,5.96033321138208,0.2));
#9714=CARTESIAN_POINT('Ctrl Pts',(39.2105543253505,5.89275091385887,0.));
#9715=CARTESIAN_POINT('Ctrl Pts',(39.2105543253505,5.89275091385887,0.2));
#9716=CARTESIAN_POINT('Ctrl Pts',(39.2598906345665,5.86050488054752,0.));
#9717=CARTESIAN_POINT('Ctrl Pts',(39.2598906345665,5.86050488054752,0.2));
#9718=CARTESIAN_POINT('',(38.9918151684105,6.10914058983326,0.));
#9719=CARTESIAN_POINT('Ctrl Pts',(38.9918151684105,6.10914058983326,0.));
#9720=CARTESIAN_POINT('Ctrl Pts',(39.0314157179273,6.05804876778505,0.));
#9721=CARTESIAN_POINT('Ctrl Pts',(39.1071536653083,5.96033321138208,0.));
#9722=CARTESIAN_POINT('Ctrl Pts',(39.2105543253505,5.89275091385887,0.));
#9723=CARTESIAN_POINT('Ctrl Pts',(39.2598906345665,5.86050488054752,0.));
#9724=CARTESIAN_POINT('',(38.9918151684105,6.10914058983326,0.2));
#9725=CARTESIAN_POINT('',(38.9918151684105,6.10914058983326,0.));
#9726=CARTESIAN_POINT('Ctrl Pts',(38.9918151684105,6.10914058983326,0.2));
#9727=CARTESIAN_POINT('Ctrl Pts',(39.0314157179273,6.05804876778505,0.2));
#9728=CARTESIAN_POINT('Ctrl Pts',(39.1071536653083,5.96033321138208,0.2));
#9729=CARTESIAN_POINT('Ctrl Pts',(39.2105543253505,5.89275091385887,0.2));
#9730=CARTESIAN_POINT('Ctrl Pts',(39.2598906345665,5.86050488054752,0.2));
#9731=CARTESIAN_POINT('Origin',(38.9918151684105,5.82673974335194,0.));
#9732=CARTESIAN_POINT('',(38.9918151684105,5.82673974335194,0.));
#9733=CARTESIAN_POINT('',(38.9918151684105,22.163369871676,0.));
#9734=CARTESIAN_POINT('',(38.9918151684105,5.82673974335194,0.2));
#9735=CARTESIAN_POINT('',(38.9918151684105,5.82673974335194,0.));
#9736=CARTESIAN_POINT('',(38.9918151684105,5.82673974335194,0.2));
#9737=CARTESIAN_POINT('Origin',(38.656207639724,5.82673974335194,0.));
#9738=CARTESIAN_POINT('',(38.656207639724,5.82673974335194,0.));
#9739=CARTESIAN_POINT('',(34.078103819862,5.82673974335194,0.));
#9740=CARTESIAN_POINT('',(38.656207639724,5.82673974335194,0.2));
#9741=CARTESIAN_POINT('',(38.656207639724,5.82673974335194,0.));
#9742=CARTESIAN_POINT('',(38.656207639724,5.82673974335194,0.2));
#9743=CARTESIAN_POINT('Origin',(38.656207639724,8.83287884294987,0.));
#9744=CARTESIAN_POINT('',(38.656207639724,8.83287884294987,0.));
#9745=CARTESIAN_POINT('',(38.656207639724,23.6664394214749,0.));
#9746=CARTESIAN_POINT('',(38.656207639724,8.83287884294987,0.2));
#9747=CARTESIAN_POINT('',(38.656207639724,8.83287884294987,0.));
#9748=CARTESIAN_POINT('',(38.656207639724,8.83287884294987,0.2));
#9749=CARTESIAN_POINT('Origin',(39.0245571918786,8.83287884294987,0.));
#9750=CARTESIAN_POINT('',(34.2622785959393,8.83287884294987,0.));
#9751=CARTESIAN_POINT('',(39.0245571918786,8.83287884294987,0.2));
#9752=CARTESIAN_POINT('Origin',(29.9999997206032,6.94099597632885,0.2));
#9753=CARTESIAN_POINT('Ctrl Pts',(42.3151412792504,7.41268761456013,0.));
#9754=CARTESIAN_POINT('Ctrl Pts',(42.3151412792504,7.41268761456013,0.2));
#9755=CARTESIAN_POINT('Ctrl Pts',(42.3323616363528,7.36160818398586,0.));
#9756=CARTESIAN_POINT('Ctrl Pts',(42.3323616363528,7.36160818398586,0.2));
#9757=CARTESIAN_POINT('Ctrl Pts',(42.3725404413877,7.24242886208641,0.));
#9758=CARTESIAN_POINT('Ctrl Pts',(42.3725404413877,7.24242886208641,0.2));
#9759=CARTESIAN_POINT('Ctrl Pts',(42.3737785715885,7.11636953464809,0.));
#9760=CARTESIAN_POINT('Ctrl Pts',(42.3737785715885,7.11636953464809,0.2));
#9761=CARTESIAN_POINT('Ctrl Pts',(42.3744860477746,7.04433836042881,0.));
#9762=CARTESIAN_POINT('Ctrl Pts',(42.3744860477746,7.04433836042881,0.2));
#9763=CARTESIAN_POINT('',(42.3151412792504,7.41268761456013,0.));
#9764=CARTESIAN_POINT('',(42.3744860477746,7.04433836042881,0.));
#9765=CARTESIAN_POINT('Ctrl Pts',(42.3151412792504,7.41268761456013,0.));
#9766=CARTESIAN_POINT('Ctrl Pts',(42.3323616363528,7.36160818398586,0.));
#9767=CARTESIAN_POINT('Ctrl Pts',(42.3725404413877,7.24242886208641,0.));
#9768=CARTESIAN_POINT('Ctrl Pts',(42.3737785715885,7.11636953464809,0.));
#9769=CARTESIAN_POINT('Ctrl Pts',(42.3744860477746,7.04433836042881,0.));
#9770=CARTESIAN_POINT('',(42.3151412792504,7.41268761456013,0.2));
#9771=CARTESIAN_POINT('',(42.3151412792504,7.41268761456013,0.));
#9772=CARTESIAN_POINT('',(42.3744860477746,7.04433836042881,0.2));
#9773=CARTESIAN_POINT('Ctrl Pts',(42.3151412792504,7.41268761456013,0.2));
#9774=CARTESIAN_POINT('Ctrl Pts',(42.3323616363528,7.36160818398586,0.2));
#9775=CARTESIAN_POINT('Ctrl Pts',(42.3725404413877,7.24242886208641,0.2));
#9776=CARTESIAN_POINT('Ctrl Pts',(42.3737785715885,7.11636953464809,0.2));
#9777=CARTESIAN_POINT('Ctrl Pts',(42.3744860477746,7.04433836042881,0.2));
#9778=CARTESIAN_POINT('',(42.3744860477746,7.04433836042881,0.));
#9779=CARTESIAN_POINT('Ctrl Pts',(42.0716229267418,7.66746260225773,0.));
#9780=CARTESIAN_POINT('Ctrl Pts',(42.0716229267418,7.66746260225773,0.2));
#9781=CARTESIAN_POINT('Ctrl Pts',(42.1229983099114,7.63400050461108,0.));
#9782=CARTESIAN_POINT('Ctrl Pts',(42.1229983099114,7.63400050461108,0.2));
#9783=CARTESIAN_POINT('Ctrl Pts',(42.2241747128896,7.56810173233681,0.));
#9784=CARTESIAN_POINT('Ctrl Pts',(42.2241747128896,7.56810173233681,0.2));
#9785=CARTESIAN_POINT('Ctrl Pts',(42.2851352843828,7.463952111033,0.));
#9786=CARTESIAN_POINT('Ctrl Pts',(42.2851352843828,7.463952111033,0.2));
#9787=CARTESIAN_POINT('Ctrl Pts',(42.3151412792504,7.41268761456013,0.));
#9788=CARTESIAN_POINT('Ctrl Pts',(42.3151412792504,7.41268761456013,0.2));
#9789=CARTESIAN_POINT('',(42.0716229267418,7.66746260225773,0.));
#9790=CARTESIAN_POINT('Ctrl Pts',(42.0716229267418,7.66746260225773,0.));
#9791=CARTESIAN_POINT('Ctrl Pts',(42.1229983099114,7.63400050461108,0.));
#9792=CARTESIAN_POINT('Ctrl Pts',(42.2241747128896,7.56810173233681,0.));
#9793=CARTESIAN_POINT('Ctrl Pts',(42.2851352843828,7.463952111033,0.));
#9794=CARTESIAN_POINT('Ctrl Pts',(42.3151412792504,7.41268761456013,0.));
#9795=CARTESIAN_POINT('',(42.0716229267418,7.66746260225773,0.2));
#9796=CARTESIAN_POINT('',(42.0716229267418,7.66746260225773,0.));
#9797=CARTESIAN_POINT('Ctrl Pts',(42.0716229267418,7.66746260225773,0.2));
#9798=CARTESIAN_POINT('Ctrl Pts',(42.1229983099114,7.63400050461108,0.2));
#9799=CARTESIAN_POINT('Ctrl Pts',(42.2241747128896,7.56810173233681,0.2));
#9800=CARTESIAN_POINT('Ctrl Pts',(42.2851352843828,7.463952111033,0.2));
#9801=CARTESIAN_POINT('Ctrl Pts',(42.3151412792504,7.41268761456013,0.2));
#9802=CARTESIAN_POINT('Ctrl Pts',(41.6930404491723,7.76057310402393,0.));
#9803=CARTESIAN_POINT('Ctrl Pts',(41.6930404491723,7.76057310402393,0.2));
#9804=CARTESIAN_POINT('Ctrl Pts',(41.7611500760724,7.75717375075543,0.));
#9805=CARTESIAN_POINT('Ctrl Pts',(41.7611500760724,7.75717375075543,0.2));
#9806=CARTESIAN_POINT('Ctrl Pts',(41.8934537131502,7.75057047275195,0.));
#9807=CARTESIAN_POINT('Ctrl Pts',(41.8934537131502,7.75057047275195,0.2));
#9808=CARTESIAN_POINT('Ctrl Pts',(42.0134166506342,7.69461319443461,0.));
#9809=CARTESIAN_POINT('Ctrl Pts',(42.0134166506342,7.69461319443461,0.2));
#9810=CARTESIAN_POINT('Ctrl Pts',(42.0716229267418,7.66746260225773,0.));
#9811=CARTESIAN_POINT('Ctrl Pts',(42.0716229267418,7.66746260225773,0.2));
#9812=CARTESIAN_POINT('',(41.6930404491723,7.76057310402393,0.));
#9813=CARTESIAN_POINT('Ctrl Pts',(41.6930404491723,7.76057310402393,0.));
#9814=CARTESIAN_POINT('Ctrl Pts',(41.7611500760724,7.75717375075543,0.));
#9815=CARTESIAN_POINT('Ctrl Pts',(41.8934537131502,7.75057047275195,0.));
#9816=CARTESIAN_POINT('Ctrl Pts',(42.0134166506342,7.69461319443461,0.));
#9817=CARTESIAN_POINT('Ctrl Pts',(42.0716229267418,7.66746260225773,0.));
#9818=CARTESIAN_POINT('',(41.6930404491723,7.76057310402393,0.2));
#9819=CARTESIAN_POINT('',(41.6930404491723,7.76057310402393,0.));
#9820=CARTESIAN_POINT('Ctrl Pts',(41.6930404491723,7.76057310402393,0.2));
#9821=CARTESIAN_POINT('Ctrl Pts',(41.7611500760724,7.75717375075543,0.2));
#9822=CARTESIAN_POINT('Ctrl Pts',(41.8934537131502,7.75057047275195,0.2));
#9823=CARTESIAN_POINT('Ctrl Pts',(42.0134166506342,7.69461319443461,0.2));
#9824=CARTESIAN_POINT('Ctrl Pts',(42.0716229267418,7.66746260225773,0.2));
#9825=CARTESIAN_POINT('Ctrl Pts',(41.3666430301964,7.66234673559666,0.));
#9826=CARTESIAN_POINT('Ctrl Pts',(41.3666430301964,7.66234673559666,0.2));
#9827=CARTESIAN_POINT('Ctrl Pts',(41.4111402354571,7.69092129090681,0.));
#9828=CARTESIAN_POINT('Ctrl Pts',(41.4111402354571,7.69092129090681,0.2));
#9829=CARTESIAN_POINT('Ctrl Pts',(41.5100556139288,7.75444130158179,0.));
#9830=CARTESIAN_POINT('Ctrl Pts',(41.5100556139288,7.75444130158179,0.2));
#9831=CARTESIAN_POINT('Ctrl Pts',(41.6280990169156,7.75839692350942,0.));
#9832=CARTESIAN_POINT('Ctrl Pts',(41.6280990169156,7.75839692350942,0.2));
#9833=CARTESIAN_POINT('Ctrl Pts',(41.6930404491723,7.76057310402393,0.));
#9834=CARTESIAN_POINT('Ctrl Pts',(41.6930404491723,7.76057310402393,0.2));
#9835=CARTESIAN_POINT('',(41.3666430301964,7.66234673559666,0.));
#9836=CARTESIAN_POINT('Ctrl Pts',(41.3666430301964,7.66234673559666,0.));
#9837=CARTESIAN_POINT('Ctrl Pts',(41.4111402354571,7.69092129090681,0.));
#9838=CARTESIAN_POINT('Ctrl Pts',(41.5100556139288,7.75444130158179,0.));
#9839=CARTESIAN_POINT('Ctrl Pts',(41.6280990169156,7.75839692350942,0.));
#9840=CARTESIAN_POINT('Ctrl Pts',(41.6930404491723,7.76057310402393,0.));
#9841=CARTESIAN_POINT('',(41.3666430301964,7.66234673559666,0.2));
#9842=CARTESIAN_POINT('',(41.3666430301964,7.66234673559666,0.));
#9843=CARTESIAN_POINT('Ctrl Pts',(41.3666430301964,7.66234673559666,0.2));
#9844=CARTESIAN_POINT('Ctrl Pts',(41.4111402354571,7.69092129090681,0.2));
#9845=CARTESIAN_POINT('Ctrl Pts',(41.5100556139288,7.75444130158179,0.2));
#9846=CARTESIAN_POINT('Ctrl Pts',(41.6280990169156,7.75839692350942,0.2));
#9847=CARTESIAN_POINT('Ctrl Pts',(41.6930404491723,7.76057310402393,0.2));
#9848=CARTESIAN_POINT('Ctrl Pts',(41.2551155872643,7.41678066551685,0.));
#9849=CARTESIAN_POINT('Ctrl Pts',(41.2551155872643,7.41678066551685,0.2));
#9850=CARTESIAN_POINT('Ctrl Pts',(41.2598088436066,7.46388770919952,0.));
#9851=CARTESIAN_POINT('Ctrl Pts',(41.2598088436066,7.46388770919952,0.2));
#9852=CARTESIAN_POINT('Ctrl Pts',(41.2692185687531,7.55833478414781,0.));
#9853=CARTESIAN_POINT('Ctrl Pts',(41.2692185687531,7.55833478414781,0.2));
#9854=CARTESIAN_POINT('Ctrl Pts',(41.3341148464009,7.62761911356481,0.));
#9855=CARTESIAN_POINT('Ctrl Pts',(41.3341148464009,7.62761911356481,0.2));
#9856=CARTESIAN_POINT('Ctrl Pts',(41.3666430301964,7.66234673559666,0.));
#9857=CARTESIAN_POINT('Ctrl Pts',(41.3666430301964,7.66234673559666,0.2));
#9858=CARTESIAN_POINT('',(41.2551155872643,7.41678066551685,0.));
#9859=CARTESIAN_POINT('Ctrl Pts',(41.2551155872643,7.41678066551685,0.));
#9860=CARTESIAN_POINT('Ctrl Pts',(41.2598088436066,7.46388770919952,0.));
#9861=CARTESIAN_POINT('Ctrl Pts',(41.2692185687531,7.55833478414781,0.));
#9862=CARTESIAN_POINT('Ctrl Pts',(41.3341148464009,7.62761911356481,0.));
#9863=CARTESIAN_POINT('Ctrl Pts',(41.3666430301964,7.66234673559666,0.));
#9864=CARTESIAN_POINT('',(41.2551155872643,7.41678066551685,0.2));
#9865=CARTESIAN_POINT('',(41.2551155872643,7.41678066551685,0.));
#9866=CARTESIAN_POINT('Ctrl Pts',(41.2551155872643,7.41678066551685,0.2));
#9867=CARTESIAN_POINT('Ctrl Pts',(41.2598088436066,7.46388770919952,0.2));
#9868=CARTESIAN_POINT('Ctrl Pts',(41.2692185687531,7.55833478414781,0.2));
#9869=CARTESIAN_POINT('Ctrl Pts',(41.3341148464009,7.62761911356481,0.2));
#9870=CARTESIAN_POINT('Ctrl Pts',(41.3666430301964,7.66234673559666,0.2));
#9871=CARTESIAN_POINT('Ctrl Pts',(41.3062754459679,7.24181450903416,0.));
#9872=CARTESIAN_POINT('Ctrl Pts',(41.3062754459679,7.24181450903416,0.2));
#9873=CARTESIAN_POINT('Ctrl Pts',(41.2913533935103,7.26890054730723,0.));
#9874=CARTESIAN_POINT('Ctrl Pts',(41.2913533935103,7.26890054730723,0.2));
#9875=CARTESIAN_POINT('Ctrl Pts',(41.2613209803427,7.3234144350451,0.));
#9876=CARTESIAN_POINT('Ctrl Pts',(41.2613209803427,7.3234144350451,0.2));
#9877=CARTESIAN_POINT('Ctrl Pts',(41.2571926800016,7.38552876627849,0.));
#9878=CARTESIAN_POINT('Ctrl Pts',(41.2571926800016,7.38552876627849,0.2));
#9879=CARTESIAN_POINT('Ctrl Pts',(41.2551155872643,7.41678066551685,0.));
#9880=CARTESIAN_POINT('Ctrl Pts',(41.2551155872643,7.41678066551685,0.2));
#9881=CARTESIAN_POINT('',(41.3062754459679,7.24181450903416,0.));
#9882=CARTESIAN_POINT('Ctrl Pts',(41.3062754459679,7.24181450903416,0.));
#9883=CARTESIAN_POINT('Ctrl Pts',(41.2913533935103,7.26890054730723,0.));
#9884=CARTESIAN_POINT('Ctrl Pts',(41.2613209803427,7.3234144350451,0.));
#9885=CARTESIAN_POINT('Ctrl Pts',(41.2571926800016,7.38552876627849,0.));
#9886=CARTESIAN_POINT('Ctrl Pts',(41.2551155872643,7.41678066551685,0.));
#9887=CARTESIAN_POINT('',(41.3062754459679,7.24181450903416,0.2));
#9888=CARTESIAN_POINT('',(41.3062754459679,7.24181450903416,0.));
#9889=CARTESIAN_POINT('Ctrl Pts',(41.3062754459679,7.24181450903416,0.2));
#9890=CARTESIAN_POINT('Ctrl Pts',(41.2913533935103,7.26890054730723,0.2));
#9891=CARTESIAN_POINT('Ctrl Pts',(41.2613209803427,7.3234144350451,0.2));
#9892=CARTESIAN_POINT('Ctrl Pts',(41.2571926800016,7.38552876627849,0.2));
#9893=CARTESIAN_POINT('Ctrl Pts',(41.2551155872643,7.41678066551685,0.2));
#9894=CARTESIAN_POINT('Ctrl Pts',(41.4515677280724,7.1221012622118,0.));
#9895=CARTESIAN_POINT('Ctrl Pts',(41.4515677280724,7.1221012622118,0.2));
#9896=CARTESIAN_POINT('Ctrl Pts',(41.4221938785721,7.13699785856029,0.));
#9897=CARTESIAN_POINT('Ctrl Pts',(41.4221938785721,7.13699785856029,0.2));
#9898=CARTESIAN_POINT('Ctrl Pts',(41.3648012615034,7.16610383766761,0.));
#9899=CARTESIAN_POINT('Ctrl Pts',(41.3648012615034,7.16610383766761,0.2));
#9900=CARTESIAN_POINT('Ctrl Pts',(41.3254745402012,7.21697801080289,0.));
#9901=CARTESIAN_POINT('Ctrl Pts',(41.3254745402012,7.21697801080289,0.2));
#9902=CARTESIAN_POINT('Ctrl Pts',(41.3062754459679,7.24181450903416,0.));
#9903=CARTESIAN_POINT('Ctrl Pts',(41.3062754459679,7.24181450903416,0.2));
#9904=CARTESIAN_POINT('',(41.4515677280724,7.1221012622118,0.));
#9905=CARTESIAN_POINT('Ctrl Pts',(41.4515677280724,7.1221012622118,0.));
#9906=CARTESIAN_POINT('Ctrl Pts',(41.4221938785721,7.13699785856029,0.));
#9907=CARTESIAN_POINT('Ctrl Pts',(41.3648012615034,7.16610383766761,0.));
#9908=CARTESIAN_POINT('Ctrl Pts',(41.3254745402012,7.21697801080289,0.));
#9909=CARTESIAN_POINT('Ctrl Pts',(41.3062754459679,7.24181450903416,0.));
#9910=CARTESIAN_POINT('',(41.4515677280724,7.1221012622118,0.2));
#9911=CARTESIAN_POINT('',(41.4515677280724,7.1221012622118,0.));
#9912=CARTESIAN_POINT('Ctrl Pts',(41.4515677280724,7.1221012622118,0.2));
#9913=CARTESIAN_POINT('Ctrl Pts',(41.4221938785721,7.13699785856029,0.2));
#9914=CARTESIAN_POINT('Ctrl Pts',(41.3648012615034,7.16610383766761,0.2));
#9915=CARTESIAN_POINT('Ctrl Pts',(41.3254745402012,7.21697801080289,0.2));
#9916=CARTESIAN_POINT('Ctrl Pts',(41.3062754459679,7.24181450903416,0.2));
#9917=CARTESIAN_POINT('Ctrl Pts',(41.7728510685265,7.04843141138554,0.));
#9918=CARTESIAN_POINT('Ctrl Pts',(41.7728510685265,7.04843141138554,0.2));
#9919=CARTESIAN_POINT('Ctrl Pts',(41.7076744346103,7.05776871039982,0.));
#9920=CARTESIAN_POINT('Ctrl Pts',(41.7076744346103,7.05776871039982,0.2));
#9921=CARTESIAN_POINT('Ctrl Pts',(41.5984299153254,7.07341923852537,0.));
#9922=CARTESIAN_POINT('Ctrl Pts',(41.5984299153254,7.07341923852537,0.2));
#9923=CARTESIAN_POINT('Ctrl Pts',(41.4937815727218,7.10810817506287,0.));
#9924=CARTESIAN_POINT('Ctrl Pts',(41.4937815727218,7.10810817506287,0.2));
#9925=CARTESIAN_POINT('Ctrl Pts',(41.4515677280724,7.1221012622118,0.));
#9926=CARTESIAN_POINT('Ctrl Pts',(41.4515677280724,7.1221012622118,0.2));
#9927=CARTESIAN_POINT('',(41.7728510685265,7.04843141138554,0.));
#9928=CARTESIAN_POINT('Ctrl Pts',(41.7728510685265,7.04843141138554,0.));
#9929=CARTESIAN_POINT('Ctrl Pts',(41.7076744346103,7.05776871039982,0.));
#9930=CARTESIAN_POINT('Ctrl Pts',(41.5984299153254,7.07341923852537,0.));
#9931=CARTESIAN_POINT('Ctrl Pts',(41.4937815727218,7.10810817506287,0.));
#9932=CARTESIAN_POINT('Ctrl Pts',(41.4515677280724,7.1221012622118,0.));
#9933=CARTESIAN_POINT('',(41.7728510685265,7.04843141138554,0.2));
#9934=CARTESIAN_POINT('',(41.7728510685265,7.04843141138554,0.));
#9935=CARTESIAN_POINT('Ctrl Pts',(41.7728510685265,7.04843141138554,0.2));
#9936=CARTESIAN_POINT('Ctrl Pts',(41.7076744346103,7.05776871039982,0.2));
#9937=CARTESIAN_POINT('Ctrl Pts',(41.5984299153254,7.07341923852537,0.2));
#9938=CARTESIAN_POINT('Ctrl Pts',(41.4937815727218,7.10810817506287,0.2));
#9939=CARTESIAN_POINT('Ctrl Pts',(41.4515677280724,7.1221012622118,0.2));
#9940=CARTESIAN_POINT('Ctrl Pts',(42.3744860477746,6.90927721560001,0.));
#9941=CARTESIAN_POINT('Ctrl Pts',(42.3744860477746,6.90927721560001,0.2));
#9942=CARTESIAN_POINT('Ctrl Pts',(42.2914205026578,6.93657202039074,0.));
#9943=CARTESIAN_POINT('Ctrl Pts',(42.2914205026578,6.93657202039074,0.2));
#9944=CARTESIAN_POINT('Ctrl Pts',(42.0952257811165,7.00104034619194,0.));
#9945=CARTESIAN_POINT('Ctrl Pts',(42.0952257811165,7.00104034619194,0.2));
#9946=CARTESIAN_POINT('Ctrl Pts',(41.890753325595,7.03109905455669,0.));
#9947=CARTESIAN_POINT('Ctrl Pts',(41.890753325595,7.03109905455669,0.2));
#9948=CARTESIAN_POINT('Ctrl Pts',(41.7728510685265,7.04843141138554,0.));
#9949=CARTESIAN_POINT('Ctrl Pts',(41.7728510685265,7.04843141138554,0.2));
#9950=CARTESIAN_POINT('',(42.3744860477746,6.90927721560001,0.));
#9951=CARTESIAN_POINT('Ctrl Pts',(42.3744860477746,6.90927721560001,0.));
#9952=CARTESIAN_POINT('Ctrl Pts',(42.2914205026578,6.93657202039074,0.));
#9953=CARTESIAN_POINT('Ctrl Pts',(42.0952257811165,7.00104034619194,0.));
#9954=CARTESIAN_POINT('Ctrl Pts',(41.890753325595,7.03109905455669,0.));
#9955=CARTESIAN_POINT('Ctrl Pts',(41.7728510685265,7.04843141138554,0.));
#9956=CARTESIAN_POINT('',(42.3744860477746,6.90927721560001,0.2));
#9957=CARTESIAN_POINT('',(42.3744860477746,6.90927721560001,0.));
#9958=CARTESIAN_POINT('Ctrl Pts',(42.3744860477746,6.90927721560001,0.2));
#9959=CARTESIAN_POINT('Ctrl Pts',(42.2914205026578,6.93657202039074,0.2));
#9960=CARTESIAN_POINT('Ctrl Pts',(42.0952257811165,7.00104034619194,0.2));
#9961=CARTESIAN_POINT('Ctrl Pts',(41.890753325595,7.03109905455669,0.2));
#9962=CARTESIAN_POINT('Ctrl Pts',(41.7728510685265,7.04843141138554,0.2));
#9963=CARTESIAN_POINT('Origin',(42.3744860477746,7.04433836042881,0.));
#9964=CARTESIAN_POINT('',(42.3744860477746,22.7721691802144,0.));
#9965=CARTESIAN_POINT('',(42.3744860477746,7.04433836042881,0.2));
#9966=CARTESIAN_POINT('Origin',(42.8635731525719,8.0000001937151,0.));
#9967=CARTESIAN_POINT('',(42.8635731525719,8.0000001937151,0.));
#9968=CARTESIAN_POINT('',(42.4788537807763,8.0000001937151,0.));
#9969=CARTESIAN_POINT('',(36.181786576286,8.0000001937151,0.));
#9970=CARTESIAN_POINT('',(42.8635731525719,8.0000001937151,0.2));
#9971=CARTESIAN_POINT('',(42.8635731525719,8.0000001937151,0.));
#9972=CARTESIAN_POINT('',(42.4788537807763,8.0000001937151,0.2));
#9973=CARTESIAN_POINT('',(42.8635731525719,8.0000001937151,0.2));
#9974=CARTESIAN_POINT('',(42.4788537807763,8.0000001937151,0.));
#9975=CARTESIAN_POINT('Ctrl Pts',(42.7704635448754,7.73908622562885,0.));
#9976=CARTESIAN_POINT('Ctrl Pts',(42.7704635448754,7.73908622562885,0.2));
#9977=CARTESIAN_POINT('Ctrl Pts',(42.7803256447164,7.78415740454013,0.));
#9978=CARTESIAN_POINT('Ctrl Pts',(42.7803256447164,7.78415740454013,0.2));
#9979=CARTESIAN_POINT('Ctrl Pts',(42.8002236913348,7.87509426723494,0.));
#9980=CARTESIAN_POINT('Ctrl Pts',(42.8002236913348,7.87509426723494,0.2));
#9981=CARTESIAN_POINT('Ctrl Pts',(42.8423340277767,7.95812308050263,0.));
#9982=CARTESIAN_POINT('Ctrl Pts',(42.8423340277767,7.95812308050263,0.2));
#9983=CARTESIAN_POINT('Ctrl Pts',(42.8635731525719,8.0000001937151,0.));
#9984=CARTESIAN_POINT('Ctrl Pts',(42.8635731525719,8.0000001937151,0.2));
#9985=CARTESIAN_POINT('',(42.7704635448754,7.73908622562885,0.));
#9986=CARTESIAN_POINT('Ctrl Pts',(42.7704635448754,7.73908622562885,0.));
#9987=CARTESIAN_POINT('Ctrl Pts',(42.7803256447164,7.78415740454013,0.));
#9988=CARTESIAN_POINT('Ctrl Pts',(42.8002236913348,7.87509426723494,0.));
#9989=CARTESIAN_POINT('Ctrl Pts',(42.8423340277767,7.95812308050263,0.));
#9990=CARTESIAN_POINT('Ctrl Pts',(42.8635731525719,8.0000001937151,0.));
#9991=CARTESIAN_POINT('',(42.7704635448754,7.73908622562885,0.2));
#9992=CARTESIAN_POINT('',(42.7704635448754,7.73908622562885,0.));
#9993=CARTESIAN_POINT('Ctrl Pts',(42.7704635448754,7.73908622562885,0.2));
#9994=CARTESIAN_POINT('Ctrl Pts',(42.7803256447164,7.78415740454013,0.2));
#9995=CARTESIAN_POINT('Ctrl Pts',(42.8002236913348,7.87509426723494,0.2));
#9996=CARTESIAN_POINT('Ctrl Pts',(42.8423340277767,7.95812308050263,0.2));
#9997=CARTESIAN_POINT('Ctrl Pts',(42.8635731525719,8.0000001937151,0.2));
#9998=CARTESIAN_POINT('Ctrl Pts',(42.7469292469323,7.08935894072056,0.));
#9999=CARTESIAN_POINT('Ctrl Pts',(42.7469292469323,7.08935894072056,0.2));
#10000=CARTESIAN_POINT('Ctrl Pts',(42.7460830216921,7.22923706205191,0.));
#10001=CARTESIAN_POINT('Ctrl Pts',(42.7460830216921,7.22923706205191,0.2));
#10002=CARTESIAN_POINT('Ctrl Pts',(42.744770288578,7.44622733024445,0.));
#10003=CARTESIAN_POINT('Ctrl Pts',(42.744770288578,7.44622733024445,0.2));
#10004=CARTESIAN_POINT('Ctrl Pts',(42.7637269046727,7.66230012325577,0.));
#10005=CARTESIAN_POINT('Ctrl Pts',(42.7637269046727,7.66230012325577,0.2));
#10006=CARTESIAN_POINT('Ctrl Pts',(42.7704635448754,7.73908622562885,0.));
#10007=CARTESIAN_POINT('Ctrl Pts',(42.7704635448754,7.73908622562885,0.2));
#10008=CARTESIAN_POINT('',(42.7469292469323,7.08935894072056,0.));
#10009=CARTESIAN_POINT('Ctrl Pts',(42.7469292469323,7.08935894072056,0.));
#10010=CARTESIAN_POINT('Ctrl Pts',(42.7460830216921,7.22923706205191,0.));
#10011=CARTESIAN_POINT('Ctrl Pts',(42.744770288578,7.44622733024445,0.));
#10012=CARTESIAN_POINT('Ctrl Pts',(42.7637269046727,7.66230012325577,0.));
#10013=CARTESIAN_POINT('Ctrl Pts',(42.7704635448754,7.73908622562885,0.));
#10014=CARTESIAN_POINT('',(42.7469292469323,7.08935894072056,0.2));
#10015=CARTESIAN_POINT('',(42.7469292469323,7.08935894072056,0.));
#10016=CARTESIAN_POINT('Ctrl Pts',(42.7469292469323,7.08935894072056,0.2));
#10017=CARTESIAN_POINT('Ctrl Pts',(42.7460830216921,7.22923706205191,0.2));
#10018=CARTESIAN_POINT('Ctrl Pts',(42.744770288578,7.44622733024445,0.2));
#10019=CARTESIAN_POINT('Ctrl Pts',(42.7637269046727,7.66230012325577,0.2));
#10020=CARTESIAN_POINT('Ctrl Pts',(42.7704635448754,7.73908622562885,0.2));
#10021=CARTESIAN_POINT('Origin',(42.7469292469323,6.59822665154934,0.));
#10022=CARTESIAN_POINT('',(42.7469292469323,6.59822665154934,0.));
#10023=CARTESIAN_POINT('',(42.7469292469323,22.5491133257747,0.));
#10024=CARTESIAN_POINT('',(42.7469292469323,6.59822665154934,0.2));
#10025=CARTESIAN_POINT('',(42.7469292469323,6.59822665154934,0.));
#10026=CARTESIAN_POINT('',(42.7469292469323,6.59822665154934,0.2));
#10027=CARTESIAN_POINT('Ctrl Pts',(42.7285114116967,6.25852666795254,0.));
#10028=CARTESIAN_POINT('Ctrl Pts',(42.7285114116967,6.25852666795254,0.2));
#10029=CARTESIAN_POINT('Ctrl Pts',(42.7338213930621,6.30247928756081,0.));
#10030=CARTESIAN_POINT('Ctrl Pts',(42.7338213930621,6.30247928756081,0.2));
#10031=CARTESIAN_POINT('Ctrl Pts',(42.7474440508992,6.4152389107609,0.));
#10032=CARTESIAN_POINT('Ctrl Pts',(42.7474440508992,6.4152389107609,0.2));
#10033=CARTESIAN_POINT('Ctrl Pts',(42.7471243385029,6.52888109856884,0.));
#10034=CARTESIAN_POINT('Ctrl Pts',(42.7471243385029,6.52888109856884,0.2));
#10035=CARTESIAN_POINT('Ctrl Pts',(42.7469292469323,6.59822665154934,0.));
#10036=CARTESIAN_POINT('Ctrl Pts',(42.7469292469323,6.59822665154934,0.2));
#10037=CARTESIAN_POINT('',(42.7285114116967,6.25852666795254,0.));
#10038=CARTESIAN_POINT('Ctrl Pts',(42.7285114116967,6.25852666795254,0.));
#10039=CARTESIAN_POINT('Ctrl Pts',(42.7338213930621,6.30247928756081,0.));
#10040=CARTESIAN_POINT('Ctrl Pts',(42.7474440508992,6.4152389107609,0.));
#10041=CARTESIAN_POINT('Ctrl Pts',(42.7471243385029,6.52888109856884,0.));
#10042=CARTESIAN_POINT('Ctrl Pts',(42.7469292469323,6.59822665154934,0.));
#10043=CARTESIAN_POINT('',(42.7285114116967,6.25852666795254,0.2));
#10044=CARTESIAN_POINT('',(42.7285114116967,6.25852666795254,0.));
#10045=CARTESIAN_POINT('Ctrl Pts',(42.7285114116967,6.25852666795254,0.2));
#10046=CARTESIAN_POINT('Ctrl Pts',(42.7338213930621,6.30247928756081,0.2));
#10047=CARTESIAN_POINT('Ctrl Pts',(42.7474440508992,6.4152389107609,0.2));
#10048=CARTESIAN_POINT('Ctrl Pts',(42.7471243385029,6.52888109856884,0.2));
#10049=CARTESIAN_POINT('Ctrl Pts',(42.7469292469323,6.59822665154934,0.2));
#10050=CARTESIAN_POINT('Ctrl Pts',(42.6139155216515,6.00784458220005,0.));
#10051=CARTESIAN_POINT('Ctrl Pts',(42.6139155216515,6.00784458220005,0.2));
#10052=CARTESIAN_POINT('Ctrl Pts',(42.6393839129363,6.04421957167284,0.));
#10053=CARTESIAN_POINT('Ctrl Pts',(42.6393839129363,6.04421957167284,0.2));
#10054=CARTESIAN_POINT('Ctrl Pts',(42.692908643091,6.12066576233092,0.));
#10055=CARTESIAN_POINT('Ctrl Pts',(42.692908643091,6.12066576233092,0.2));
#10056=CARTESIAN_POINT('Ctrl Pts',(42.7162673536983,6.21111527298949,0.));
#10057=CARTESIAN_POINT('Ctrl Pts',(42.7162673536983,6.21111527298949,0.2));
#10058=CARTESIAN_POINT('Ctrl Pts',(42.7285114116967,6.25852666795254,0.));
#10059=CARTESIAN_POINT('Ctrl Pts',(42.7285114116967,6.25852666795254,0.2));
#10060=CARTESIAN_POINT('',(42.6139155216515,6.00784458220005,0.));
#10061=CARTESIAN_POINT('Ctrl Pts',(42.6139155216515,6.00784458220005,0.));
#10062=CARTESIAN_POINT('Ctrl Pts',(42.6393839129363,6.04421957167284,0.));
#10063=CARTESIAN_POINT('Ctrl Pts',(42.692908643091,6.12066576233092,0.));
#10064=CARTESIAN_POINT('Ctrl Pts',(42.7162673536983,6.21111527298949,0.));
#10065=CARTESIAN_POINT('Ctrl Pts',(42.7285114116967,6.25852666795254,0.));
#10066=CARTESIAN_POINT('',(42.6139155216515,6.00784458220005,0.2));
#10067=CARTESIAN_POINT('',(42.6139155216515,6.00784458220005,0.));
#10068=CARTESIAN_POINT('Ctrl Pts',(42.6139155216515,6.00784458220005,0.2));
#10069=CARTESIAN_POINT('Ctrl Pts',(42.6393839129363,6.04421957167284,0.2));
#10070=CARTESIAN_POINT('Ctrl Pts',(42.692908643091,6.12066576233092,0.2));
#10071=CARTESIAN_POINT('Ctrl Pts',(42.7162673536983,6.21111527298949,0.2));
#10072=CARTESIAN_POINT('Ctrl Pts',(42.7285114116967,6.25852666795254,0.2));
#10073=CARTESIAN_POINT('Ctrl Pts',(42.3581162281334,5.84311060607433,0.));
#10074=CARTESIAN_POINT('Ctrl Pts',(42.3581162281334,5.84311060607433,0.2));
#10075=CARTESIAN_POINT('Ctrl Pts',(42.4106029325288,5.86445854053422,0.));
#10076=CARTESIAN_POINT('Ctrl Pts',(42.4106029325288,5.86445854053422,0.2));
#10077=CARTESIAN_POINT('Ctrl Pts',(42.5064172200179,5.90342911704877,0.));
#10078=CARTESIAN_POINT('Ctrl Pts',(42.5064172200179,5.90342911704877,0.2));
#10079=CARTESIAN_POINT('Ctrl Pts',(42.5804414740701,5.97533050341371,0.));
#10080=CARTESIAN_POINT('Ctrl Pts',(42.5804414740701,5.97533050341371,0.2));
#10081=CARTESIAN_POINT('Ctrl Pts',(42.6139155216515,6.00784458220005,0.));
#10082=CARTESIAN_POINT('Ctrl Pts',(42.6139155216515,6.00784458220005,0.2));
#10083=CARTESIAN_POINT('',(42.3581162281334,5.84311060607433,0.));
#10084=CARTESIAN_POINT('Ctrl Pts',(42.3581162281334,5.84311060607433,0.));
#10085=CARTESIAN_POINT('Ctrl Pts',(42.4106029325288,5.86445854053422,0.));
#10086=CARTESIAN_POINT('Ctrl Pts',(42.5064172200179,5.90342911704877,0.));
#10087=CARTESIAN_POINT('Ctrl Pts',(42.5804414740701,5.97533050341371,0.));
#10088=CARTESIAN_POINT('Ctrl Pts',(42.6139155216515,6.00784458220005,0.));
#10089=CARTESIAN_POINT('',(42.3581162281334,5.84311060607433,0.2));
#10090=CARTESIAN_POINT('',(42.3581162281334,5.84311060607433,0.));
#10091=CARTESIAN_POINT('Ctrl Pts',(42.3581162281334,5.84311060607433,0.2));
#10092=CARTESIAN_POINT('Ctrl Pts',(42.4106029325288,5.86445854053422,0.2));
#10093=CARTESIAN_POINT('Ctrl Pts',(42.5064172200179,5.90342911704877,0.2));
#10094=CARTESIAN_POINT('Ctrl Pts',(42.5804414740701,5.97533050341371,0.2));
#10095=CARTESIAN_POINT('Ctrl Pts',(42.6139155216515,6.00784458220005,0.2));
#10096=CARTESIAN_POINT('Ctrl Pts',(41.9058647938073,5.77762626111507,0.));
#10097=CARTESIAN_POINT('Ctrl Pts',(41.9058647938073,5.77762626111507,0.2));
#10098=CARTESIAN_POINT('Ctrl Pts',(41.9905574475767,5.77905246859857,0.));
#10099=CARTESIAN_POINT('Ctrl Pts',(41.9905574475767,5.77905246859857,0.2));
#10100=CARTESIAN_POINT('Ctrl Pts',(42.144270621383,5.7816409679434,0.));
#10101=CARTESIAN_POINT('Ctrl Pts',(42.144270621383,5.7816409679434,0.2));
#10102=CARTESIAN_POINT('Ctrl Pts',(42.2918499406632,5.82406244898113,0.));
#10103=CARTESIAN_POINT('Ctrl Pts',(42.2918499406632,5.82406244898113,0.2));
#10104=CARTESIAN_POINT('Ctrl Pts',(42.3581162281334,5.84311060607433,0.));
#10105=CARTESIAN_POINT('Ctrl Pts',(42.3581162281334,5.84311060607433,0.2));
#10106=CARTESIAN_POINT('',(41.9058647938073,5.77762626111507,0.));
#10107=CARTESIAN_POINT('Ctrl Pts',(41.9058647938073,5.77762626111507,0.));
#10108=CARTESIAN_POINT('Ctrl Pts',(41.9905574475767,5.77905246859857,0.));
#10109=CARTESIAN_POINT('Ctrl Pts',(42.144270621383,5.7816409679434,0.));
#10110=CARTESIAN_POINT('Ctrl Pts',(42.2918499406632,5.82406244898113,0.));
#10111=CARTESIAN_POINT('Ctrl Pts',(42.3581162281334,5.84311060607433,0.));
#10112=CARTESIAN_POINT('',(41.9058647938073,5.77762626111507,0.2));
#10113=CARTESIAN_POINT('',(41.9058647938073,5.77762626111507,0.));
#10114=CARTESIAN_POINT('Ctrl Pts',(41.9058647938073,5.77762626111507,0.2));
#10115=CARTESIAN_POINT('Ctrl Pts',(41.9905574475767,5.77905246859857,0.2));
#10116=CARTESIAN_POINT('Ctrl Pts',(42.144270621383,5.7816409679434,0.2));
#10117=CARTESIAN_POINT('Ctrl Pts',(42.2918499406632,5.82406244898113,0.2));
#10118=CARTESIAN_POINT('Ctrl Pts',(42.3581162281334,5.84311060607433,0.2));
#10119=CARTESIAN_POINT('Ctrl Pts',(41.4126864261925,5.85436575114727,0.));
#10120=CARTESIAN_POINT('Ctrl Pts',(41.4126864261925,5.85436575114727,0.2));
#10121=CARTESIAN_POINT('Ctrl Pts',(41.4887452126781,5.83200152415914,0.));
#10122=CARTESIAN_POINT('Ctrl Pts',(41.4887452126781,5.83200152415914,0.2));
#10123=CARTESIAN_POINT('Ctrl Pts',(41.6496509678315,5.78468900448554,0.));
#10124=CARTESIAN_POINT('Ctrl Pts',(41.6496509678315,5.78468900448554,0.2));
#10125=CARTESIAN_POINT('Ctrl Pts',(41.8174060938311,5.78006469742677,0.));
#10126=CARTESIAN_POINT('Ctrl Pts',(41.8174060938311,5.78006469742677,0.2));
#10127=CARTESIAN_POINT('Ctrl Pts',(41.9058647938073,5.77762626111507,0.));
#10128=CARTESIAN_POINT('Ctrl Pts',(41.9058647938073,5.77762626111507,0.2));
#10129=CARTESIAN_POINT('',(41.4126864261925,5.85436575114727,0.));
#10130=CARTESIAN_POINT('Ctrl Pts',(41.4126864261925,5.85436575114727,0.));
#10131=CARTESIAN_POINT('Ctrl Pts',(41.4887452126781,5.83200152415914,0.));
#10132=CARTESIAN_POINT('Ctrl Pts',(41.6496509678315,5.78468900448554,0.));
#10133=CARTESIAN_POINT('Ctrl Pts',(41.8174060938311,5.78006469742677,0.));
#10134=CARTESIAN_POINT('Ctrl Pts',(41.9058647938073,5.77762626111507,0.));
#10135=CARTESIAN_POINT('',(41.4126864261925,5.85436575114727,0.2));
#10136=CARTESIAN_POINT('',(41.4126864261925,5.85436575114727,0.));
#10137=CARTESIAN_POINT('Ctrl Pts',(41.4126864261925,5.85436575114727,0.2));
#10138=CARTESIAN_POINT('Ctrl Pts',(41.4887452126781,5.83200152415914,0.2));
#10139=CARTESIAN_POINT('Ctrl Pts',(41.6496509678315,5.78468900448554,0.2));
#10140=CARTESIAN_POINT('Ctrl Pts',(41.8174060938311,5.78006469742677,0.2));
#10141=CARTESIAN_POINT('Ctrl Pts',(41.9058647938073,5.77762626111507,0.2));
#10142=CARTESIAN_POINT('Ctrl Pts',(41.087311822921,6.07332892715931,0.));
#10143=CARTESIAN_POINT('Ctrl Pts',(41.087311822921,6.07332892715931,0.2));
#10144=CARTESIAN_POINT('Ctrl Pts',(41.1308737844365,6.02800360726206,0.));
#10145=CARTESIAN_POINT('Ctrl Pts',(41.1308737844365,6.02800360726206,0.2));
#10146=CARTESIAN_POINT('Ctrl Pts',(41.2233901453834,5.93174224735628,0.));
#10147=CARTESIAN_POINT('Ctrl Pts',(41.2233901453834,5.93174224735628,0.2));
#10148=CARTESIAN_POINT('Ctrl Pts',(41.3471825318413,5.88114103596152,0.));
#10149=CARTESIAN_POINT('Ctrl Pts',(41.3471825318413,5.88114103596152,0.2));
#10150=CARTESIAN_POINT('Ctrl Pts',(41.4126864261925,5.85436575114727,0.));
#10151=CARTESIAN_POINT('Ctrl Pts',(41.4126864261925,5.85436575114727,0.2));
#10152=CARTESIAN_POINT('',(41.087311822921,6.07332892715931,0.));
#10153=CARTESIAN_POINT('Ctrl Pts',(41.087311822921,6.07332892715931,0.));
#10154=CARTESIAN_POINT('Ctrl Pts',(41.1308737844365,6.02800360726206,0.));
#10155=CARTESIAN_POINT('Ctrl Pts',(41.2233901453834,5.93174224735628,0.));
#10156=CARTESIAN_POINT('Ctrl Pts',(41.3471825318413,5.88114103596152,0.));
#10157=CARTESIAN_POINT('Ctrl Pts',(41.4126864261925,5.85436575114727,0.));
#10158=CARTESIAN_POINT('',(41.087311822921,6.07332892715931,0.2));
#10159=CARTESIAN_POINT('',(41.087311822921,6.07332892715931,0.));
#10160=CARTESIAN_POINT('Ctrl Pts',(41.087311822921,6.07332892715931,0.2));
#10161=CARTESIAN_POINT('Ctrl Pts',(41.1308737844365,6.02800360726206,0.2));
#10162=CARTESIAN_POINT('Ctrl Pts',(41.2233901453834,5.93174224735628,0.2));
#10163=CARTESIAN_POINT('Ctrl Pts',(41.3471825318413,5.88114103596152,0.2));
#10164=CARTESIAN_POINT('Ctrl Pts',(41.4126864261925,5.85436575114727,0.2));
#10165=CARTESIAN_POINT('Ctrl Pts',(40.9256473369896,6.4467940479517,0.));
#10166=CARTESIAN_POINT('Ctrl Pts',(40.9256473369896,6.4467940479517,0.2));
#10167=CARTESIAN_POINT('Ctrl Pts',(40.9432149288857,6.3753225311209,0.));
#10168=CARTESIAN_POINT('Ctrl Pts',(40.9432149288857,6.3753225311209,0.2));
#10169=CARTESIAN_POINT('Ctrl Pts',(40.9760976535809,6.24154334126964,0.));
#10170=CARTESIAN_POINT('Ctrl Pts',(40.9760976535809,6.24154334126964,0.2));
#10171=CARTESIAN_POINT('Ctrl Pts',(41.0519729124147,6.12677997715939,0.));
#10172=CARTESIAN_POINT('Ctrl Pts',(41.0519729124147,6.12677997715939,0.2));
#10173=CARTESIAN_POINT('Ctrl Pts',(41.087311822921,6.07332892715931,0.));
#10174=CARTESIAN_POINT('Ctrl Pts',(41.087311822921,6.07332892715931,0.2));
#10175=CARTESIAN_POINT('',(40.9256473369896,6.4467940479517,0.));
#10176=CARTESIAN_POINT('Ctrl Pts',(40.9256473369896,6.4467940479517,0.));
#10177=CARTESIAN_POINT('Ctrl Pts',(40.9432149288857,6.3753225311209,0.));
#10178=CARTESIAN_POINT('Ctrl Pts',(40.9760976535809,6.24154334126964,0.));
#10179=CARTESIAN_POINT('Ctrl Pts',(41.0519729124147,6.12677997715939,0.));
#10180=CARTESIAN_POINT('Ctrl Pts',(41.087311822921,6.07332892715931,0.));
#10181=CARTESIAN_POINT('',(40.9256473369896,6.4467940479517,0.2));
#10182=CARTESIAN_POINT('',(40.9256473369896,6.4467940479517,0.));
#10183=CARTESIAN_POINT('Ctrl Pts',(40.9256473369896,6.4467940479517,0.2));
#10184=CARTESIAN_POINT('Ctrl Pts',(40.9432149288857,6.3753225311209,0.2));
#10185=CARTESIAN_POINT('Ctrl Pts',(40.9760976535809,6.24154334126964,0.2));
#10186=CARTESIAN_POINT('Ctrl Pts',(41.0519729124147,6.12677997715939,0.2));
#10187=CARTESIAN_POINT('Ctrl Pts',(41.087311822921,6.07332892715931,0.2));
#10188=CARTESIAN_POINT('Origin',(41.2858095951378,6.49590738117695,0.));
#10189=CARTESIAN_POINT('',(41.2858095951378,6.49590738117695,0.));
#10190=CARTESIAN_POINT('',(37.6427587656384,5.99912470809599,0.));
#10191=CARTESIAN_POINT('',(41.2858095951378,6.49590738117695,0.2));
#10192=CARTESIAN_POINT('',(41.2858095951378,6.49590738117695,0.));
#10193=CARTESIAN_POINT('',(41.2858095951378,6.49590738117695,0.2));
#10194=CARTESIAN_POINT('Ctrl Pts',(41.4689627476037,6.17360167205334,0.));
#10195=CARTESIAN_POINT('Ctrl Pts',(41.4689627476037,6.17360167205334,0.2));
#10196=CARTESIAN_POINT('Ctrl Pts',(41.4295259482439,6.21353048211317,0.));
#10197=CARTESIAN_POINT('Ctrl Pts',(41.4295259482439,6.21353048211317,0.2));
#10198=CARTESIAN_POINT('Ctrl Pts',(41.3400993823094,6.30407272751518,0.));
#10199=CARTESIAN_POINT('Ctrl Pts',(41.3400993823094,6.30407272751518,0.2));
#10200=CARTESIAN_POINT('Ctrl Pts',(41.3052759929354,6.42712225833733,0.));
#10201=CARTESIAN_POINT('Ctrl Pts',(41.3052759929354,6.42712225833733,0.2));
#10202=CARTESIAN_POINT('Ctrl Pts',(41.2858095951378,6.49590738117695,0.));
#10203=CARTESIAN_POINT('Ctrl Pts',(41.2858095951378,6.49590738117695,0.2));
#10204=CARTESIAN_POINT('',(41.4689627476037,6.17360167205334,0.));
#10205=CARTESIAN_POINT('Ctrl Pts',(41.4689627476037,6.17360167205334,0.));
#10206=CARTESIAN_POINT('Ctrl Pts',(41.4295259482439,6.21353048211317,0.));
#10207=CARTESIAN_POINT('Ctrl Pts',(41.3400993823094,6.30407272751518,0.));
#10208=CARTESIAN_POINT('Ctrl Pts',(41.3052759929354,6.42712225833733,0.));
#10209=CARTESIAN_POINT('Ctrl Pts',(41.2858095951378,6.49590738117695,0.));
#10210=CARTESIAN_POINT('',(41.4689627476037,6.17360167205334,0.2));
#10211=CARTESIAN_POINT('',(41.4689627476037,6.17360167205334,0.));
#10212=CARTESIAN_POINT('Ctrl Pts',(41.4689627476037,6.17360167205334,0.2));
#10213=CARTESIAN_POINT('Ctrl Pts',(41.4295259482439,6.21353048211317,0.2));
#10214=CARTESIAN_POINT('Ctrl Pts',(41.3400993823094,6.30407272751518,0.2));
#10215=CARTESIAN_POINT('Ctrl Pts',(41.3052759929354,6.42712225833733,0.2));
#10216=CARTESIAN_POINT('Ctrl Pts',(41.2858095951378,6.49590738117695,0.2));
#10217=CARTESIAN_POINT('Ctrl Pts',(41.852659303695,6.0825376957655,0.));
#10218=CARTESIAN_POINT('Ctrl Pts',(41.852659303695,6.0825376957655,0.2));
#10219=CARTESIAN_POINT('Ctrl Pts',(41.7757079074455,6.08373570793454,0.));
#10220=CARTESIAN_POINT('Ctrl Pts',(41.7757079074455,6.08373570793454,0.2));
#10221=CARTESIAN_POINT('Ctrl Pts',(41.6404624407848,6.0858412670636,0.));
#10222=CARTESIAN_POINT('Ctrl Pts',(41.6404624407848,6.0858412670636,0.2));
#10223=CARTESIAN_POINT('Ctrl Pts',(41.52061842138,6.14716825537171,0.));
#10224=CARTESIAN_POINT('Ctrl Pts',(41.52061842138,6.14716825537171,0.2));
#10225=CARTESIAN_POINT('Ctrl Pts',(41.4689627476037,6.17360167205334,0.));
#10226=CARTESIAN_POINT('Ctrl Pts',(41.4689627476037,6.17360167205334,0.2));
#10227=CARTESIAN_POINT('',(41.852659303695,6.0825376957655,0.));
#10228=CARTESIAN_POINT('Ctrl Pts',(41.852659303695,6.0825376957655,0.));
#10229=CARTESIAN_POINT('Ctrl Pts',(41.7757079074455,6.08373570793454,0.));
#10230=CARTESIAN_POINT('Ctrl Pts',(41.6404624407848,6.0858412670636,0.));
#10231=CARTESIAN_POINT('Ctrl Pts',(41.52061842138,6.14716825537171,0.));
#10232=CARTESIAN_POINT('Ctrl Pts',(41.4689627476037,6.17360167205334,0.));
#10233=CARTESIAN_POINT('',(41.852659303695,6.0825376957655,0.2));
#10234=CARTESIAN_POINT('',(41.852659303695,6.0825376957655,0.));
#10235=CARTESIAN_POINT('Ctrl Pts',(41.852659303695,6.0825376957655,0.2));
#10236=CARTESIAN_POINT('Ctrl Pts',(41.7757079074455,6.08373570793454,0.2));
#10237=CARTESIAN_POINT('Ctrl Pts',(41.6404624407848,6.0858412670636,0.2));
#10238=CARTESIAN_POINT('Ctrl Pts',(41.52061842138,6.14716825537171,0.2));
#10239=CARTESIAN_POINT('Ctrl Pts',(41.4689627476037,6.17360167205334,0.2));
#10240=CARTESIAN_POINT('Ctrl Pts',(42.2721687145531,6.20736710727215,0.));
#10241=CARTESIAN_POINT('Ctrl Pts',(42.2721687145531,6.20736710727215,0.2));
#10242=CARTESIAN_POINT('Ctrl Pts',(42.2153005984232,6.17106406589016,0.));
#10243=CARTESIAN_POINT('Ctrl Pts',(42.2153005984232,6.17106406589016,0.2));
#10244=CARTESIAN_POINT('Ctrl Pts',(42.0880895762551,6.08985604782487,0.));
#10245=CARTESIAN_POINT('Ctrl Pts',(42.0880895762551,6.08985604782487,0.2));
#10246=CARTESIAN_POINT('Ctrl Pts',(41.9364888164342,6.08514353689425,0.));
#10247=CARTESIAN_POINT('Ctrl Pts',(41.9364888164342,6.08514353689425,0.2));
#10248=CARTESIAN_POINT('Ctrl Pts',(41.852659303695,6.0825376957655,0.));
#10249=CARTESIAN_POINT('Ctrl Pts',(41.852659303695,6.0825376957655,0.2));
#10250=CARTESIAN_POINT('',(42.2721687145531,6.20736710727215,0.));
#10251=CARTESIAN_POINT('Ctrl Pts',(42.2721687145531,6.20736710727215,0.));
#10252=CARTESIAN_POINT('Ctrl Pts',(42.2153005984232,6.17106406589016,0.));
#10253=CARTESIAN_POINT('Ctrl Pts',(42.0880895762551,6.08985604782487,0.));
#10254=CARTESIAN_POINT('Ctrl Pts',(41.9364888164342,6.08514353689425,0.));
#10255=CARTESIAN_POINT('Ctrl Pts',(41.852659303695,6.0825376957655,0.));
#10256=CARTESIAN_POINT('',(42.2721687145531,6.20736710727215,0.2));
#10257=CARTESIAN_POINT('',(42.2721687145531,6.20736710727215,0.));
#10258=CARTESIAN_POINT('Ctrl Pts',(42.2721687145531,6.20736710727215,0.2));
#10259=CARTESIAN_POINT('Ctrl Pts',(42.2153005984232,6.17106406589016,0.2));
#10260=CARTESIAN_POINT('Ctrl Pts',(42.0880895762551,6.08985604782487,0.2));
#10261=CARTESIAN_POINT('Ctrl Pts',(41.9364888164342,6.08514353689425,0.2));
#10262=CARTESIAN_POINT('Ctrl Pts',(41.852659303695,6.0825376957655,0.2));
#10263=CARTESIAN_POINT('Ctrl Pts',(42.376534063369,6.52455680072308,0.));
#10264=CARTESIAN_POINT('Ctrl Pts',(42.376534063369,6.52455680072308,0.2));
#10265=CARTESIAN_POINT('Ctrl Pts',(42.3750651483881,6.4579958599761,0.));
#10266=CARTESIAN_POINT('Ctrl Pts',(42.3750651483881,6.4579958599761,0.2));
#10267=CARTESIAN_POINT('Ctrl Pts',(42.3724750966504,6.34063285225267,0.));
#10268=CARTESIAN_POINT('Ctrl Pts',(42.3724750966504,6.34063285225267,0.2));
#10269=CARTESIAN_POINT('Ctrl Pts',(42.3024709134524,6.24762621169231,0.));
#10270=CARTESIAN_POINT('Ctrl Pts',(42.3024709134524,6.24762621169231,0.2));
#10271=CARTESIAN_POINT('Ctrl Pts',(42.2721687145531,6.20736710727215,0.));
#10272=CARTESIAN_POINT('Ctrl Pts',(42.2721687145531,6.20736710727215,0.2));
#10273=CARTESIAN_POINT('',(42.376534063369,6.52455680072308,0.));
#10274=CARTESIAN_POINT('Ctrl Pts',(42.376534063369,6.52455680072308,0.));
#10275=CARTESIAN_POINT('Ctrl Pts',(42.3750651483881,6.4579958599761,0.));
#10276=CARTESIAN_POINT('Ctrl Pts',(42.3724750966504,6.34063285225267,0.));
#10277=CARTESIAN_POINT('Ctrl Pts',(42.3024709134524,6.24762621169231,0.));
#10278=CARTESIAN_POINT('Ctrl Pts',(42.2721687145531,6.20736710727215,0.));
#10279=CARTESIAN_POINT('',(42.376534063369,6.52455680072308,0.2));
#10280=CARTESIAN_POINT('',(42.376534063369,6.52455680072308,0.));
#10281=CARTESIAN_POINT('Ctrl Pts',(42.376534063369,6.52455680072308,0.2));
#10282=CARTESIAN_POINT('Ctrl Pts',(42.3750651483881,6.4579958599761,0.2));
#10283=CARTESIAN_POINT('Ctrl Pts',(42.3724750966504,6.34063285225267,0.2));
#10284=CARTESIAN_POINT('Ctrl Pts',(42.3024709134524,6.24762621169231,0.2));
#10285=CARTESIAN_POINT('Ctrl Pts',(42.2721687145531,6.20736710727215,0.2));
#10286=CARTESIAN_POINT('Ctrl Pts',(42.3744860477746,6.6207367926836,0.));
#10287=CARTESIAN_POINT('Ctrl Pts',(42.3744860477746,6.6207367926836,0.2));
#10288=CARTESIAN_POINT('Ctrl Pts',(42.3750647498093,6.60010372271249,0.));
#10289=CARTESIAN_POINT('Ctrl Pts',(42.3750647498093,6.60010372271249,0.2));
#10290=CARTESIAN_POINT('Ctrl Pts',(42.3759638258162,6.56804802384829,0.));
#10291=CARTESIAN_POINT('Ctrl Pts',(42.3759638258162,6.56804802384829,0.2));
#10292=CARTESIAN_POINT('Ctrl Pts',(42.3763842505247,6.53598281748801,0.));
#10293=CARTESIAN_POINT('Ctrl Pts',(42.3763842505247,6.53598281748801,0.2));
#10294=CARTESIAN_POINT('Ctrl Pts',(42.376534063369,6.52455680072308,0.));
#10295=CARTESIAN_POINT('Ctrl Pts',(42.376534063369,6.52455680072308,0.2));
#10296=CARTESIAN_POINT('',(42.3744860477746,6.6207367926836,0.));
#10297=CARTESIAN_POINT('Ctrl Pts',(42.3744860477746,6.6207367926836,0.));
#10298=CARTESIAN_POINT('Ctrl Pts',(42.3750647498093,6.60010372271249,0.));
#10299=CARTESIAN_POINT('Ctrl Pts',(42.3759638258162,6.56804802384829,0.));
#10300=CARTESIAN_POINT('Ctrl Pts',(42.3763842505247,6.53598281748801,0.));
#10301=CARTESIAN_POINT('Ctrl Pts',(42.376534063369,6.52455680072308,0.));
#10302=CARTESIAN_POINT('',(42.3744860477746,6.6207367926836,0.2));
#10303=CARTESIAN_POINT('',(42.3744860477746,6.6207367926836,0.));
#10304=CARTESIAN_POINT('Ctrl Pts',(42.3744860477746,6.6207367926836,0.2));
#10305=CARTESIAN_POINT('Ctrl Pts',(42.3750647498093,6.60010372271249,0.2));
#10306=CARTESIAN_POINT('Ctrl Pts',(42.3759638258162,6.56804802384829,0.2));
#10307=CARTESIAN_POINT('Ctrl Pts',(42.3763842505247,6.53598281748801,0.2));
#10308=CARTESIAN_POINT('Ctrl Pts',(42.376534063369,6.52455680072308,0.2));
#10309=CARTESIAN_POINT('Ctrl Pts',(41.7175975628197,6.74761272966862,0.));
#10310=CARTESIAN_POINT('Ctrl Pts',(41.7175975628197,6.74761272966862,0.2));
#10311=CARTESIAN_POINT('Ctrl Pts',(41.8474415270588,6.73189366572474,0.));
#10312=CARTESIAN_POINT('Ctrl Pts',(41.8474415270588,6.73189366572474,0.2));
#10313=CARTESIAN_POINT('Ctrl Pts',(42.0695152943247,6.70500915269891,0.));
#10314=CARTESIAN_POINT('Ctrl Pts',(42.0695152943247,6.70500915269891,0.2));
#10315=CARTESIAN_POINT('Ctrl Pts',(42.2849948832503,6.64546582505692,0.));
#10316=CARTESIAN_POINT('Ctrl Pts',(42.2849948832503,6.64546582505692,0.2));
#10317=CARTESIAN_POINT('Ctrl Pts',(42.3744860477746,6.6207367926836,0.));
#10318=CARTESIAN_POINT('Ctrl Pts',(42.3744860477746,6.6207367926836,0.2));
#10319=CARTESIAN_POINT('',(41.7175975628197,6.74761272966862,0.));
#10320=CARTESIAN_POINT('Ctrl Pts',(41.7175975628197,6.74761272966862,0.));
#10321=CARTESIAN_POINT('Ctrl Pts',(41.8474415270588,6.73189366572474,0.));
#10322=CARTESIAN_POINT('Ctrl Pts',(42.0695152943247,6.70500915269891,0.));
#10323=CARTESIAN_POINT('Ctrl Pts',(42.2849948832503,6.64546582505692,0.));
#10324=CARTESIAN_POINT('Ctrl Pts',(42.3744860477746,6.6207367926836,0.));
#10325=CARTESIAN_POINT('',(41.7175975628197,6.74761272966862,0.2));
#10326=CARTESIAN_POINT('',(41.7175975628197,6.74761272966862,0.));
#10327=CARTESIAN_POINT('Ctrl Pts',(41.7175975628197,6.74761272966862,0.2));
#10328=CARTESIAN_POINT('Ctrl Pts',(41.8474415270588,6.73189366572474,0.2));
#10329=CARTESIAN_POINT('Ctrl Pts',(42.0695152943247,6.70500915269891,0.2));
#10330=CARTESIAN_POINT('Ctrl Pts',(42.2849948832503,6.64546582505692,0.2));
#10331=CARTESIAN_POINT('Ctrl Pts',(42.3744860477746,6.6207367926836,0.2));
#10332=CARTESIAN_POINT('Ctrl Pts',(41.3901773281395,6.80286504328251,0.));
#10333=CARTESIAN_POINT('Ctrl Pts',(41.3901773281395,6.80286504328251,0.2));
#10334=CARTESIAN_POINT('Ctrl Pts',(41.4354340077496,6.79288353976811,0.));
#10335=CARTESIAN_POINT('Ctrl Pts',(41.4354340077496,6.79288353976811,0.2));
#10336=CARTESIAN_POINT('Ctrl Pts',(41.5436263740238,6.76902137194005,0.));
#10337=CARTESIAN_POINT('Ctrl Pts',(41.5436263740238,6.76902137194005,0.2));
#10338=CARTESIAN_POINT('Ctrl Pts',(41.6536162573666,6.75548617635819,0.));
#10339=CARTESIAN_POINT('Ctrl Pts',(41.6536162573666,6.75548617635819,0.2));
#10340=CARTESIAN_POINT('Ctrl Pts',(41.7175975628197,6.74761272966862,0.));
#10341=CARTESIAN_POINT('Ctrl Pts',(41.7175975628197,6.74761272966862,0.2));
#10342=CARTESIAN_POINT('',(41.3901773281395,6.80286504328251,0.));
#10343=CARTESIAN_POINT('Ctrl Pts',(41.3901773281395,6.80286504328251,0.));
#10344=CARTESIAN_POINT('Ctrl Pts',(41.4354340077496,6.79288353976811,0.));
#10345=CARTESIAN_POINT('Ctrl Pts',(41.5436263740238,6.76902137194005,0.));
#10346=CARTESIAN_POINT('Ctrl Pts',(41.6536162573666,6.75548617635819,0.));
#10347=CARTESIAN_POINT('Ctrl Pts',(41.7175975628197,6.74761272966862,0.));
#10348=CARTESIAN_POINT('',(41.3901773281395,6.80286504328251,0.2));
#10349=CARTESIAN_POINT('',(41.3901773281395,6.80286504328251,0.));
#10350=CARTESIAN_POINT('Ctrl Pts',(41.3901773281395,6.80286504328251,0.2));
#10351=CARTESIAN_POINT('Ctrl Pts',(41.4354340077496,6.79288353976811,0.2));
#10352=CARTESIAN_POINT('Ctrl Pts',(41.5436263740238,6.76902137194005,0.2));
#10353=CARTESIAN_POINT('Ctrl Pts',(41.6536162573666,6.75548617635819,0.2));
#10354=CARTESIAN_POINT('Ctrl Pts',(41.7175975628197,6.74761272966862,0.2));
#10355=CARTESIAN_POINT('Ctrl Pts',(41.1251703090966,6.92360199987888,0.));
#10356=CARTESIAN_POINT('Ctrl Pts',(41.1251703090966,6.92360199987888,0.2));
#10357=CARTESIAN_POINT('Ctrl Pts',(41.1660685523534,6.89849806472016,0.));
#10358=CARTESIAN_POINT('Ctrl Pts',(41.1660685523534,6.89849806472016,0.2));
#10359=CARTESIAN_POINT('Ctrl Pts',(41.2494126102249,6.8473402726474,0.));
#10360=CARTESIAN_POINT('Ctrl Pts',(41.2494126102249,6.8473402726474,0.2));
#10361=CARTESIAN_POINT('Ctrl Pts',(41.3426784873918,6.81787251012589,0.));
#10362=CARTESIAN_POINT('Ctrl Pts',(41.3426784873918,6.81787251012589,0.2));
#10363=CARTESIAN_POINT('Ctrl Pts',(41.3901773281395,6.80286504328251,0.));
#10364=CARTESIAN_POINT('Ctrl Pts',(41.3901773281395,6.80286504328251,0.2));
#10365=CARTESIAN_POINT('',(41.1251703090966,6.92360199987888,0.));
#10366=CARTESIAN_POINT('Ctrl Pts',(41.1251703090966,6.92360199987888,0.));
#10367=CARTESIAN_POINT('Ctrl Pts',(41.1660685523534,6.89849806472016,0.));
#10368=CARTESIAN_POINT('Ctrl Pts',(41.2494126102249,6.8473402726474,0.));
#10369=CARTESIAN_POINT('Ctrl Pts',(41.3426784873918,6.81787251012589,0.));
#10370=CARTESIAN_POINT('Ctrl Pts',(41.3901773281395,6.80286504328251,0.));
#10371=CARTESIAN_POINT('',(41.1251703090966,6.92360199987888,0.2));
#10372=CARTESIAN_POINT('',(41.1251703090966,6.92360199987888,0.));
#10373=CARTESIAN_POINT('Ctrl Pts',(41.1251703090966,6.92360199987888,0.2));
#10374=CARTESIAN_POINT('Ctrl Pts',(41.1660685523534,6.89849806472016,0.2));
#10375=CARTESIAN_POINT('Ctrl Pts',(41.2494126102249,6.8473402726474,0.2));
#10376=CARTESIAN_POINT('Ctrl Pts',(41.3426784873918,6.81787251012589,0.2));
#10377=CARTESIAN_POINT('Ctrl Pts',(41.3901773281395,6.80286504328251,0.2));
#10378=CARTESIAN_POINT('Ctrl Pts',(40.9348550625145,7.13540263473988,0.));
#10379=CARTESIAN_POINT('Ctrl Pts',(40.9348550625145,7.13540263473988,0.2));
#10380=CARTESIAN_POINT('Ctrl Pts',(40.9606430291788,7.09378779519568,0.));
#10381=CARTESIAN_POINT('Ctrl Pts',(40.9606430291788,7.09378779519568,0.2));
#10382=CARTESIAN_POINT('Ctrl Pts',(41.0114511969589,7.01179708312342,0.));
#10383=CARTESIAN_POINT('Ctrl Pts',(41.0114511969589,7.01179708312342,0.2));
#10384=CARTESIAN_POINT('Ctrl Pts',(41.0876477420439,6.95270270126982,0.));
#10385=CARTESIAN_POINT('Ctrl Pts',(41.0876477420439,6.95270270126982,0.2));
#10386=CARTESIAN_POINT('Ctrl Pts',(41.1251703090966,6.92360199987888,0.));
#10387=CARTESIAN_POINT('Ctrl Pts',(41.1251703090966,6.92360199987888,0.2));
#10388=CARTESIAN_POINT('',(40.9348550625145,7.13540263473988,0.));
#10389=CARTESIAN_POINT('Ctrl Pts',(40.9348550625145,7.13540263473988,0.));
#10390=CARTESIAN_POINT('Ctrl Pts',(40.9606430291788,7.09378779519568,0.));
#10391=CARTESIAN_POINT('Ctrl Pts',(41.0114511969589,7.01179708312342,0.));
#10392=CARTESIAN_POINT('Ctrl Pts',(41.0876477420439,6.95270270126982,0.));
#10393=CARTESIAN_POINT('Ctrl Pts',(41.1251703090966,6.92360199987888,0.));
#10394=CARTESIAN_POINT('',(40.9348550625145,7.13540263473988,0.2));
#10395=CARTESIAN_POINT('',(40.9348550625145,7.13540263473988,0.));
#10396=CARTESIAN_POINT('Ctrl Pts',(40.9348550625145,7.13540263473988,0.2));
#10397=CARTESIAN_POINT('Ctrl Pts',(40.9606430291788,7.09378779519568,0.2));
#10398=CARTESIAN_POINT('Ctrl Pts',(41.0114511969589,7.01179708312342,0.2));
#10399=CARTESIAN_POINT('Ctrl Pts',(41.0876477420439,6.95270270126982,0.2));
#10400=CARTESIAN_POINT('Ctrl Pts',(41.1251703090966,6.92360199987888,0.2));
#10401=CARTESIAN_POINT('Ctrl Pts',(40.8622089214623,7.427012398839,0.));
#10402=CARTESIAN_POINT('Ctrl Pts',(40.8622089214623,7.427012398839,0.2));
#10403=CARTESIAN_POINT('Ctrl Pts',(40.8650489789426,7.37530128255271,0.));
#10404=CARTESIAN_POINT('Ctrl Pts',(40.8650489789426,7.37530128255271,0.2));
#10405=CARTESIAN_POINT('Ctrl Pts',(40.8706444100729,7.2734209537731,0.));
#10406=CARTESIAN_POINT('Ctrl Pts',(40.8706444100729,7.2734209537731,0.2));
#10407=CARTESIAN_POINT('Ctrl Pts',(40.9136685608013,7.18094220242012,0.));
#10408=CARTESIAN_POINT('Ctrl Pts',(40.9136685608013,7.18094220242012,0.2));
#10409=CARTESIAN_POINT('Ctrl Pts',(40.9348550625145,7.13540263473988,0.));
#10410=CARTESIAN_POINT('Ctrl Pts',(40.9348550625145,7.13540263473988,0.2));
#10411=CARTESIAN_POINT('',(40.8622089214623,7.427012398839,0.));
#10412=CARTESIAN_POINT('Ctrl Pts',(40.8622089214623,7.427012398839,0.));
#10413=CARTESIAN_POINT('Ctrl Pts',(40.8650489789426,7.37530128255271,0.));
#10414=CARTESIAN_POINT('Ctrl Pts',(40.8706444100729,7.2734209537731,0.));
#10415=CARTESIAN_POINT('Ctrl Pts',(40.9136685608013,7.18094220242012,0.));
#10416=CARTESIAN_POINT('Ctrl Pts',(40.9348550625145,7.13540263473988,0.));
#10417=CARTESIAN_POINT('',(40.8622089214623,7.427012398839,0.2));
#10418=CARTESIAN_POINT('',(40.8622089214623,7.427012398839,0.));
#10419=CARTESIAN_POINT('Ctrl Pts',(40.8622089214623,7.427012398839,0.2));
#10420=CARTESIAN_POINT('Ctrl Pts',(40.8650489789426,7.37530128255271,0.2));
#10421=CARTESIAN_POINT('Ctrl Pts',(40.8706444100729,7.2734209537731,0.2));
#10422=CARTESIAN_POINT('Ctrl Pts',(40.9136685608013,7.18094220242012,0.2));
#10423=CARTESIAN_POINT('Ctrl Pts',(40.9348550625145,7.13540263473988,0.2));
#10424=CARTESIAN_POINT('Ctrl Pts',(41.054569799453,7.87414766848087,0.));
#10425=CARTESIAN_POINT('Ctrl Pts',(41.054569799453,7.87414766848087,0.2));
#10426=CARTESIAN_POINT('Ctrl Pts',(40.9984666251041,7.81119971363483,0.));
#10427=CARTESIAN_POINT('Ctrl Pts',(40.9984666251041,7.81119971363483,0.2));
#10428=CARTESIAN_POINT('Ctrl Pts',(40.884782842256,7.68364611773758,0.));
#10429=CARTESIAN_POINT('Ctrl Pts',(40.884782842256,7.68364611773758,0.2));
#10430=CARTESIAN_POINT('Ctrl Pts',(40.8697984739973,7.51329493299189,0.));
#10431=CARTESIAN_POINT('Ctrl Pts',(40.8697984739973,7.51329493299189,0.2));
#10432=CARTESIAN_POINT('Ctrl Pts',(40.8622089214623,7.427012398839,0.));
#10433=CARTESIAN_POINT('Ctrl Pts',(40.8622089214623,7.427012398839,0.2));
#10434=CARTESIAN_POINT('',(41.054569799453,7.87414766848087,0.));
#10435=CARTESIAN_POINT('Ctrl Pts',(41.054569799453,7.87414766848087,0.));
#10436=CARTESIAN_POINT('Ctrl Pts',(40.9984666251041,7.81119971363483,0.));
#10437=CARTESIAN_POINT('Ctrl Pts',(40.884782842256,7.68364611773758,0.));
#10438=CARTESIAN_POINT('Ctrl Pts',(40.8697984739973,7.51329493299189,0.));
#10439=CARTESIAN_POINT('Ctrl Pts',(40.8622089214623,7.427012398839,0.));
#10440=CARTESIAN_POINT('',(41.054569799453,7.87414766848087,0.2));
#10441=CARTESIAN_POINT('',(41.054569799453,7.87414766848087,0.));
#10442=CARTESIAN_POINT('Ctrl Pts',(41.054569799453,7.87414766848087,0.2));
#10443=CARTESIAN_POINT('Ctrl Pts',(40.9984666251041,7.81119971363483,0.2));
#10444=CARTESIAN_POINT('Ctrl Pts',(40.884782842256,7.68364611773758,0.2));
#10445=CARTESIAN_POINT('Ctrl Pts',(40.8697984739973,7.51329493299189,0.2));
#10446=CARTESIAN_POINT('Ctrl Pts',(40.8622089214623,7.427012398839,0.2));
#10447=CARTESIAN_POINT('Ctrl Pts',(41.6050473041832,8.04911352694035,0.));
#10448=CARTESIAN_POINT('Ctrl Pts',(41.6050473041832,8.04911352694035,0.2));
#10449=CARTESIAN_POINT('Ctrl Pts',(41.4960517475574,8.04475138625859,0.));
#10450=CARTESIAN_POINT('Ctrl Pts',(41.4960517475574,8.04475138625859,0.2));
#10451=CARTESIAN_POINT('Ctrl Pts',(41.2956463044546,8.03673090576136,0.));
#10452=CARTESIAN_POINT('Ctrl Pts',(41.2956463044546,8.03673090576136,0.2));
#10453=CARTESIAN_POINT('Ctrl Pts',(41.1300859691697,7.92507616248518,0.));
#10454=CARTESIAN_POINT('Ctrl Pts',(41.1300859691697,7.92507616248518,0.2));
#10455=CARTESIAN_POINT('Ctrl Pts',(41.054569799453,7.87414766848087,0.));
#10456=CARTESIAN_POINT('Ctrl Pts',(41.054569799453,7.87414766848087,0.2));
#10457=CARTESIAN_POINT('',(41.6050473041832,8.04911352694035,0.));
#10458=CARTESIAN_POINT('Ctrl Pts',(41.6050473041832,8.04911352694035,0.));
#10459=CARTESIAN_POINT('Ctrl Pts',(41.4960517475574,8.04475138625859,0.));
#10460=CARTESIAN_POINT('Ctrl Pts',(41.2956463044546,8.03673090576136,0.));
#10461=CARTESIAN_POINT('Ctrl Pts',(41.1300859691697,7.92507616248518,0.));
#10462=CARTESIAN_POINT('Ctrl Pts',(41.054569799453,7.87414766848087,0.));
#10463=CARTESIAN_POINT('',(41.6050473041832,8.04911352694035,0.2));
#10464=CARTESIAN_POINT('',(41.6050473041832,8.04911352694035,0.));
#10465=CARTESIAN_POINT('Ctrl Pts',(41.6050473041832,8.04911352694035,0.2));
#10466=CARTESIAN_POINT('Ctrl Pts',(41.4960517475574,8.04475138625859,0.2));
#10467=CARTESIAN_POINT('Ctrl Pts',(41.2956463044546,8.03673090576136,0.2));
#10468=CARTESIAN_POINT('Ctrl Pts',(41.1300859691697,7.92507616248518,0.2));
#10469=CARTESIAN_POINT('Ctrl Pts',(41.054569799453,7.87414766848087,0.2));
#10470=CARTESIAN_POINT('Ctrl Pts',(42.0112529583275,7.97748990356922,0.));
#10471=CARTESIAN_POINT('Ctrl Pts',(42.0112529583275,7.97748990356922,0.2));
#10472=CARTESIAN_POINT('Ctrl Pts',(41.946384817214,7.99837831580053,0.));
#10473=CARTESIAN_POINT('Ctrl Pts',(41.946384817214,7.99837831580053,0.2));
#10474=CARTESIAN_POINT('Ctrl Pts',(41.8143038578947,8.04091015776185,0.));
#10475=CARTESIAN_POINT('Ctrl Pts',(41.8143038578947,8.04091015776185,0.2));
#10476=CARTESIAN_POINT('Ctrl Pts',(41.6756201182351,8.04634689986289,0.));
#10477=CARTESIAN_POINT('Ctrl Pts',(41.6756201182351,8.04634689986289,0.2));
#10478=CARTESIAN_POINT('Ctrl Pts',(41.6050473041832,8.04911352694035,0.));
#10479=CARTESIAN_POINT('Ctrl Pts',(41.6050473041832,8.04911352694035,0.2));
#10480=CARTESIAN_POINT('',(42.0112529583275,7.97748990356922,0.));
#10481=CARTESIAN_POINT('Ctrl Pts',(42.0112529583275,7.97748990356922,0.));
#10482=CARTESIAN_POINT('Ctrl Pts',(41.946384817214,7.99837831580053,0.));
#10483=CARTESIAN_POINT('Ctrl Pts',(41.8143038578947,8.04091015776185,0.));
#10484=CARTESIAN_POINT('Ctrl Pts',(41.6756201182351,8.04634689986289,0.));
#10485=CARTESIAN_POINT('Ctrl Pts',(41.6050473041832,8.04911352694035,0.));
#10486=CARTESIAN_POINT('',(42.0112529583275,7.97748990356922,0.2));
#10487=CARTESIAN_POINT('',(42.0112529583275,7.97748990356922,0.));
#10488=CARTESIAN_POINT('Ctrl Pts',(42.0112529583275,7.97748990356922,0.2));
#10489=CARTESIAN_POINT('Ctrl Pts',(41.946384817214,7.99837831580053,0.2));
#10490=CARTESIAN_POINT('Ctrl Pts',(41.8143038578947,8.04091015776185,0.2));
#10491=CARTESIAN_POINT('Ctrl Pts',(41.6756201182351,8.04634689986289,0.2));
#10492=CARTESIAN_POINT('Ctrl Pts',(41.6050473041832,8.04911352694035,0.2));
#10493=CARTESIAN_POINT('Ctrl Pts',(42.4051824398339,7.73192383348942,0.));
#10494=CARTESIAN_POINT('Ctrl Pts',(42.4051824398339,7.73192383348942,0.2));
#10495=CARTESIAN_POINT('Ctrl Pts',(42.3402325654382,7.78460419985601,0.));
#10496=CARTESIAN_POINT('Ctrl Pts',(42.3402325654382,7.78460419985601,0.2));
#10497=CARTESIAN_POINT('Ctrl Pts',(42.2190358155609,7.88290599405326,0.));
#10498=CARTESIAN_POINT('Ctrl Pts',(42.2190358155609,7.88290599405326,0.2));
#10499=CARTESIAN_POINT('Ctrl Pts',(42.0771168994772,7.94750827210542,0.));
#10500=CARTESIAN_POINT('Ctrl Pts',(42.0771168994772,7.94750827210542,0.2));
#10501=CARTESIAN_POINT('Ctrl Pts',(42.0112529583275,7.97748990356922,0.));
#10502=CARTESIAN_POINT('Ctrl Pts',(42.0112529583275,7.97748990356922,0.2));
#10503=CARTESIAN_POINT('',(42.4051824398339,7.73192383348942,0.));
#10504=CARTESIAN_POINT('Ctrl Pts',(42.4051824398339,7.73192383348942,0.));
#10505=CARTESIAN_POINT('Ctrl Pts',(42.3402325654382,7.78460419985601,0.));
#10506=CARTESIAN_POINT('Ctrl Pts',(42.2190358155609,7.88290599405326,0.));
#10507=CARTESIAN_POINT('Ctrl Pts',(42.0771168994772,7.94750827210542,0.));
#10508=CARTESIAN_POINT('Ctrl Pts',(42.0112529583275,7.97748990356922,0.));
#10509=CARTESIAN_POINT('',(42.4051824398339,7.73192383348942,0.2));
#10510=CARTESIAN_POINT('',(42.4051824398339,7.73192383348942,0.));
#10511=CARTESIAN_POINT('Ctrl Pts',(42.4051824398339,7.73192383348942,0.2));
#10512=CARTESIAN_POINT('Ctrl Pts',(42.3402325654382,7.78460419985601,0.2));
#10513=CARTESIAN_POINT('Ctrl Pts',(42.2190358155609,7.88290599405326,0.2));
#10514=CARTESIAN_POINT('Ctrl Pts',(42.0771168994772,7.94750827210542,0.2));
#10515=CARTESIAN_POINT('Ctrl Pts',(42.0112529583275,7.97748990356922,0.2));
#10516=CARTESIAN_POINT('Ctrl Pts',(42.4788537807763,8.0000001937151,0.));
#10517=CARTESIAN_POINT('Ctrl Pts',(42.4788537807763,8.0000001937151,0.2));
#10518=CARTESIAN_POINT('Ctrl Pts',(42.4613481952886,7.95906827739064,0.));
#10519=CARTESIAN_POINT('Ctrl Pts',(42.4613481952886,7.95906827739064,0.2));
#10520=CARTESIAN_POINT('Ctrl Pts',(42.4245896341758,7.87311866155308,0.));
#10521=CARTESIAN_POINT('Ctrl Pts',(42.4245896341758,7.87311866155308,0.2));
#10522=CARTESIAN_POINT('Ctrl Pts',(42.4118533198236,7.78045705970357,0.));
#10523=CARTESIAN_POINT('Ctrl Pts',(42.4118533198236,7.78045705970357,0.2));
#10524=CARTESIAN_POINT('Ctrl Pts',(42.4051824398339,7.73192383348942,0.));
#10525=CARTESIAN_POINT('Ctrl Pts',(42.4051824398339,7.73192383348942,0.2));
#10526=CARTESIAN_POINT('Ctrl Pts',(42.4788537807763,8.0000001937151,0.));
#10527=CARTESIAN_POINT('Ctrl Pts',(42.4613481952886,7.95906827739064,0.));
#10528=CARTESIAN_POINT('Ctrl Pts',(42.4245896341758,7.87311866155308,0.));
#10529=CARTESIAN_POINT('Ctrl Pts',(42.4118533198236,7.78045705970357,0.));
#10530=CARTESIAN_POINT('Ctrl Pts',(42.4051824398339,7.73192383348942,0.));
#10531=CARTESIAN_POINT('Ctrl Pts',(42.4788537807763,8.0000001937151,0.2));
#10532=CARTESIAN_POINT('Ctrl Pts',(42.4613481952886,7.95906827739064,0.2));
#10533=CARTESIAN_POINT('Ctrl Pts',(42.4245896341758,7.87311866155308,0.2));
#10534=CARTESIAN_POINT('Ctrl Pts',(42.4118533198236,7.78045705970357,0.2));
#10535=CARTESIAN_POINT('Ctrl Pts',(42.4051824398339,7.73192383348942,0.2));
#10536=CARTESIAN_POINT('Origin',(29.9999997206032,6.94099597632885,0.2));
#10537=CARTESIAN_POINT('Origin',(36.9311061687768,7.13847227394581,0.));
#10538=CARTESIAN_POINT('',(36.9311061687768,7.13847227394581,0.));
#10539=CARTESIAN_POINT('',(36.9311061687768,8.0000001937151,0.));
#10540=CARTESIAN_POINT('',(36.9311061687768,22.8192361369729,0.));
#10541=CARTESIAN_POINT('',(36.9311061687768,7.13847227394581,0.2));
#10542=CARTESIAN_POINT('',(36.9311061687768,7.13847227394581,0.));
#10543=CARTESIAN_POINT('',(36.9311061687768,8.0000001937151,0.2));
#10544=CARTESIAN_POINT('',(36.9311061687768,7.13847227394581,0.2));
#10545=CARTESIAN_POINT('',(36.9311061687768,8.0000001937151,0.));
#10546=CARTESIAN_POINT('Origin',(37.1909967251122,6.88881315290928,0.));
#10547=CARTESIAN_POINT('',(37.1909967251122,6.88881315290928,0.));
#10548=CARTESIAN_POINT('',(27.2946367226472,16.395570822424,0.));
#10549=CARTESIAN_POINT('',(37.1909967251122,6.88881315290928,0.2));
#10550=CARTESIAN_POINT('',(37.1909967251122,6.88881315290928,0.));
#10551=CARTESIAN_POINT('',(37.1909967251122,6.88881315290928,0.2));
#10552=CARTESIAN_POINT('Origin',(37.9092779941857,8.0000001937151,0.));
#10553=CARTESIAN_POINT('',(37.9092779941857,8.0000001937151,0.));
#10554=CARTESIAN_POINT('',(43.6227754101292,16.8388277667398,0.));
#10555=CARTESIAN_POINT('',(37.9092779941857,8.0000001937151,0.2));
#10556=CARTESIAN_POINT('',(37.9092779941857,8.0000001937151,0.));
#10557=CARTESIAN_POINT('',(37.9092779941857,8.0000001937151,0.2));
#10558=CARTESIAN_POINT('Origin',(38.3635750599205,8.0000001937151,0.));
#10559=CARTESIAN_POINT('',(38.3635750599205,8.0000001937151,0.));
#10560=CARTESIAN_POINT('',(33.9317875299603,8.0000001937151,0.));
#10561=CARTESIAN_POINT('',(38.3635750599205,8.0000001937151,0.2));
#10562=CARTESIAN_POINT('',(38.3635750599205,8.0000001937151,0.));
#10563=CARTESIAN_POINT('',(38.3635750599205,8.0000001937151,0.2));
#10564=CARTESIAN_POINT('Origin',(37.448841650039,6.63301520049572,0.));
#10565=CARTESIAN_POINT('',(37.448841650039,6.63301520049572,0.));
#10566=CARTESIAN_POINT('',(43.5840570438338,15.8015306202743,0.));
#10567=CARTESIAN_POINT('',(37.448841650039,6.63301520049572,0.2));
#10568=CARTESIAN_POINT('',(37.448841650039,6.63301520049572,0.));
#10569=CARTESIAN_POINT('',(37.448841650039,6.63301520049572,0.2));
#10570=CARTESIAN_POINT('Origin',(38.2796731777489,5.82673959434032,0.));
#10571=CARTESIAN_POINT('',(38.2796731777489,5.82673959434032,0.));
#10572=CARTESIAN_POINT('',(27.8542835920364,15.9439980604405,0.));
#10573=CARTESIAN_POINT('',(38.2796731777489,5.82673959434032,0.2));
#10574=CARTESIAN_POINT('',(38.2796731777489,5.82673959434032,0.));
#10575=CARTESIAN_POINT('',(38.2796731777489,5.82673959434032,0.2));
#10576=CARTESIAN_POINT('Origin',(37.8028646297753,5.82673959434032,0.));
#10577=CARTESIAN_POINT('',(37.8028646297753,5.82673959434032,0.));
#10578=CARTESIAN_POINT('',(33.6514323148876,5.82673959434032,0.));
#10579=CARTESIAN_POINT('',(37.8028646297753,5.82673959434032,0.2));
#10580=CARTESIAN_POINT('',(37.8028646297753,5.82673959434032,0.));
#10581=CARTESIAN_POINT('',(37.8028646297753,5.82673959434032,0.2));
#10582=CARTESIAN_POINT('Origin',(36.9311061687768,6.71077765524387,0.));
#10583=CARTESIAN_POINT('',(36.9311061687768,6.71077765524387,0.));
#10584=CARTESIAN_POINT('',(27.1527858220506,16.6268355370475,0.));
#10585=CARTESIAN_POINT('',(36.9311061687768,6.71077765524387,0.2));
#10586=CARTESIAN_POINT('',(36.9311061687768,6.71077765524387,0.));
#10587=CARTESIAN_POINT('',(36.9311061687768,6.71077765524387,0.2));
#10588=CARTESIAN_POINT('Origin',(36.9311061687768,5.00000007450581,0.));
#10589=CARTESIAN_POINT('',(36.9311061687768,5.00000007450581,0.));
#10590=CARTESIAN_POINT('',(36.9311061687768,21.7500000372529,0.));
#10591=CARTESIAN_POINT('',(36.9311061687768,5.00000007450581,0.2));
#10592=CARTESIAN_POINT('',(36.9311061687768,5.00000007450581,0.));
#10593=CARTESIAN_POINT('',(36.9311061687768,5.00000007450581,0.2));
#10594=CARTESIAN_POINT('Origin',(36.5627566166222,5.00000007450581,0.));
#10595=CARTESIAN_POINT('',(36.5627566166222,5.00000007450581,0.));
#10596=CARTESIAN_POINT('',(33.0313783083111,5.00000007450581,0.));
#10597=CARTESIAN_POINT('',(36.5627566166222,5.00000007450581,0.2));
#10598=CARTESIAN_POINT('',(36.5627566166222,5.00000007450581,0.));
#10599=CARTESIAN_POINT('',(36.5627566166222,5.00000007450581,0.2));
#10600=CARTESIAN_POINT('Origin',(36.5627566166222,8.0000001937151,0.));
#10601=CARTESIAN_POINT('',(36.5627566166222,8.0000001937151,0.));
#10602=CARTESIAN_POINT('',(36.5627566166222,23.2500000968575,0.));
#10603=CARTESIAN_POINT('',(36.5627566166222,8.0000001937151,0.2));
#10604=CARTESIAN_POINT('',(36.5627566166222,8.0000001937151,0.));
#10605=CARTESIAN_POINT('',(36.5627566166222,8.0000001937151,0.2));
#10606=CARTESIAN_POINT('Origin',(36.9311061687768,8.0000001937151,0.));
#10607=CARTESIAN_POINT('',(33.2155530843884,8.0000001937151,0.));
#10608=CARTESIAN_POINT('',(36.9311061687768,8.0000001937151,0.2));
#10609=CARTESIAN_POINT('Origin',(29.9999997206032,6.94099597632885,0.2));
#10610=CARTESIAN_POINT('Ctrl Pts',(33.4624830074608,7.41268761456013,0.));
#10611=CARTESIAN_POINT('Ctrl Pts',(33.4624830074608,7.41268761456013,0.2));
#10612=CARTESIAN_POINT('Ctrl Pts',(33.4797033645633,7.36160818398586,0.));
#10613=CARTESIAN_POINT('Ctrl Pts',(33.4797033645633,7.36160818398586,0.2));
#10614=CARTESIAN_POINT('Ctrl Pts',(33.5198821695982,7.24242886208641,0.));
#10615=CARTESIAN_POINT('Ctrl Pts',(33.5198821695982,7.24242886208641,0.2));
#10616=CARTESIAN_POINT('Ctrl Pts',(33.5211202997989,7.11636953464809,0.));
#10617=CARTESIAN_POINT('Ctrl Pts',(33.5211202997989,7.11636953464809,0.2));
#10618=CARTESIAN_POINT('Ctrl Pts',(33.521827775985,7.04433836042881,0.));
#10619=CARTESIAN_POINT('Ctrl Pts',(33.521827775985,7.04433836042881,0.2));
#10620=CARTESIAN_POINT('',(33.4624830074608,7.41268761456013,0.));
#10621=CARTESIAN_POINT('',(33.521827775985,7.04433836042881,0.));
#10622=CARTESIAN_POINT('Ctrl Pts',(33.4624830074608,7.41268761456013,0.));
#10623=CARTESIAN_POINT('Ctrl Pts',(33.4797033645633,7.36160818398586,0.));
#10624=CARTESIAN_POINT('Ctrl Pts',(33.5198821695982,7.24242886208641,0.));
#10625=CARTESIAN_POINT('Ctrl Pts',(33.5211202997989,7.11636953464809,0.));
#10626=CARTESIAN_POINT('Ctrl Pts',(33.521827775985,7.04433836042881,0.));
#10627=CARTESIAN_POINT('',(33.4624830074608,7.41268761456013,0.2));
#10628=CARTESIAN_POINT('',(33.4624830074608,7.41268761456013,0.));
#10629=CARTESIAN_POINT('',(33.521827775985,7.04433836042881,0.2));
#10630=CARTESIAN_POINT('Ctrl Pts',(33.4624830074608,7.41268761456013,0.2));
#10631=CARTESIAN_POINT('Ctrl Pts',(33.4797033645633,7.36160818398586,0.2));
#10632=CARTESIAN_POINT('Ctrl Pts',(33.5198821695982,7.24242886208641,0.2));
#10633=CARTESIAN_POINT('Ctrl Pts',(33.5211202997989,7.11636953464809,0.2));
#10634=CARTESIAN_POINT('Ctrl Pts',(33.521827775985,7.04433836042881,0.2));
#10635=CARTESIAN_POINT('',(33.521827775985,7.04433836042881,0.));
#10636=CARTESIAN_POINT('Ctrl Pts',(33.2189622707665,7.66746260225773,0.));
#10637=CARTESIAN_POINT('Ctrl Pts',(33.2189622707665,7.66746260225773,0.2));
#10638=CARTESIAN_POINT('Ctrl Pts',(33.2703374998369,7.63400039481751,0.));
#10639=CARTESIAN_POINT('Ctrl Pts',(33.2703374998369,7.63400039481751,0.2));
#10640=CARTESIAN_POINT('Ctrl Pts',(33.371513983424,7.56810115615484,0.));
#10641=CARTESIAN_POINT('Ctrl Pts',(33.371513983424,7.56810115615484,0.2));
#10642=CARTESIAN_POINT('Ctrl Pts',(33.4324761231606,7.46395205551349,0.));
#10643=CARTESIAN_POINT('Ctrl Pts',(33.4324761231606,7.46395205551349,0.2));
#10644=CARTESIAN_POINT('Ctrl Pts',(33.4624830074608,7.41268761456013,0.));
#10645=CARTESIAN_POINT('Ctrl Pts',(33.4624830074608,7.41268761456013,0.2));
#10646=CARTESIAN_POINT('',(33.2189622707665,7.66746260225773,0.));
#10647=CARTESIAN_POINT('Ctrl Pts',(33.2189622707665,7.66746260225773,0.));
#10648=CARTESIAN_POINT('Ctrl Pts',(33.2703374998369,7.63400039481751,0.));
#10649=CARTESIAN_POINT('Ctrl Pts',(33.371513983424,7.56810115615484,0.));
#10650=CARTESIAN_POINT('Ctrl Pts',(33.4324761231606,7.46395205551349,0.));
#10651=CARTESIAN_POINT('Ctrl Pts',(33.4624830074608,7.41268761456013,0.));
#10652=CARTESIAN_POINT('',(33.2189622707665,7.66746260225773,0.2));
#10653=CARTESIAN_POINT('',(33.2189622707665,7.66746260225773,0.));
#10654=CARTESIAN_POINT('Ctrl Pts',(33.2189622707665,7.66746260225773,0.2));
#10655=CARTESIAN_POINT('Ctrl Pts',(33.2703374998369,7.63400039481751,0.2));
#10656=CARTESIAN_POINT('Ctrl Pts',(33.371513983424,7.56810115615484,0.2));
#10657=CARTESIAN_POINT('Ctrl Pts',(33.4324761231606,7.46395205551349,0.2));
#10658=CARTESIAN_POINT('Ctrl Pts',(33.4624830074608,7.41268761456013,0.2));
#10659=CARTESIAN_POINT('Ctrl Pts',(32.8403821773827,7.76057310402393,0.));
#10660=CARTESIAN_POINT('Ctrl Pts',(32.8403821773827,7.76057310402393,0.2));
#10661=CARTESIAN_POINT('Ctrl Pts',(32.9084918395198,7.75717384929641,0.));
#10662=CARTESIAN_POINT('Ctrl Pts',(32.9084918395198,7.75717384929641,0.2));
#10663=CARTESIAN_POINT('Ctrl Pts',(33.0407947984378,7.75057079997191,0.));
#10664=CARTESIAN_POINT('Ctrl Pts',(33.0407947984378,7.75057079997191,0.2));
#10665=CARTESIAN_POINT('Ctrl Pts',(33.1607567981624,7.69461319187998,0.));
#10666=CARTESIAN_POINT('Ctrl Pts',(33.1607567981624,7.69461319187998,0.2));
#10667=CARTESIAN_POINT('Ctrl Pts',(33.2189622707665,7.66746260225773,0.));
#10668=CARTESIAN_POINT('Ctrl Pts',(33.2189622707665,7.66746260225773,0.2));
#10669=CARTESIAN_POINT('',(32.8403821773827,7.76057310402393,0.));
#10670=CARTESIAN_POINT('Ctrl Pts',(32.8403821773827,7.76057310402393,0.));
#10671=CARTESIAN_POINT('Ctrl Pts',(32.9084918395198,7.75717384929641,0.));
#10672=CARTESIAN_POINT('Ctrl Pts',(33.0407947984378,7.75057079997191,0.));
#10673=CARTESIAN_POINT('Ctrl Pts',(33.1607567981624,7.69461319187998,0.));
#10674=CARTESIAN_POINT('Ctrl Pts',(33.2189622707665,7.66746260225773,0.));
#10675=CARTESIAN_POINT('',(32.8403821773827,7.76057310402393,0.2));
#10676=CARTESIAN_POINT('',(32.8403821773827,7.76057310402393,0.));
#10677=CARTESIAN_POINT('Ctrl Pts',(32.8403821773827,7.76057310402393,0.2));
#10678=CARTESIAN_POINT('Ctrl Pts',(32.9084918395198,7.75717384929641,0.2));
#10679=CARTESIAN_POINT('Ctrl Pts',(33.0407947984378,7.75057079997191,0.2));
#10680=CARTESIAN_POINT('Ctrl Pts',(33.1607567981624,7.69461319187998,0.2));
#10681=CARTESIAN_POINT('Ctrl Pts',(33.2189622707665,7.66746260225773,0.2));
#10682=CARTESIAN_POINT('Ctrl Pts',(32.5139823742211,7.66234673559666,0.));
#10683=CARTESIAN_POINT('Ctrl Pts',(32.5139823742211,7.66234673559666,0.2));
#10684=CARTESIAN_POINT('Ctrl Pts',(32.5584795858604,7.69092128216257,0.));
#10685=CARTESIAN_POINT('Ctrl Pts',(32.5584795858604,7.69092128216257,0.2));
#10686=CARTESIAN_POINT('Ctrl Pts',(32.6573956534661,7.75444170683149,0.));
#10687=CARTESIAN_POINT('Ctrl Pts',(32.6573956534661,7.75444170683149,0.2));
#10688=CARTESIAN_POINT('Ctrl Pts',(32.7754399120669,7.75839705950051,0.));
#10689=CARTESIAN_POINT('Ctrl Pts',(32.7754399120669,7.75839705950051,0.2));
#10690=CARTESIAN_POINT('Ctrl Pts',(32.8403821773827,7.76057310402393,0.));
#10691=CARTESIAN_POINT('Ctrl Pts',(32.8403821773827,7.76057310402393,0.2));
#10692=CARTESIAN_POINT('',(32.5139823742211,7.66234673559666,0.));
#10693=CARTESIAN_POINT('Ctrl Pts',(32.5139823742211,7.66234673559666,0.));
#10694=CARTESIAN_POINT('Ctrl Pts',(32.5584795858604,7.69092128216257,0.));
#10695=CARTESIAN_POINT('Ctrl Pts',(32.6573956534661,7.75444170683149,0.));
#10696=CARTESIAN_POINT('Ctrl Pts',(32.7754399120669,7.75839705950051,0.));
#10697=CARTESIAN_POINT('Ctrl Pts',(32.8403821773827,7.76057310402393,0.));
#10698=CARTESIAN_POINT('',(32.5139823742211,7.66234673559666,0.2));
#10699=CARTESIAN_POINT('',(32.5139823742211,7.66234673559666,0.));
#10700=CARTESIAN_POINT('Ctrl Pts',(32.5139823742211,7.66234673559666,0.2));
#10701=CARTESIAN_POINT('Ctrl Pts',(32.5584795858604,7.69092128216257,0.2));
#10702=CARTESIAN_POINT('Ctrl Pts',(32.6573956534661,7.75444170683149,0.2));
#10703=CARTESIAN_POINT('Ctrl Pts',(32.7754399120669,7.75839705950051,0.2));
#10704=CARTESIAN_POINT('Ctrl Pts',(32.8403821773827,7.76057310402393,0.2));
#10705=CARTESIAN_POINT('Ctrl Pts',(32.402454931289,7.41678066551685,0.));
#10706=CARTESIAN_POINT('Ctrl Pts',(32.402454931289,7.41678066551685,0.2));
#10707=CARTESIAN_POINT('Ctrl Pts',(32.4071481876313,7.46388770919952,0.));
#10708=CARTESIAN_POINT('Ctrl Pts',(32.4071481876313,7.46388770919952,0.2));
#10709=CARTESIAN_POINT('Ctrl Pts',(32.4165579127777,7.55833478414781,0.));
#10710=CARTESIAN_POINT('Ctrl Pts',(32.4165579127777,7.55833478414781,0.2));
#10711=CARTESIAN_POINT('Ctrl Pts',(32.4814541904255,7.62761911356481,0.));
#10712=CARTESIAN_POINT('Ctrl Pts',(32.4814541904255,7.62761911356481,0.2));
#10713=CARTESIAN_POINT('Ctrl Pts',(32.5139823742211,7.66234673559666,0.));
#10714=CARTESIAN_POINT('Ctrl Pts',(32.5139823742211,7.66234673559666,0.2));
#10715=CARTESIAN_POINT('',(32.402454931289,7.41678066551685,0.));
#10716=CARTESIAN_POINT('Ctrl Pts',(32.402454931289,7.41678066551685,0.));
#10717=CARTESIAN_POINT('Ctrl Pts',(32.4071481876313,7.46388770919952,0.));
#10718=CARTESIAN_POINT('Ctrl Pts',(32.4165579127777,7.55833478414781,0.));
#10719=CARTESIAN_POINT('Ctrl Pts',(32.4814541904255,7.62761911356481,0.));
#10720=CARTESIAN_POINT('Ctrl Pts',(32.5139823742211,7.66234673559666,0.));
#10721=CARTESIAN_POINT('',(32.402454931289,7.41678066551685,0.2));
#10722=CARTESIAN_POINT('',(32.402454931289,7.41678066551685,0.));
#10723=CARTESIAN_POINT('Ctrl Pts',(32.402454931289,7.41678066551685,0.2));
#10724=CARTESIAN_POINT('Ctrl Pts',(32.4071481876313,7.46388770919952,0.2));
#10725=CARTESIAN_POINT('Ctrl Pts',(32.4165579127777,7.55833478414781,0.2));
#10726=CARTESIAN_POINT('Ctrl Pts',(32.4814541904255,7.62761911356481,0.2));
#10727=CARTESIAN_POINT('Ctrl Pts',(32.5139823742211,7.66234673559666,0.2));
#10728=CARTESIAN_POINT('Ctrl Pts',(32.4536147899926,7.24181450903416,0.));
#10729=CARTESIAN_POINT('Ctrl Pts',(32.4536147899926,7.24181450903416,0.2));
#10730=CARTESIAN_POINT('Ctrl Pts',(32.438692737535,7.26890054730723,0.));
#10731=CARTESIAN_POINT('Ctrl Pts',(32.438692737535,7.26890054730723,0.2));
#10732=CARTESIAN_POINT('Ctrl Pts',(32.4086603243673,7.3234144350451,0.));
#10733=CARTESIAN_POINT('Ctrl Pts',(32.4086603243673,7.3234144350451,0.2));
#10734=CARTESIAN_POINT('Ctrl Pts',(32.4045320240262,7.38552876627849,0.));
#10735=CARTESIAN_POINT('Ctrl Pts',(32.4045320240262,7.38552876627849,0.2));
#10736=CARTESIAN_POINT('Ctrl Pts',(32.402454931289,7.41678066551685,0.));
#10737=CARTESIAN_POINT('Ctrl Pts',(32.402454931289,7.41678066551685,0.2));
#10738=CARTESIAN_POINT('',(32.4536147899926,7.24181450903416,0.));
#10739=CARTESIAN_POINT('Ctrl Pts',(32.4536147899926,7.24181450903416,0.));
#10740=CARTESIAN_POINT('Ctrl Pts',(32.438692737535,7.26890054730723,0.));
#10741=CARTESIAN_POINT('Ctrl Pts',(32.4086603243673,7.3234144350451,0.));
#10742=CARTESIAN_POINT('Ctrl Pts',(32.4045320240262,7.38552876627849,0.));
#10743=CARTESIAN_POINT('Ctrl Pts',(32.402454931289,7.41678066551685,0.));
#10744=CARTESIAN_POINT('',(32.4536147899926,7.24181450903416,0.2));
#10745=CARTESIAN_POINT('',(32.4536147899926,7.24181450903416,0.));
#10746=CARTESIAN_POINT('Ctrl Pts',(32.4536147899926,7.24181450903416,0.2));
#10747=CARTESIAN_POINT('Ctrl Pts',(32.438692737535,7.26890054730723,0.2));
#10748=CARTESIAN_POINT('Ctrl Pts',(32.4086603243673,7.3234144350451,0.2));
#10749=CARTESIAN_POINT('Ctrl Pts',(32.4045320240262,7.38552876627849,0.2));
#10750=CARTESIAN_POINT('Ctrl Pts',(32.402454931289,7.41678066551685,0.2));
#10751=CARTESIAN_POINT('Ctrl Pts',(32.5989070720971,7.1221012622118,0.));
#10752=CARTESIAN_POINT('Ctrl Pts',(32.5989070720971,7.1221012622118,0.2));
#10753=CARTESIAN_POINT('Ctrl Pts',(32.5695332225968,7.13699785856029,0.));
#10754=CARTESIAN_POINT('Ctrl Pts',(32.5695332225968,7.13699785856029,0.2));
#10755=CARTESIAN_POINT('Ctrl Pts',(32.5121406055281,7.16610383766761,0.));
#10756=CARTESIAN_POINT('Ctrl Pts',(32.5121406055281,7.16610383766761,0.2));
#10757=CARTESIAN_POINT('Ctrl Pts',(32.4728138842259,7.21697801080289,0.));
#10758=CARTESIAN_POINT('Ctrl Pts',(32.4728138842259,7.21697801080289,0.2));
#10759=CARTESIAN_POINT('Ctrl Pts',(32.4536147899926,7.24181450903416,0.));
#10760=CARTESIAN_POINT('Ctrl Pts',(32.4536147899926,7.24181450903416,0.2));
#10761=CARTESIAN_POINT('',(32.5989070720971,7.1221012622118,0.));
#10762=CARTESIAN_POINT('Ctrl Pts',(32.5989070720971,7.1221012622118,0.));
#10763=CARTESIAN_POINT('Ctrl Pts',(32.5695332225968,7.13699785856029,0.));
#10764=CARTESIAN_POINT('Ctrl Pts',(32.5121406055281,7.16610383766761,0.));
#10765=CARTESIAN_POINT('Ctrl Pts',(32.4728138842259,7.21697801080289,0.));
#10766=CARTESIAN_POINT('Ctrl Pts',(32.4536147899926,7.24181450903416,0.));
#10767=CARTESIAN_POINT('',(32.5989070720971,7.1221012622118,0.2));
#10768=CARTESIAN_POINT('',(32.5989070720971,7.1221012622118,0.));
#10769=CARTESIAN_POINT('Ctrl Pts',(32.5989070720971,7.1221012622118,0.2));
#10770=CARTESIAN_POINT('Ctrl Pts',(32.5695332225968,7.13699785856029,0.2));
#10771=CARTESIAN_POINT('Ctrl Pts',(32.5121406055281,7.16610383766761,0.2));
#10772=CARTESIAN_POINT('Ctrl Pts',(32.4728138842259,7.21697801080289,0.2));
#10773=CARTESIAN_POINT('Ctrl Pts',(32.4536147899926,7.24181450903416,0.2));
#10774=CARTESIAN_POINT('Ctrl Pts',(32.9201904125512,7.04843141138554,0.));
#10775=CARTESIAN_POINT('Ctrl Pts',(32.9201904125512,7.04843141138554,0.2));
#10776=CARTESIAN_POINT('Ctrl Pts',(32.8550129337476,7.05776851792223,0.));
#10777=CARTESIAN_POINT('Ctrl Pts',(32.8550129337476,7.05776851792223,0.2));
#10778=CARTESIAN_POINT('Ctrl Pts',(32.7457682777741,7.07341854014023,0.));
#10779=CARTESIAN_POINT('Ctrl Pts',(32.7457682777741,7.07341854014023,0.2));
#10780=CARTESIAN_POINT('Ctrl Pts',(32.6411201135647,7.10810814703825,0.));
#10781=CARTESIAN_POINT('Ctrl Pts',(32.6411201135647,7.10810814703825,0.2));
#10782=CARTESIAN_POINT('Ctrl Pts',(32.5989070720971,7.1221012622118,0.));
#10783=CARTESIAN_POINT('Ctrl Pts',(32.5989070720971,7.1221012622118,0.2));
#10784=CARTESIAN_POINT('',(32.9201904125512,7.04843141138554,0.));
#10785=CARTESIAN_POINT('Ctrl Pts',(32.9201904125512,7.04843141138554,0.));
#10786=CARTESIAN_POINT('Ctrl Pts',(32.8550129337476,7.05776851792223,0.));
#10787=CARTESIAN_POINT('Ctrl Pts',(32.7457682777741,7.07341854014023,0.));
#10788=CARTESIAN_POINT('Ctrl Pts',(32.6411201135647,7.10810814703825,0.));
#10789=CARTESIAN_POINT('Ctrl Pts',(32.5989070720971,7.1221012622118,0.));
#10790=CARTESIAN_POINT('',(32.9201904125512,7.04843141138554,0.2));
#10791=CARTESIAN_POINT('',(32.9201904125512,7.04843141138554,0.));
#10792=CARTESIAN_POINT('Ctrl Pts',(32.9201904125512,7.04843141138554,0.2));
#10793=CARTESIAN_POINT('Ctrl Pts',(32.8550129337476,7.05776851792223,0.2));
#10794=CARTESIAN_POINT('Ctrl Pts',(32.7457682777741,7.07341854014023,0.2));
#10795=CARTESIAN_POINT('Ctrl Pts',(32.6411201135647,7.10810814703825,0.2));
#10796=CARTESIAN_POINT('Ctrl Pts',(32.5989070720971,7.1221012622118,0.2));
#10797=CARTESIAN_POINT('Ctrl Pts',(33.521827775985,6.90927721560001,0.));
#10798=CARTESIAN_POINT('Ctrl Pts',(33.521827775985,6.90927721560001,0.2));
#10799=CARTESIAN_POINT('Ctrl Pts',(33.438761428871,6.93657200207625,0.));
#10800=CARTESIAN_POINT('Ctrl Pts',(33.438761428871,6.93657200207625,0.2));
#10801=CARTESIAN_POINT('Ctrl Pts',(33.2425657990746,7.00103996062888,0.));
#10802=CARTESIAN_POINT('Ctrl Pts',(33.2425657990746,7.00103996062888,0.2));
#10803=CARTESIAN_POINT('Ctrl Pts',(33.0380926401461,7.03109895411135,0.));
#10804=CARTESIAN_POINT('Ctrl Pts',(33.0380926401461,7.03109895411135,0.2));
#10805=CARTESIAN_POINT('Ctrl Pts',(32.9201904125512,7.04843141138554,0.));
#10806=CARTESIAN_POINT('Ctrl Pts',(32.9201904125512,7.04843141138554,0.2));
#10807=CARTESIAN_POINT('',(33.521827775985,6.90927721560001,0.));
#10808=CARTESIAN_POINT('Ctrl Pts',(33.521827775985,6.90927721560001,0.));
#10809=CARTESIAN_POINT('Ctrl Pts',(33.438761428871,6.93657200207625,0.));
#10810=CARTESIAN_POINT('Ctrl Pts',(33.2425657990746,7.00103996062888,0.));
#10811=CARTESIAN_POINT('Ctrl Pts',(33.0380926401461,7.03109895411135,0.));
#10812=CARTESIAN_POINT('Ctrl Pts',(32.9201904125512,7.04843141138554,0.));
#10813=CARTESIAN_POINT('',(33.521827775985,6.90927721560001,0.2));
#10814=CARTESIAN_POINT('',(33.521827775985,6.90927721560001,0.));
#10815=CARTESIAN_POINT('Ctrl Pts',(33.521827775985,6.90927721560001,0.2));
#10816=CARTESIAN_POINT('Ctrl Pts',(33.438761428871,6.93657200207625,0.2));
#10817=CARTESIAN_POINT('Ctrl Pts',(33.2425657990746,7.00103996062888,0.2));
#10818=CARTESIAN_POINT('Ctrl Pts',(33.0380926401461,7.03109895411135,0.2));
#10819=CARTESIAN_POINT('Ctrl Pts',(32.9201904125512,7.04843141138554,0.2));
#10820=CARTESIAN_POINT('Origin',(33.521827775985,7.04433836042881,0.));
#10821=CARTESIAN_POINT('',(33.521827775985,22.7721691802144,0.));
#10822=CARTESIAN_POINT('',(33.521827775985,7.04433836042881,0.2));
#10823=CARTESIAN_POINT('Origin',(34.0109124965966,8.0000001937151,0.));
#10824=CARTESIAN_POINT('',(34.0109124965966,8.0000001937151,0.));
#10825=CARTESIAN_POINT('',(33.6261931248009,8.0000001937151,0.));
#10826=CARTESIAN_POINT('',(31.7554562482983,8.0000001937151,0.));
#10827=CARTESIAN_POINT('',(34.0109124965966,8.0000001937151,0.2));
#10828=CARTESIAN_POINT('',(34.0109124965966,8.0000001937151,0.));
#10829=CARTESIAN_POINT('',(33.6261931248009,8.0000001937151,0.2));
#10830=CARTESIAN_POINT('',(34.0109124965966,8.0000001937151,0.2));
#10831=CARTESIAN_POINT('',(33.6261931248009,8.0000001937151,0.));
#10832=CARTESIAN_POINT('Ctrl Pts',(33.9178028889,7.73908622562885,0.));
#10833=CARTESIAN_POINT('Ctrl Pts',(33.9178028889,7.73908622562885,0.2));
#10834=CARTESIAN_POINT('Ctrl Pts',(33.9276661095368,7.78415728974089,0.));
#10835=CARTESIAN_POINT('Ctrl Pts',(33.9276661095368,7.78415728974089,0.2));
#10836=CARTESIAN_POINT('Ctrl Pts',(33.9475663026799,7.87509339611248,0.));
#10837=CARTESIAN_POINT('Ctrl Pts',(33.9475663026799,7.87509339611248,0.2));
#10838=CARTESIAN_POINT('Ctrl Pts',(33.9896745472808,7.9581229462806,0.));
#10839=CARTESIAN_POINT('Ctrl Pts',(33.9896745472808,7.9581229462806,0.2));
#10840=CARTESIAN_POINT('Ctrl Pts',(34.0109124965966,8.0000001937151,0.));
#10841=CARTESIAN_POINT('Ctrl Pts',(34.0109124965966,8.0000001937151,0.2));
#10842=CARTESIAN_POINT('',(33.9178028889,7.73908622562885,0.));
#10843=CARTESIAN_POINT('Ctrl Pts',(33.9178028889,7.73908622562885,0.));
#10844=CARTESIAN_POINT('Ctrl Pts',(33.9276661095368,7.78415728974089,0.));
#10845=CARTESIAN_POINT('Ctrl Pts',(33.9475663026799,7.87509339611248,0.));
#10846=CARTESIAN_POINT('Ctrl Pts',(33.9896745472808,7.9581229462806,0.));
#10847=CARTESIAN_POINT('Ctrl Pts',(34.0109124965966,8.0000001937151,0.));
#10848=CARTESIAN_POINT('',(33.9178028889,7.73908622562885,0.2));
#10849=CARTESIAN_POINT('',(33.9178028889,7.73908622562885,0.));
#10850=CARTESIAN_POINT('Ctrl Pts',(33.9178028889,7.73908622562885,0.2));
#10851=CARTESIAN_POINT('Ctrl Pts',(33.9276661095368,7.78415728974089,0.2));
#10852=CARTESIAN_POINT('Ctrl Pts',(33.9475663026799,7.87509339611248,0.2));
#10853=CARTESIAN_POINT('Ctrl Pts',(33.9896745472808,7.9581229462806,0.2));
#10854=CARTESIAN_POINT('Ctrl Pts',(34.0109124965966,8.0000001937151,0.2));
#10855=CARTESIAN_POINT('Ctrl Pts',(33.8942685909569,7.08935894072056,0.));
#10856=CARTESIAN_POINT('Ctrl Pts',(33.8942685909569,7.08935894072056,0.2));
#10857=CARTESIAN_POINT('Ctrl Pts',(33.8934223657168,7.22923706205191,0.));
#10858=CARTESIAN_POINT('Ctrl Pts',(33.8934223657168,7.22923706205191,0.2));
#10859=CARTESIAN_POINT('Ctrl Pts',(33.8921096326026,7.44622733024445,0.));
#10860=CARTESIAN_POINT('Ctrl Pts',(33.8921096326026,7.44622733024445,0.2));
#10861=CARTESIAN_POINT('Ctrl Pts',(33.9110662486974,7.66230012325577,0.));
#10862=CARTESIAN_POINT('Ctrl Pts',(33.9110662486974,7.66230012325577,0.2));
#10863=CARTESIAN_POINT('Ctrl Pts',(33.9178028889,7.73908622562885,0.));
#10864=CARTESIAN_POINT('Ctrl Pts',(33.9178028889,7.73908622562885,0.2));
#10865=CARTESIAN_POINT('',(33.8942685909569,7.08935894072056,0.));
#10866=CARTESIAN_POINT('Ctrl Pts',(33.8942685909569,7.08935894072056,0.));
#10867=CARTESIAN_POINT('Ctrl Pts',(33.8934223657168,7.22923706205191,0.));
#10868=CARTESIAN_POINT('Ctrl Pts',(33.8921096326026,7.44622733024445,0.));
#10869=CARTESIAN_POINT('Ctrl Pts',(33.9110662486974,7.66230012325577,0.));
#10870=CARTESIAN_POINT('Ctrl Pts',(33.9178028889,7.73908622562885,0.));
#10871=CARTESIAN_POINT('',(33.8942685909569,7.08935894072056,0.2));
#10872=CARTESIAN_POINT('',(33.8942685909569,7.08935894072056,0.));
#10873=CARTESIAN_POINT('Ctrl Pts',(33.8942685909569,7.08935894072056,0.2));
#10874=CARTESIAN_POINT('Ctrl Pts',(33.8934223657168,7.22923706205191,0.2));
#10875=CARTESIAN_POINT('Ctrl Pts',(33.8921096326026,7.44622733024445,0.2));
#10876=CARTESIAN_POINT('Ctrl Pts',(33.9110662486974,7.66230012325577,0.2));
#10877=CARTESIAN_POINT('Ctrl Pts',(33.9178028889,7.73908622562885,0.2));
#10878=CARTESIAN_POINT('Origin',(33.8942685909569,6.59822665154934,0.));
#10879=CARTESIAN_POINT('',(33.8942685909569,6.59822665154934,0.));
#10880=CARTESIAN_POINT('',(33.8942685909569,22.5491133257747,0.));
#10881=CARTESIAN_POINT('',(33.8942685909569,6.59822665154934,0.2));
#10882=CARTESIAN_POINT('',(33.8942685909569,6.59822665154934,0.));
#10883=CARTESIAN_POINT('',(33.8942685909569,6.59822665154934,0.2));
#10884=CARTESIAN_POINT('Ctrl Pts',(33.8758531399071,6.25852666795254,0.));
#10885=CARTESIAN_POINT('Ctrl Pts',(33.8758531399071,6.25852666795254,0.2));
#10886=CARTESIAN_POINT('Ctrl Pts',(33.8811621712072,6.30247930372594,0.));
#10887=CARTESIAN_POINT('Ctrl Pts',(33.8811621712072,6.30247930372594,0.2));
#10888=CARTESIAN_POINT('Ctrl Pts',(33.894782407207,6.41523909703141,0.));
#10889=CARTESIAN_POINT('Ctrl Pts',(33.894782407207,6.41523909703141,0.2));
#10890=CARTESIAN_POINT('Ctrl Pts',(33.8944633083077,6.52888113777581,0.));
#10891=CARTESIAN_POINT('Ctrl Pts',(33.8944633083077,6.52888113777581,0.2));
#10892=CARTESIAN_POINT('Ctrl Pts',(33.8942685909569,6.59822665154934,0.));
#10893=CARTESIAN_POINT('Ctrl Pts',(33.8942685909569,6.59822665154934,0.2));
#10894=CARTESIAN_POINT('',(33.8758531399071,6.25852666795254,0.));
#10895=CARTESIAN_POINT('Ctrl Pts',(33.8758531399071,6.25852666795254,0.));
#10896=CARTESIAN_POINT('Ctrl Pts',(33.8811621712072,6.30247930372594,0.));
#10897=CARTESIAN_POINT('Ctrl Pts',(33.894782407207,6.41523909703141,0.));
#10898=CARTESIAN_POINT('Ctrl Pts',(33.8944633083077,6.52888113777581,0.));
#10899=CARTESIAN_POINT('Ctrl Pts',(33.8942685909569,6.59822665154934,0.));
#10900=CARTESIAN_POINT('',(33.8758531399071,6.25852666795254,0.2));
#10901=CARTESIAN_POINT('',(33.8758531399071,6.25852666795254,0.));
#10902=CARTESIAN_POINT('Ctrl Pts',(33.8758531399071,6.25852666795254,0.2));
#10903=CARTESIAN_POINT('Ctrl Pts',(33.8811621712072,6.30247930372594,0.2));
#10904=CARTESIAN_POINT('Ctrl Pts',(33.894782407207,6.41523909703141,0.2));
#10905=CARTESIAN_POINT('Ctrl Pts',(33.8944633083077,6.52888113777581,0.2));
#10906=CARTESIAN_POINT('Ctrl Pts',(33.8942685909569,6.59822665154934,0.2));
#10907=CARTESIAN_POINT('Ctrl Pts',(33.7612548656762,6.00784458220005,0.));
#10908=CARTESIAN_POINT('Ctrl Pts',(33.7612548656762,6.00784458220005,0.2));
#10909=CARTESIAN_POINT('Ctrl Pts',(33.7867230957055,6.04421962497459,0.));
#10910=CARTESIAN_POINT('Ctrl Pts',(33.7867230957055,6.04421962497459,0.2));
#10911=CARTESIAN_POINT('Ctrl Pts',(33.8402476291671,6.12066613075499,0.));
#10912=CARTESIAN_POINT('Ctrl Pts',(33.8402476291671,6.12066613075499,0.2));
#10913=CARTESIAN_POINT('Ctrl Pts',(33.8636081194928,6.21111532467369,0.));
#10914=CARTESIAN_POINT('Ctrl Pts',(33.8636081194928,6.21111532467369,0.2));
#10915=CARTESIAN_POINT('Ctrl Pts',(33.8758531399071,6.25852666795254,0.));
#10916=CARTESIAN_POINT('Ctrl Pts',(33.8758531399071,6.25852666795254,0.2));
#10917=CARTESIAN_POINT('',(33.7612548656762,6.00784458220005,0.));
#10918=CARTESIAN_POINT('Ctrl Pts',(33.7612548656762,6.00784458220005,0.));
#10919=CARTESIAN_POINT('Ctrl Pts',(33.7867230957055,6.04421962497459,0.));
#10920=CARTESIAN_POINT('Ctrl Pts',(33.8402476291671,6.12066613075499,0.));
#10921=CARTESIAN_POINT('Ctrl Pts',(33.8636081194928,6.21111532467369,0.));
#10922=CARTESIAN_POINT('Ctrl Pts',(33.8758531399071,6.25852666795254,0.));
#10923=CARTESIAN_POINT('',(33.7612548656762,6.00784458220005,0.2));
#10924=CARTESIAN_POINT('',(33.7612548656762,6.00784458220005,0.));
#10925=CARTESIAN_POINT('Ctrl Pts',(33.7612548656762,6.00784458220005,0.2));
#10926=CARTESIAN_POINT('Ctrl Pts',(33.7867230957055,6.04421962497459,0.2));
#10927=CARTESIAN_POINT('Ctrl Pts',(33.8402476291671,6.12066613075499,0.2));
#10928=CARTESIAN_POINT('Ctrl Pts',(33.8636081194928,6.21111532467369,0.2));
#10929=CARTESIAN_POINT('Ctrl Pts',(33.8758531399071,6.25852666795254,0.2));
#10930=CARTESIAN_POINT('Ctrl Pts',(33.5054555721581,5.84311060607433,0.));
#10931=CARTESIAN_POINT('Ctrl Pts',(33.5054555721581,5.84311060607433,0.2));
#10932=CARTESIAN_POINT('Ctrl Pts',(33.5579422765535,5.86445854053422,0.));
#10933=CARTESIAN_POINT('Ctrl Pts',(33.5579422765535,5.86445854053422,0.2));
#10934=CARTESIAN_POINT('Ctrl Pts',(33.6537565640425,5.90342911704877,0.));
#10935=CARTESIAN_POINT('Ctrl Pts',(33.6537565640425,5.90342911704877,0.2));
#10936=CARTESIAN_POINT('Ctrl Pts',(33.7277808180947,5.97533050341371,0.));
#10937=CARTESIAN_POINT('Ctrl Pts',(33.7277808180947,5.97533050341371,0.2));
#10938=CARTESIAN_POINT('Ctrl Pts',(33.7612548656762,6.00784458220005,0.));
#10939=CARTESIAN_POINT('Ctrl Pts',(33.7612548656762,6.00784458220005,0.2));
#10940=CARTESIAN_POINT('',(33.5054555721581,5.84311060607433,0.));
#10941=CARTESIAN_POINT('Ctrl Pts',(33.5054555721581,5.84311060607433,0.));
#10942=CARTESIAN_POINT('Ctrl Pts',(33.5579422765535,5.86445854053422,0.));
#10943=CARTESIAN_POINT('Ctrl Pts',(33.6537565640425,5.90342911704877,0.));
#10944=CARTESIAN_POINT('Ctrl Pts',(33.7277808180947,5.97533050341371,0.));
#10945=CARTESIAN_POINT('Ctrl Pts',(33.7612548656762,6.00784458220005,0.));
#10946=CARTESIAN_POINT('',(33.5054555721581,5.84311060607433,0.2));
#10947=CARTESIAN_POINT('',(33.5054555721581,5.84311060607433,0.));
#10948=CARTESIAN_POINT('Ctrl Pts',(33.5054555721581,5.84311060607433,0.2));
#10949=CARTESIAN_POINT('Ctrl Pts',(33.5579422765535,5.86445854053422,0.2));
#10950=CARTESIAN_POINT('Ctrl Pts',(33.6537565640425,5.90342911704877,0.2));
#10951=CARTESIAN_POINT('Ctrl Pts',(33.7277808180947,5.97533050341371,0.2));
#10952=CARTESIAN_POINT('Ctrl Pts',(33.7612548656762,6.00784458220005,0.2));
#10953=CARTESIAN_POINT('Ctrl Pts',(33.0532041378319,5.77762626111507,0.));
#10954=CARTESIAN_POINT('Ctrl Pts',(33.0532041378319,5.77762626111507,0.2));
#10955=CARTESIAN_POINT('Ctrl Pts',(33.1378976141226,5.77905231690865,0.));
#10956=CARTESIAN_POINT('Ctrl Pts',(33.1378976141226,5.77905231690865,0.2));
#10957=CARTESIAN_POINT('Ctrl Pts',(33.2916108551835,5.78164051693968,0.));
#10958=CARTESIAN_POINT('Ctrl Pts',(33.2916108551835,5.78164051693968,0.2));
#10959=CARTESIAN_POINT('Ctrl Pts',(33.4391900808454,5.82406245882445,0.));
#10960=CARTESIAN_POINT('Ctrl Pts',(33.4391900808454,5.82406245882445,0.2));
#10961=CARTESIAN_POINT('Ctrl Pts',(33.5054555721581,5.84311060607433,0.));
#10962=CARTESIAN_POINT('Ctrl Pts',(33.5054555721581,5.84311060607433,0.2));
#10963=CARTESIAN_POINT('',(33.0532041378319,5.77762626111507,0.));
#10964=CARTESIAN_POINT('Ctrl Pts',(33.0532041378319,5.77762626111507,0.));
#10965=CARTESIAN_POINT('Ctrl Pts',(33.1378976141226,5.77905231690865,0.));
#10966=CARTESIAN_POINT('Ctrl Pts',(33.2916108551835,5.78164051693968,0.));
#10967=CARTESIAN_POINT('Ctrl Pts',(33.4391900808454,5.82406245882445,0.));
#10968=CARTESIAN_POINT('Ctrl Pts',(33.5054555721581,5.84311060607433,0.));
#10969=CARTESIAN_POINT('',(33.0532041378319,5.77762626111507,0.2));
#10970=CARTESIAN_POINT('',(33.0532041378319,5.77762626111507,0.));
#10971=CARTESIAN_POINT('Ctrl Pts',(33.0532041378319,5.77762626111507,0.2));
#10972=CARTESIAN_POINT('Ctrl Pts',(33.1378976141226,5.77905231690865,0.2));
#10973=CARTESIAN_POINT('Ctrl Pts',(33.2916108551835,5.78164051693968,0.2));
#10974=CARTESIAN_POINT('Ctrl Pts',(33.4391900808454,5.82406245882445,0.2));
#10975=CARTESIAN_POINT('Ctrl Pts',(33.5054555721581,5.84311060607433,0.2));
#10976=CARTESIAN_POINT('Ctrl Pts',(32.5600257702172,5.85436575114727,0.));
#10977=CARTESIAN_POINT('Ctrl Pts',(32.5600257702172,5.85436575114727,0.2));
#10978=CARTESIAN_POINT('Ctrl Pts',(32.6360845567027,5.83200152415914,0.));
#10979=CARTESIAN_POINT('Ctrl Pts',(32.6360845567027,5.83200152415914,0.2));
#10980=CARTESIAN_POINT('Ctrl Pts',(32.7969903118562,5.78468900448554,0.));
#10981=CARTESIAN_POINT('Ctrl Pts',(32.7969903118562,5.78468900448554,0.2));
#10982=CARTESIAN_POINT('Ctrl Pts',(32.9647454378557,5.78006469742677,0.));
#10983=CARTESIAN_POINT('Ctrl Pts',(32.9647454378557,5.78006469742677,0.2));
#10984=CARTESIAN_POINT('Ctrl Pts',(33.0532041378319,5.77762626111507,0.));
#10985=CARTESIAN_POINT('Ctrl Pts',(33.0532041378319,5.77762626111507,0.2));
#10986=CARTESIAN_POINT('',(32.5600257702172,5.85436575114727,0.));
#10987=CARTESIAN_POINT('Ctrl Pts',(32.5600257702172,5.85436575114727,0.));
#10988=CARTESIAN_POINT('Ctrl Pts',(32.6360845567027,5.83200152415914,0.));
#10989=CARTESIAN_POINT('Ctrl Pts',(32.7969903118562,5.78468900448554,0.));
#10990=CARTESIAN_POINT('Ctrl Pts',(32.9647454378557,5.78006469742677,0.));
#10991=CARTESIAN_POINT('Ctrl Pts',(33.0532041378319,5.77762626111507,0.));
#10992=CARTESIAN_POINT('',(32.5600257702172,5.85436575114727,0.2));
#10993=CARTESIAN_POINT('',(32.5600257702172,5.85436575114727,0.));
#10994=CARTESIAN_POINT('Ctrl Pts',(32.5600257702172,5.85436575114727,0.2));
#10995=CARTESIAN_POINT('Ctrl Pts',(32.6360845567027,5.83200152415914,0.2));
#10996=CARTESIAN_POINT('Ctrl Pts',(32.7969903118562,5.78468900448554,0.2));
#10997=CARTESIAN_POINT('Ctrl Pts',(32.9647454378557,5.78006469742677,0.2));
#10998=CARTESIAN_POINT('Ctrl Pts',(33.0532041378319,5.77762626111507,0.2));
#10999=CARTESIAN_POINT('Ctrl Pts',(32.2346511669457,6.07332892715931,0.));
#11000=CARTESIAN_POINT('Ctrl Pts',(32.2346511669457,6.07332892715931,0.2));
#11001=CARTESIAN_POINT('Ctrl Pts',(32.2782131284612,6.02800360726206,0.));
#11002=CARTESIAN_POINT('Ctrl Pts',(32.2782131284612,6.02800360726206,0.2));
#11003=CARTESIAN_POINT('Ctrl Pts',(32.3707294894081,5.93174224735628,0.));
#11004=CARTESIAN_POINT('Ctrl Pts',(32.3707294894081,5.93174224735628,0.2));
#11005=CARTESIAN_POINT('Ctrl Pts',(32.494521875866,5.88114103596152,0.));
#11006=CARTESIAN_POINT('Ctrl Pts',(32.494521875866,5.88114103596152,0.2));
#11007=CARTESIAN_POINT('Ctrl Pts',(32.5600257702172,5.85436575114727,0.));
#11008=CARTESIAN_POINT('Ctrl Pts',(32.5600257702172,5.85436575114727,0.2));
#11009=CARTESIAN_POINT('',(32.2346511669457,6.07332892715931,0.));
#11010=CARTESIAN_POINT('Ctrl Pts',(32.2346511669457,6.07332892715931,0.));
#11011=CARTESIAN_POINT('Ctrl Pts',(32.2782131284612,6.02800360726206,0.));
#11012=CARTESIAN_POINT('Ctrl Pts',(32.3707294894081,5.93174224735628,0.));
#11013=CARTESIAN_POINT('Ctrl Pts',(32.494521875866,5.88114103596152,0.));
#11014=CARTESIAN_POINT('Ctrl Pts',(32.5600257702172,5.85436575114727,0.));
#11015=CARTESIAN_POINT('',(32.2346511669457,6.07332892715931,0.2));
#11016=CARTESIAN_POINT('',(32.2346511669457,6.07332892715931,0.));
#11017=CARTESIAN_POINT('Ctrl Pts',(32.2346511669457,6.07332892715931,0.2));
#11018=CARTESIAN_POINT('Ctrl Pts',(32.2782131284612,6.02800360726206,0.2));
#11019=CARTESIAN_POINT('Ctrl Pts',(32.3707294894081,5.93174224735628,0.2));
#11020=CARTESIAN_POINT('Ctrl Pts',(32.494521875866,5.88114103596152,0.2));
#11021=CARTESIAN_POINT('Ctrl Pts',(32.5600257702172,5.85436575114727,0.2));
#11022=CARTESIAN_POINT('Ctrl Pts',(32.0729890652001,6.4467940479517,0.));
#11023=CARTESIAN_POINT('Ctrl Pts',(32.0729890652001,6.4467940479517,0.2));
#11024=CARTESIAN_POINT('Ctrl Pts',(32.0905556881771,6.37532247951435,0.));
#11025=CARTESIAN_POINT('Ctrl Pts',(32.0905556881771,6.37532247951435,0.2));
#11026=CARTESIAN_POINT('Ctrl Pts',(32.1234366487947,6.24154299155304,0.));
#11027=CARTESIAN_POINT('Ctrl Pts',(32.1234366487947,6.24154299155304,0.2));
#11028=CARTESIAN_POINT('Ctrl Pts',(32.1993121039446,6.12677992904392,0.));
#11029=CARTESIAN_POINT('Ctrl Pts',(32.1993121039446,6.12677992904392,0.2));
#11030=CARTESIAN_POINT('Ctrl Pts',(32.2346511669457,6.07332892715931,0.));
#11031=CARTESIAN_POINT('Ctrl Pts',(32.2346511669457,6.07332892715931,0.2));
#11032=CARTESIAN_POINT('',(32.0729890652001,6.4467940479517,0.));
#11033=CARTESIAN_POINT('Ctrl Pts',(32.0729890652001,6.4467940479517,0.));
#11034=CARTESIAN_POINT('Ctrl Pts',(32.0905556881771,6.37532247951435,0.));
#11035=CARTESIAN_POINT('Ctrl Pts',(32.1234366487947,6.24154299155304,0.));
#11036=CARTESIAN_POINT('Ctrl Pts',(32.1993121039446,6.12677992904392,0.));
#11037=CARTESIAN_POINT('Ctrl Pts',(32.2346511669457,6.07332892715931,0.));
#11038=CARTESIAN_POINT('',(32.0729890652001,6.4467940479517,0.2));
#11039=CARTESIAN_POINT('',(32.0729890652001,6.4467940479517,0.));
#11040=CARTESIAN_POINT('Ctrl Pts',(32.0729890652001,6.4467940479517,0.2));
#11041=CARTESIAN_POINT('Ctrl Pts',(32.0905556881771,6.37532247951435,0.2));
#11042=CARTESIAN_POINT('Ctrl Pts',(32.1234366487947,6.24154299155304,0.2));
#11043=CARTESIAN_POINT('Ctrl Pts',(32.1993121039446,6.12677992904392,0.2));
#11044=CARTESIAN_POINT('Ctrl Pts',(32.2346511669457,6.07332892715931,0.2));
#11045=CARTESIAN_POINT('Origin',(32.4331513233483,6.49590738117695,0.));
#11046=CARTESIAN_POINT('',(32.4331513233483,6.49590738117695,0.));
#11047=CARTESIAN_POINT('',(33.1356234697672,6.59169961878096,0.));
#11048=CARTESIAN_POINT('',(32.4331513233483,6.49590738117695,0.2));
#11049=CARTESIAN_POINT('',(32.4331513233483,6.49590738117695,0.));
#11050=CARTESIAN_POINT('',(32.4331513233483,6.49590738117695,0.2));
#11051=CARTESIAN_POINT('Ctrl Pts',(32.6163020916283,6.17360167205334,0.));
#11052=CARTESIAN_POINT('Ctrl Pts',(32.6163020916283,6.17360167205334,0.2));
#11053=CARTESIAN_POINT('Ctrl Pts',(32.5768651637832,6.21353043099795,0.));
#11054=CARTESIAN_POINT('Ctrl Pts',(32.5768651637832,6.21353043099795,0.2));
#11055=CARTESIAN_POINT('Ctrl Pts',(32.4874385100321,6.30407235441727,0.));
#11056=CARTESIAN_POINT('Ctrl Pts',(32.4874385100321,6.30407235441727,0.2));
#11057=CARTESIAN_POINT('Ctrl Pts',(32.4526167662841,6.42712220377911,0.));
#11058=CARTESIAN_POINT('Ctrl Pts',(32.4526167662841,6.42712220377911,0.2));
#11059=CARTESIAN_POINT('Ctrl Pts',(32.4331513233483,6.49590738117695,0.));
#11060=CARTESIAN_POINT('Ctrl Pts',(32.4331513233483,6.49590738117695,0.2));
#11061=CARTESIAN_POINT('',(32.6163020916283,6.17360167205334,0.));
#11062=CARTESIAN_POINT('Ctrl Pts',(32.6163020916283,6.17360167205334,0.));
#11063=CARTESIAN_POINT('Ctrl Pts',(32.5768651637832,6.21353043099795,0.));
#11064=CARTESIAN_POINT('Ctrl Pts',(32.4874385100321,6.30407235441727,0.));
#11065=CARTESIAN_POINT('Ctrl Pts',(32.4526167662841,6.42712220377911,0.));
#11066=CARTESIAN_POINT('Ctrl Pts',(32.4331513233483,6.49590738117695,0.));
#11067=CARTESIAN_POINT('',(32.6163020916283,6.17360167205334,0.2));
#11068=CARTESIAN_POINT('',(32.6163020916283,6.17360167205334,0.));
#11069=CARTESIAN_POINT('Ctrl Pts',(32.6163020916283,6.17360167205334,0.2));
#11070=CARTESIAN_POINT('Ctrl Pts',(32.5768651637832,6.21353043099795,0.2));
#11071=CARTESIAN_POINT('Ctrl Pts',(32.4874385100321,6.30407235441727,0.2));
#11072=CARTESIAN_POINT('Ctrl Pts',(32.4526167662841,6.42712220377911,0.2));
#11073=CARTESIAN_POINT('Ctrl Pts',(32.4331513233483,6.49590738117695,0.2));
#11074=CARTESIAN_POINT('Ctrl Pts',(32.9999986477196,6.0825376957655,0.));
#11075=CARTESIAN_POINT('Ctrl Pts',(32.9999986477196,6.0825376957655,0.2));
#11076=CARTESIAN_POINT('Ctrl Pts',(32.9230472514702,6.08373570793454,0.));
#11077=CARTESIAN_POINT('Ctrl Pts',(32.9230472514702,6.08373570793454,0.2));
#11078=CARTESIAN_POINT('Ctrl Pts',(32.7878017848095,6.0858412670636,0.));
#11079=CARTESIAN_POINT('Ctrl Pts',(32.7878017848095,6.0858412670636,0.2));
#11080=CARTESIAN_POINT('Ctrl Pts',(32.6679577654047,6.14716825537171,0.));
#11081=CARTESIAN_POINT('Ctrl Pts',(32.6679577654047,6.14716825537171,0.2));
#11082=CARTESIAN_POINT('Ctrl Pts',(32.6163020916283,6.17360167205334,0.));
#11083=CARTESIAN_POINT('Ctrl Pts',(32.6163020916283,6.17360167205334,0.2));
#11084=CARTESIAN_POINT('',(32.9999986477196,6.0825376957655,0.));
#11085=CARTESIAN_POINT('Ctrl Pts',(32.9999986477196,6.0825376957655,0.));
#11086=CARTESIAN_POINT('Ctrl Pts',(32.9230472514702,6.08373570793454,0.));
#11087=CARTESIAN_POINT('Ctrl Pts',(32.7878017848095,6.0858412670636,0.));
#11088=CARTESIAN_POINT('Ctrl Pts',(32.6679577654047,6.14716825537171,0.));
#11089=CARTESIAN_POINT('Ctrl Pts',(32.6163020916283,6.17360167205334,0.));
#11090=CARTESIAN_POINT('',(32.9999986477196,6.0825376957655,0.2));
#11091=CARTESIAN_POINT('',(32.9999986477196,6.0825376957655,0.));
#11092=CARTESIAN_POINT('Ctrl Pts',(32.9999986477196,6.0825376957655,0.2));
#11093=CARTESIAN_POINT('Ctrl Pts',(32.9230472514702,6.08373570793454,0.2));
#11094=CARTESIAN_POINT('Ctrl Pts',(32.7878017848095,6.0858412670636,0.2));
#11095=CARTESIAN_POINT('Ctrl Pts',(32.6679577654047,6.14716825537171,0.2));
#11096=CARTESIAN_POINT('Ctrl Pts',(32.6163020916283,6.17360167205334,0.2));
#11097=CARTESIAN_POINT('Ctrl Pts',(33.4195080585778,6.20736710727215,0.));
#11098=CARTESIAN_POINT('Ctrl Pts',(33.4195080585778,6.20736710727215,0.2));
#11099=CARTESIAN_POINT('Ctrl Pts',(33.3626399424479,6.17106406589016,0.));
#11100=CARTESIAN_POINT('Ctrl Pts',(33.3626399424479,6.17106406589016,0.2));
#11101=CARTESIAN_POINT('Ctrl Pts',(33.2354289202797,6.08985604782487,0.));
#11102=CARTESIAN_POINT('Ctrl Pts',(33.2354289202797,6.08985604782487,0.2));
#11103=CARTESIAN_POINT('Ctrl Pts',(33.0838281604588,6.08514353689425,0.));
#11104=CARTESIAN_POINT('Ctrl Pts',(33.0838281604588,6.08514353689425,0.2));
#11105=CARTESIAN_POINT('Ctrl Pts',(32.9999986477196,6.0825376957655,0.));
#11106=CARTESIAN_POINT('Ctrl Pts',(32.9999986477196,6.0825376957655,0.2));
#11107=CARTESIAN_POINT('',(33.4195080585778,6.20736710727215,0.));
#11108=CARTESIAN_POINT('Ctrl Pts',(33.4195080585778,6.20736710727215,0.));
#11109=CARTESIAN_POINT('Ctrl Pts',(33.3626399424479,6.17106406589016,0.));
#11110=CARTESIAN_POINT('Ctrl Pts',(33.2354289202797,6.08985604782487,0.));
#11111=CARTESIAN_POINT('Ctrl Pts',(33.0838281604588,6.08514353689425,0.));
#11112=CARTESIAN_POINT('Ctrl Pts',(32.9999986477196,6.0825376957655,0.));
#11113=CARTESIAN_POINT('',(33.4195080585778,6.20736710727215,0.2));
#11114=CARTESIAN_POINT('',(33.4195080585778,6.20736710727215,0.));
#11115=CARTESIAN_POINT('Ctrl Pts',(33.4195080585778,6.20736710727215,0.2));
#11116=CARTESIAN_POINT('Ctrl Pts',(33.3626399424479,6.17106406589016,0.2));
#11117=CARTESIAN_POINT('Ctrl Pts',(33.2354289202797,6.08985604782487,0.2));
#11118=CARTESIAN_POINT('Ctrl Pts',(33.0838281604588,6.08514353689425,0.2));
#11119=CARTESIAN_POINT('Ctrl Pts',(32.9999986477196,6.0825376957655,0.2));
#11120=CARTESIAN_POINT('Ctrl Pts',(33.5238757915795,6.52455680072308,0.));
#11121=CARTESIAN_POINT('Ctrl Pts',(33.5238757915795,6.52455680072308,0.2));
#11122=CARTESIAN_POINT('Ctrl Pts',(33.5224058777879,6.45799588385929,0.));
#11123=CARTESIAN_POINT('Ctrl Pts',(33.5224058777879,6.45799588385929,0.2));
#11124=CARTESIAN_POINT('Ctrl Pts',(33.5198140667675,6.34063300255012,0.));
#11125=CARTESIAN_POINT('Ctrl Pts',(33.5198140667675,6.34063300255012,0.2));
#11126=CARTESIAN_POINT('Ctrl Pts',(33.4498101246181,6.24762623065383,0.));
#11127=CARTESIAN_POINT('Ctrl Pts',(33.4498101246181,6.24762623065383,0.2));
#11128=CARTESIAN_POINT('Ctrl Pts',(33.4195080585778,6.20736710727215,0.));
#11129=CARTESIAN_POINT('Ctrl Pts',(33.4195080585778,6.20736710727215,0.2));
#11130=CARTESIAN_POINT('',(33.5238757915795,6.52455680072308,0.));
#11131=CARTESIAN_POINT('Ctrl Pts',(33.5238757915795,6.52455680072308,0.));
#11132=CARTESIAN_POINT('Ctrl Pts',(33.5224058777879,6.45799588385929,0.));
#11133=CARTESIAN_POINT('Ctrl Pts',(33.5198140667675,6.34063300255012,0.));
#11134=CARTESIAN_POINT('Ctrl Pts',(33.4498101246181,6.24762623065383,0.));
#11135=CARTESIAN_POINT('Ctrl Pts',(33.4195080585778,6.20736710727215,0.));
#11136=CARTESIAN_POINT('',(33.5238757915795,6.52455680072308,0.2));
#11137=CARTESIAN_POINT('',(33.5238757915795,6.52455680072308,0.));
#11138=CARTESIAN_POINT('Ctrl Pts',(33.5238757915795,6.52455680072308,0.2));
#11139=CARTESIAN_POINT('Ctrl Pts',(33.5224058777879,6.45799588385929,0.2));
#11140=CARTESIAN_POINT('Ctrl Pts',(33.5198140667675,6.34063300255012,0.2));
#11141=CARTESIAN_POINT('Ctrl Pts',(33.4498101246181,6.24762623065383,0.2));
#11142=CARTESIAN_POINT('Ctrl Pts',(33.4195080585778,6.20736710727215,0.2));
#11143=CARTESIAN_POINT('Ctrl Pts',(33.521827775985,6.6207367926836,0.));
#11144=CARTESIAN_POINT('Ctrl Pts',(33.521827775985,6.6207367926836,0.2));
#11145=CARTESIAN_POINT('Ctrl Pts',(33.5224049656705,6.60010370947382,0.));
#11146=CARTESIAN_POINT('Ctrl Pts',(33.5224049656705,6.60010370947382,0.2));
#11147=CARTESIAN_POINT('Ctrl Pts',(33.5233016927166,6.56804796727653,0.));
#11148=CARTESIAN_POINT('Ctrl Pts',(33.5233016927166,6.56804796727653,0.2));
#11149=CARTESIAN_POINT('Ctrl Pts',(33.5237249641489,6.53598281343219,0.));
#11150=CARTESIAN_POINT('Ctrl Pts',(33.5237249641489,6.53598281343219,0.2));
#11151=CARTESIAN_POINT('Ctrl Pts',(33.5238757915795,6.52455680072308,0.));
#11152=CARTESIAN_POINT('Ctrl Pts',(33.5238757915795,6.52455680072308,0.2));
#11153=CARTESIAN_POINT('',(33.521827775985,6.6207367926836,0.));
#11154=CARTESIAN_POINT('Ctrl Pts',(33.521827775985,6.6207367926836,0.));
#11155=CARTESIAN_POINT('Ctrl Pts',(33.5224049656705,6.60010370947382,0.));
#11156=CARTESIAN_POINT('Ctrl Pts',(33.5233016927166,6.56804796727653,0.));
#11157=CARTESIAN_POINT('Ctrl Pts',(33.5237249641489,6.53598281343219,0.));
#11158=CARTESIAN_POINT('Ctrl Pts',(33.5238757915795,6.52455680072308,0.));
#11159=CARTESIAN_POINT('',(33.521827775985,6.6207367926836,0.2));
#11160=CARTESIAN_POINT('',(33.521827775985,6.6207367926836,0.));
#11161=CARTESIAN_POINT('Ctrl Pts',(33.521827775985,6.6207367926836,0.2));
#11162=CARTESIAN_POINT('Ctrl Pts',(33.5224049656705,6.60010370947382,0.2));
#11163=CARTESIAN_POINT('Ctrl Pts',(33.5233016927166,6.56804796727653,0.2));
#11164=CARTESIAN_POINT('Ctrl Pts',(33.5237249641489,6.53598281343219,0.2));
#11165=CARTESIAN_POINT('Ctrl Pts',(33.5238757915795,6.52455680072308,0.2));
#11166=CARTESIAN_POINT('Ctrl Pts',(32.8649392910302,6.74761272966862,0.));
#11167=CARTESIAN_POINT('Ctrl Pts',(32.8649392910302,6.74761272966862,0.2));
#11168=CARTESIAN_POINT('Ctrl Pts',(32.9947824265317,6.73189350885102,0.));
#11169=CARTESIAN_POINT('Ctrl Pts',(32.9947824265317,6.73189350885102,0.2));
#11170=CARTESIAN_POINT('Ctrl Pts',(33.2168560976627,6.70500856756551,0.));
#11171=CARTESIAN_POINT('Ctrl Pts',(33.2168560976627,6.70500856756551,0.2));
#11172=CARTESIAN_POINT('Ctrl Pts',(33.4323358104354,6.64546579970491,0.));
#11173=CARTESIAN_POINT('Ctrl Pts',(33.4323358104354,6.64546579970491,0.2));
#11174=CARTESIAN_POINT('Ctrl Pts',(33.521827775985,6.6207367926836,0.));
#11175=CARTESIAN_POINT('Ctrl Pts',(33.521827775985,6.6207367926836,0.2));
#11176=CARTESIAN_POINT('',(32.8649392910302,6.74761272966862,0.));
#11177=CARTESIAN_POINT('Ctrl Pts',(32.8649392910302,6.74761272966862,0.));
#11178=CARTESIAN_POINT('Ctrl Pts',(32.9947824265317,6.73189350885102,0.));
#11179=CARTESIAN_POINT('Ctrl Pts',(33.2168560976627,6.70500856756551,0.));
#11180=CARTESIAN_POINT('Ctrl Pts',(33.4323358104354,6.64546579970491,0.));
#11181=CARTESIAN_POINT('Ctrl Pts',(33.521827775985,6.6207367926836,0.));
#11182=CARTESIAN_POINT('',(32.8649392910302,6.74761272966862,0.2));
#11183=CARTESIAN_POINT('',(32.8649392910302,6.74761272966862,0.));
#11184=CARTESIAN_POINT('Ctrl Pts',(32.8649392910302,6.74761272966862,0.2));
#11185=CARTESIAN_POINT('Ctrl Pts',(32.9947824265317,6.73189350885102,0.2));
#11186=CARTESIAN_POINT('Ctrl Pts',(33.2168560976627,6.70500856756551,0.2));
#11187=CARTESIAN_POINT('Ctrl Pts',(33.4323358104354,6.64546579970491,0.2));
#11188=CARTESIAN_POINT('Ctrl Pts',(33.521827775985,6.6207367926836,0.2));
#11189=CARTESIAN_POINT('Ctrl Pts',(32.5375166721642,6.80286504328251,0.));
#11190=CARTESIAN_POINT('Ctrl Pts',(32.5375166721642,6.80286504328251,0.2));
#11191=CARTESIAN_POINT('Ctrl Pts',(32.5827741505315,6.79288355672061,0.));
#11192=CARTESIAN_POINT('Ctrl Pts',(32.5827741505315,6.79288355672061,0.2));
#11193=CARTESIAN_POINT('Ctrl Pts',(32.690967368925,6.76902166263279,0.));
#11194=CARTESIAN_POINT('Ctrl Pts',(32.690967368925,6.76902166263279,0.2));
#11195=CARTESIAN_POINT('Ctrl Pts',(32.8009580001804,6.75548624828121,0.));
#11196=CARTESIAN_POINT('Ctrl Pts',(32.8009580001804,6.75548624828121,0.2));
#11197=CARTESIAN_POINT('Ctrl Pts',(32.8649392910302,6.74761272966862,0.));
#11198=CARTESIAN_POINT('Ctrl Pts',(32.8649392910302,6.74761272966862,0.2));
#11199=CARTESIAN_POINT('',(32.5375166721642,6.80286504328251,0.));
#11200=CARTESIAN_POINT('Ctrl Pts',(32.5375166721642,6.80286504328251,0.));
#11201=CARTESIAN_POINT('Ctrl Pts',(32.5827741505315,6.79288355672061,0.));
#11202=CARTESIAN_POINT('Ctrl Pts',(32.690967368925,6.76902166263279,0.));
#11203=CARTESIAN_POINT('Ctrl Pts',(32.8009580001804,6.75548624828121,0.));
#11204=CARTESIAN_POINT('Ctrl Pts',(32.8649392910302,6.74761272966862,0.));
#11205=CARTESIAN_POINT('',(32.5375166721642,6.80286504328251,0.2));
#11206=CARTESIAN_POINT('',(32.5375166721642,6.80286504328251,0.));
#11207=CARTESIAN_POINT('Ctrl Pts',(32.5375166721642,6.80286504328251,0.2));
#11208=CARTESIAN_POINT('Ctrl Pts',(32.5827741505315,6.79288355672061,0.2));
#11209=CARTESIAN_POINT('Ctrl Pts',(32.690967368925,6.76902166263279,0.2));
#11210=CARTESIAN_POINT('Ctrl Pts',(32.8009580001804,6.75548624828121,0.2));
#11211=CARTESIAN_POINT('Ctrl Pts',(32.8649392910302,6.74761272966862,0.2));
#11212=CARTESIAN_POINT('Ctrl Pts',(32.2725096531212,6.92360199987888,0.));
#11213=CARTESIAN_POINT('Ctrl Pts',(32.2725096531212,6.92360199987888,0.2));
#11214=CARTESIAN_POINT('Ctrl Pts',(32.3134087359202,6.89849815653184,0.));
#11215=CARTESIAN_POINT('Ctrl Pts',(32.3134087359202,6.89849815653184,0.2));
#11216=CARTESIAN_POINT('Ctrl Pts',(32.3967532494501,6.84734132199416,0.));
#11217=CARTESIAN_POINT('Ctrl Pts',(32.3967532494501,6.84734132199416,0.2));
#11218=CARTESIAN_POINT('Ctrl Pts',(32.4900187251433,6.81787271991611,0.));
#11219=CARTESIAN_POINT('Ctrl Pts',(32.4900187251433,6.81787271991611,0.2));
#11220=CARTESIAN_POINT('Ctrl Pts',(32.5375166721642,6.80286504328251,0.));
#11221=CARTESIAN_POINT('Ctrl Pts',(32.5375166721642,6.80286504328251,0.2));
#11222=CARTESIAN_POINT('',(32.2725096531212,6.92360199987888,0.));
#11223=CARTESIAN_POINT('Ctrl Pts',(32.2725096531212,6.92360199987888,0.));
#11224=CARTESIAN_POINT('Ctrl Pts',(32.3134087359202,6.89849815653184,0.));
#11225=CARTESIAN_POINT('Ctrl Pts',(32.3967532494501,6.84734132199416,0.));
#11226=CARTESIAN_POINT('Ctrl Pts',(32.4900187251433,6.81787271991611,0.));
#11227=CARTESIAN_POINT('Ctrl Pts',(32.5375166721642,6.80286504328251,0.));
#11228=CARTESIAN_POINT('',(32.2725096531212,6.92360199987888,0.2));
#11229=CARTESIAN_POINT('',(32.2725096531212,6.92360199987888,0.));
#11230=CARTESIAN_POINT('Ctrl Pts',(32.2725096531212,6.92360199987888,0.2));
#11231=CARTESIAN_POINT('Ctrl Pts',(32.3134087359202,6.89849815653184,0.2));
#11232=CARTESIAN_POINT('Ctrl Pts',(32.3967532494501,6.84734132199416,0.2));
#11233=CARTESIAN_POINT('Ctrl Pts',(32.4900187251433,6.81787271991611,0.2));
#11234=CARTESIAN_POINT('Ctrl Pts',(32.5375166721642,6.80286504328251,0.2));
#11235=CARTESIAN_POINT('Ctrl Pts',(32.082196790725,7.13540263473988,0.));
#11236=CARTESIAN_POINT('Ctrl Pts',(32.082196790725,7.13540263473988,0.2));
#11237=CARTESIAN_POINT('Ctrl Pts',(32.1079838587065,7.09378772790265,0.));
#11238=CARTESIAN_POINT('Ctrl Pts',(32.1079838587065,7.09378772790265,0.2));
#11239=CARTESIAN_POINT('Ctrl Pts',(32.1587904920918,7.01179650204635,0.));
#11240=CARTESIAN_POINT('Ctrl Pts',(32.1587904920918,7.01179650204635,0.2));
#11241=CARTESIAN_POINT('Ctrl Pts',(32.2349869494584,6.95270260297482,0.));
#11242=CARTESIAN_POINT('Ctrl Pts',(32.2349869494584,6.95270260297482,0.2));
#11243=CARTESIAN_POINT('Ctrl Pts',(32.2725096531212,6.92360199987888,0.));
#11244=CARTESIAN_POINT('Ctrl Pts',(32.2725096531212,6.92360199987888,0.2));
#11245=CARTESIAN_POINT('',(32.082196790725,7.13540263473988,0.));
#11246=CARTESIAN_POINT('Ctrl Pts',(32.082196790725,7.13540263473988,0.));
#11247=CARTESIAN_POINT('Ctrl Pts',(32.1079838587065,7.09378772790265,0.));
#11248=CARTESIAN_POINT('Ctrl Pts',(32.1587904920918,7.01179650204635,0.));
#11249=CARTESIAN_POINT('Ctrl Pts',(32.2349869494584,6.95270260297482,0.));
#11250=CARTESIAN_POINT('Ctrl Pts',(32.2725096531212,6.92360199987888,0.));
#11251=CARTESIAN_POINT('',(32.082196790725,7.13540263473988,0.2));
#11252=CARTESIAN_POINT('',(32.082196790725,7.13540263473988,0.));
#11253=CARTESIAN_POINT('Ctrl Pts',(32.082196790725,7.13540263473988,0.2));
#11254=CARTESIAN_POINT('Ctrl Pts',(32.1079838587065,7.09378772790265,0.2));
#11255=CARTESIAN_POINT('Ctrl Pts',(32.1587904920918,7.01179650204635,0.2));
#11256=CARTESIAN_POINT('Ctrl Pts',(32.2349869494584,6.95270260297482,0.2));
#11257=CARTESIAN_POINT('Ctrl Pts',(32.2725096531212,6.92360199987888,0.2));
#11258=CARTESIAN_POINT('Ctrl Pts',(32.0095506496727,7.427012398839,0.));
#11259=CARTESIAN_POINT('Ctrl Pts',(32.0095506496727,7.427012398839,0.2));
#11260=CARTESIAN_POINT('Ctrl Pts',(32.0123895514032,7.37530119275537,0.));
#11261=CARTESIAN_POINT('Ctrl Pts',(32.0123895514032,7.37530119275537,0.2));
#11262=CARTESIAN_POINT('Ctrl Pts',(32.0179827266101,7.27342030245286,0.));
#11263=CARTESIAN_POINT('Ctrl Pts',(32.0179827266101,7.27342030245286,0.2));
#11264=CARTESIAN_POINT('Ctrl Pts',(32.0610091080793,7.18094210624522,0.));
#11265=CARTESIAN_POINT('Ctrl Pts',(32.0610091080793,7.18094210624522,0.2));
#11266=CARTESIAN_POINT('Ctrl Pts',(32.082196790725,7.13540263473988,0.));
#11267=CARTESIAN_POINT('Ctrl Pts',(32.082196790725,7.13540263473988,0.2));
#11268=CARTESIAN_POINT('',(32.0095506496727,7.427012398839,0.));
#11269=CARTESIAN_POINT('Ctrl Pts',(32.0095506496727,7.427012398839,0.));
#11270=CARTESIAN_POINT('Ctrl Pts',(32.0123895514032,7.37530119275537,0.));
#11271=CARTESIAN_POINT('Ctrl Pts',(32.0179827266101,7.27342030245286,0.));
#11272=CARTESIAN_POINT('Ctrl Pts',(32.0610091080793,7.18094210624522,0.));
#11273=CARTESIAN_POINT('Ctrl Pts',(32.082196790725,7.13540263473988,0.));
#11274=CARTESIAN_POINT('',(32.0095506496727,7.427012398839,0.2));
#11275=CARTESIAN_POINT('',(32.0095506496727,7.427012398839,0.));
#11276=CARTESIAN_POINT('Ctrl Pts',(32.0095506496727,7.427012398839,0.2));
#11277=CARTESIAN_POINT('Ctrl Pts',(32.0123895514032,7.37530119275537,0.2));
#11278=CARTESIAN_POINT('Ctrl Pts',(32.0179827266101,7.27342030245286,0.2));
#11279=CARTESIAN_POINT('Ctrl Pts',(32.0610091080793,7.18094210624522,0.2));
#11280=CARTESIAN_POINT('Ctrl Pts',(32.082196790725,7.13540263473988,0.2));
#11281=CARTESIAN_POINT('Ctrl Pts',(32.2019091434777,7.87414766848087,0.));
#11282=CARTESIAN_POINT('Ctrl Pts',(32.2019091434777,7.87414766848087,0.2));
#11283=CARTESIAN_POINT('Ctrl Pts',(32.1458069611192,7.81119959073782,0.));
#11284=CARTESIAN_POINT('Ctrl Pts',(32.1458069611192,7.81119959073782,0.2));
#11285=CARTESIAN_POINT('Ctrl Pts',(32.0321248611256,7.68364537862758,0.));
#11286=CARTESIAN_POINT('Ctrl Pts',(32.0321248611256,7.68364537862758,0.2));
#11287=CARTESIAN_POINT('Ctrl Pts',(32.0171403140603,7.51329484513558,0.));
#11288=CARTESIAN_POINT('Ctrl Pts',(32.0171403140603,7.51329484513558,0.2));
#11289=CARTESIAN_POINT('Ctrl Pts',(32.0095506496727,7.427012398839,0.));
#11290=CARTESIAN_POINT('Ctrl Pts',(32.0095506496727,7.427012398839,0.2));
#11291=CARTESIAN_POINT('',(32.2019091434777,7.87414766848087,0.));
#11292=CARTESIAN_POINT('Ctrl Pts',(32.2019091434777,7.87414766848087,0.));
#11293=CARTESIAN_POINT('Ctrl Pts',(32.1458069611192,7.81119959073782,0.));
#11294=CARTESIAN_POINT('Ctrl Pts',(32.0321248611256,7.68364537862758,0.));
#11295=CARTESIAN_POINT('Ctrl Pts',(32.0171403140603,7.51329484513558,0.));
#11296=CARTESIAN_POINT('Ctrl Pts',(32.0095506496727,7.427012398839,0.));
#11297=CARTESIAN_POINT('',(32.2019091434777,7.87414766848087,0.2));
#11298=CARTESIAN_POINT('',(32.2019091434777,7.87414766848087,0.));
#11299=CARTESIAN_POINT('Ctrl Pts',(32.2019091434777,7.87414766848087,0.2));
#11300=CARTESIAN_POINT('Ctrl Pts',(32.1458069611192,7.81119959073782,0.2));
#11301=CARTESIAN_POINT('Ctrl Pts',(32.0321248611256,7.68364537862758,0.2));
#11302=CARTESIAN_POINT('Ctrl Pts',(32.0171403140603,7.51329484513558,0.2));
#11303=CARTESIAN_POINT('Ctrl Pts',(32.0095506496727,7.427012398839,0.2));
#11304=CARTESIAN_POINT('Ctrl Pts',(32.7523866482079,8.04911352694035,0.));
#11305=CARTESIAN_POINT('Ctrl Pts',(32.7523866482079,8.04911352694035,0.2));
#11306=CARTESIAN_POINT('Ctrl Pts',(32.6433920012002,8.04475110091463,0.));
#11307=CARTESIAN_POINT('Ctrl Pts',(32.6433920012002,8.04475110091463,0.2));
#11308=CARTESIAN_POINT('Ctrl Pts',(32.4429868464041,8.03673004036741,0.));
#11309=CARTESIAN_POINT('Ctrl Pts',(32.4429868464041,8.03673004036741,0.2));
#11310=CARTESIAN_POINT('Ctrl Pts',(32.2774261155476,7.92507617944552,0.));
#11311=CARTESIAN_POINT('Ctrl Pts',(32.2774261155476,7.92507617944552,0.2));
#11312=CARTESIAN_POINT('Ctrl Pts',(32.2019091434777,7.87414766848087,0.));
#11313=CARTESIAN_POINT('Ctrl Pts',(32.2019091434777,7.87414766848087,0.2));
#11314=CARTESIAN_POINT('',(32.7523866482079,8.04911352694035,0.));
#11315=CARTESIAN_POINT('Ctrl Pts',(32.7523866482079,8.04911352694035,0.));
#11316=CARTESIAN_POINT('Ctrl Pts',(32.6433920012002,8.04475110091463,0.));
#11317=CARTESIAN_POINT('Ctrl Pts',(32.4429868464041,8.03673004036741,0.));
#11318=CARTESIAN_POINT('Ctrl Pts',(32.2774261155476,7.92507617944552,0.));
#11319=CARTESIAN_POINT('Ctrl Pts',(32.2019091434777,7.87414766848087,0.));
#11320=CARTESIAN_POINT('',(32.7523866482079,8.04911352694035,0.2));
#11321=CARTESIAN_POINT('',(32.7523866482079,8.04911352694035,0.));
#11322=CARTESIAN_POINT('Ctrl Pts',(32.7523866482079,8.04911352694035,0.2));
#11323=CARTESIAN_POINT('Ctrl Pts',(32.6433920012002,8.04475110091463,0.2));
#11324=CARTESIAN_POINT('Ctrl Pts',(32.4429868464041,8.03673004036741,0.2));
#11325=CARTESIAN_POINT('Ctrl Pts',(32.2774261155476,7.92507617944552,0.2));
#11326=CARTESIAN_POINT('Ctrl Pts',(32.2019091434777,7.87414766848087,0.2));
#11327=CARTESIAN_POINT('Ctrl Pts',(33.158594686538,7.97748990356922,0.));
#11328=CARTESIAN_POINT('Ctrl Pts',(33.158594686538,7.97748990356922,0.2));
#11329=CARTESIAN_POINT('Ctrl Pts',(33.0937273413362,7.99837831230675,0.));
#11330=CARTESIAN_POINT('Ctrl Pts',(33.0937273413362,7.99837831230675,0.2));
#11331=CARTESIAN_POINT('Ctrl Pts',(32.9616457277066,8.04091087971218,0.));
#11332=CARTESIAN_POINT('Ctrl Pts',(32.9616457277066,8.04091087971218,0.2));
#11333=CARTESIAN_POINT('Ctrl Pts',(32.8229610915691,8.04634711286836,0.));
#11334=CARTESIAN_POINT('Ctrl Pts',(32.8229610915691,8.04634711286836,0.2));
#11335=CARTESIAN_POINT('Ctrl Pts',(32.7523866482079,8.04911352694035,0.));
#11336=CARTESIAN_POINT('Ctrl Pts',(32.7523866482079,8.04911352694035,0.2));
#11337=CARTESIAN_POINT('',(33.158594686538,7.97748990356922,0.));
#11338=CARTESIAN_POINT('Ctrl Pts',(33.158594686538,7.97748990356922,0.));
#11339=CARTESIAN_POINT('Ctrl Pts',(33.0937273413362,7.99837831230675,0.));
#11340=CARTESIAN_POINT('Ctrl Pts',(32.9616457277066,8.04091087971218,0.));
#11341=CARTESIAN_POINT('Ctrl Pts',(32.8229610915691,8.04634711286836,0.));
#11342=CARTESIAN_POINT('Ctrl Pts',(32.7523866482079,8.04911352694035,0.));
#11343=CARTESIAN_POINT('',(33.158594686538,7.97748990356922,0.2));
#11344=CARTESIAN_POINT('',(33.158594686538,7.97748990356922,0.));
#11345=CARTESIAN_POINT('Ctrl Pts',(33.158594686538,7.97748990356922,0.2));
#11346=CARTESIAN_POINT('Ctrl Pts',(33.0937273413362,7.99837831230675,0.2));
#11347=CARTESIAN_POINT('Ctrl Pts',(32.9616457277066,8.04091087971218,0.2));
#11348=CARTESIAN_POINT('Ctrl Pts',(32.8229610915691,8.04634711286836,0.2));
#11349=CARTESIAN_POINT('Ctrl Pts',(32.7523866482079,8.04911352694035,0.2));
#11350=CARTESIAN_POINT('Ctrl Pts',(33.5525241680443,7.73192383348942,0.));
#11351=CARTESIAN_POINT('Ctrl Pts',(33.5525241680443,7.73192383348942,0.2));
#11352=CARTESIAN_POINT('Ctrl Pts',(33.4875742936487,7.78460419985601,0.));
#11353=CARTESIAN_POINT('Ctrl Pts',(33.4875742936487,7.78460419985601,0.2));
#11354=CARTESIAN_POINT('Ctrl Pts',(33.3663775437714,7.88290599405326,0.));
#11355=CARTESIAN_POINT('Ctrl Pts',(33.3663775437714,7.88290599405326,0.2));
#11356=CARTESIAN_POINT('Ctrl Pts',(33.2244586276877,7.94750827210542,0.));
#11357=CARTESIAN_POINT('Ctrl Pts',(33.2244586276877,7.94750827210542,0.2));
#11358=CARTESIAN_POINT('Ctrl Pts',(33.158594686538,7.97748990356922,0.));
#11359=CARTESIAN_POINT('Ctrl Pts',(33.158594686538,7.97748990356922,0.2));
#11360=CARTESIAN_POINT('',(33.5525241680443,7.73192383348942,0.));
#11361=CARTESIAN_POINT('Ctrl Pts',(33.5525241680443,7.73192383348942,0.));
#11362=CARTESIAN_POINT('Ctrl Pts',(33.4875742936487,7.78460419985601,0.));
#11363=CARTESIAN_POINT('Ctrl Pts',(33.3663775437714,7.88290599405326,0.));
#11364=CARTESIAN_POINT('Ctrl Pts',(33.2244586276877,7.94750827210542,0.));
#11365=CARTESIAN_POINT('Ctrl Pts',(33.158594686538,7.97748990356922,0.));
#11366=CARTESIAN_POINT('',(33.5525241680443,7.73192383348942,0.2));
#11367=CARTESIAN_POINT('',(33.5525241680443,7.73192383348942,0.));
#11368=CARTESIAN_POINT('Ctrl Pts',(33.5525241680443,7.73192383348942,0.2));
#11369=CARTESIAN_POINT('Ctrl Pts',(33.4875742936487,7.78460419985601,0.2));
#11370=CARTESIAN_POINT('Ctrl Pts',(33.3663775437714,7.88290599405326,0.2));
#11371=CARTESIAN_POINT('Ctrl Pts',(33.2244586276877,7.94750827210542,0.2));
#11372=CARTESIAN_POINT('Ctrl Pts',(33.158594686538,7.97748990356922,0.2));
#11373=CARTESIAN_POINT('Ctrl Pts',(33.6261931248009,8.0000001937151,0.));
#11374=CARTESIAN_POINT('Ctrl Pts',(33.6261931248009,8.0000001937151,0.2));
#11375=CARTESIAN_POINT('Ctrl Pts',(33.608688517127,7.95906820981698,0.));
#11376=CARTESIAN_POINT('Ctrl Pts',(33.608688517127,7.95906820981698,0.2));
#11377=CARTESIAN_POINT('Ctrl Pts',(33.5719318869841,7.8731181661952,0.));
#11378=CARTESIAN_POINT('Ctrl Pts',(33.5719318869841,7.8731181661952,0.2));
#11379=CARTESIAN_POINT('Ctrl Pts',(33.5591952415959,7.78045698576106,0.));
#11380=CARTESIAN_POINT('Ctrl Pts',(33.5591952415959,7.78045698576106,0.2));
#11381=CARTESIAN_POINT('Ctrl Pts',(33.5525241680443,7.73192383348942,0.));
#11382=CARTESIAN_POINT('Ctrl Pts',(33.5525241680443,7.73192383348942,0.2));
#11383=CARTESIAN_POINT('Ctrl Pts',(33.6261931248009,8.0000001937151,0.));
#11384=CARTESIAN_POINT('Ctrl Pts',(33.608688517127,7.95906820981698,0.));
#11385=CARTESIAN_POINT('Ctrl Pts',(33.5719318869841,7.8731181661952,0.));
#11386=CARTESIAN_POINT('Ctrl Pts',(33.5591952415959,7.78045698576106,0.));
#11387=CARTESIAN_POINT('Ctrl Pts',(33.5525241680443,7.73192383348942,0.));
#11388=CARTESIAN_POINT('Ctrl Pts',(33.6261931248009,8.0000001937151,0.2));
#11389=CARTESIAN_POINT('Ctrl Pts',(33.608688517127,7.95906820981698,0.2));
#11390=CARTESIAN_POINT('Ctrl Pts',(33.5719318869841,7.8731181661952,0.2));
#11391=CARTESIAN_POINT('Ctrl Pts',(33.5591952415959,7.78045698576106,0.2));
#11392=CARTESIAN_POINT('Ctrl Pts',(33.5525241680443,7.73192383348942,0.2));
#11393=CARTESIAN_POINT('Origin',(29.9999997206032,6.94099597632885,0.2));
#11394=CARTESIAN_POINT('Ctrl Pts',(26.6296044178307,8.04911352694035,0.));
#11395=CARTESIAN_POINT('Ctrl Pts',(26.6296044178307,8.04911352694035,0.2));
#11396=CARTESIAN_POINT('Ctrl Pts',(26.5019690205002,8.04551162568036,0.));
#11397=CARTESIAN_POINT('Ctrl Pts',(26.5019690205002,8.04551162568036,0.2));
#11398=CARTESIAN_POINT('Ctrl Pts',(26.2715176256077,8.03900823252307,0.));
#11399=CARTESIAN_POINT('Ctrl Pts',(26.2715176256077,8.03900823252307,0.2));
#11400=CARTESIAN_POINT('Ctrl Pts',(26.0726805458812,7.92430095999255,0.));
#11401=CARTESIAN_POINT('Ctrl Pts',(26.0726805458812,7.92430095999255,0.2));
#11402=CARTESIAN_POINT('Ctrl Pts',(25.9839692898095,7.87312425673008,0.));
#11403=CARTESIAN_POINT('Ctrl Pts',(25.9839692898095,7.87312425673008,0.2));
#11404=CARTESIAN_POINT('',(26.6296044178307,8.04911352694035,0.));
#11405=CARTESIAN_POINT('',(25.9839692898095,7.87312425673008,0.));
#11406=CARTESIAN_POINT('Ctrl Pts',(26.6296044178307,8.04911352694035,0.));
#11407=CARTESIAN_POINT('Ctrl Pts',(26.5019690205002,8.04551162568036,0.));
#11408=CARTESIAN_POINT('Ctrl Pts',(26.2715176256077,8.03900823252307,0.));
#11409=CARTESIAN_POINT('Ctrl Pts',(26.0726805458812,7.92430095999255,0.));
#11410=CARTESIAN_POINT('Ctrl Pts',(25.9839692898095,7.87312425673008,0.));
#11411=CARTESIAN_POINT('',(26.6296044178307,8.04911352694035,0.2));
#11412=CARTESIAN_POINT('',(26.6296044178307,8.04911352694035,0.));
#11413=CARTESIAN_POINT('',(25.9839692898095,7.87312425673008,0.2));
#11414=CARTESIAN_POINT('Ctrl Pts',(26.6296044178307,8.04911352694035,0.2));
#11415=CARTESIAN_POINT('Ctrl Pts',(26.5019690205002,8.04551162568036,0.2));
#11416=CARTESIAN_POINT('Ctrl Pts',(26.2715176256077,8.03900823252307,0.2));
#11417=CARTESIAN_POINT('Ctrl Pts',(26.0726805458812,7.92430095999255,0.2));
#11418=CARTESIAN_POINT('Ctrl Pts',(25.9839692898095,7.87312425673008,0.2));
#11419=CARTESIAN_POINT('',(25.9839692898095,7.87312425673008,0.));
#11420=CARTESIAN_POINT('Ctrl Pts',(27.0879951305687,7.96009577810764,0.));
#11421=CARTESIAN_POINT('Ctrl Pts',(27.0879951305687,7.96009577810764,0.2));
#11422=CARTESIAN_POINT('Ctrl Pts',(27.0167634296403,7.98604938909966,0.));
#11423=CARTESIAN_POINT('Ctrl Pts',(27.0167634296403,7.98604938909966,0.2));
#11424=CARTESIAN_POINT('Ctrl Pts',(26.8687737646965,8.03997013147593,0.));
#11425=CARTESIAN_POINT('Ctrl Pts',(26.8687737646965,8.03997013147593,0.2));
#11426=CARTESIAN_POINT('Ctrl Pts',(26.7112878251499,8.0459907868995,0.));
#11427=CARTESIAN_POINT('Ctrl Pts',(26.7112878251499,8.0459907868995,0.2));
#11428=CARTESIAN_POINT('Ctrl Pts',(26.6296044178307,8.04911352694035,0.));
#11429=CARTESIAN_POINT('Ctrl Pts',(26.6296044178307,8.04911352694035,0.2));
#11430=CARTESIAN_POINT('',(27.0879951305687,7.96009577810764,0.));
#11431=CARTESIAN_POINT('Ctrl Pts',(27.0879951305687,7.96009577810764,0.));
#11432=CARTESIAN_POINT('Ctrl Pts',(27.0167634296403,7.98604938909966,0.));
#11433=CARTESIAN_POINT('Ctrl Pts',(26.8687737646965,8.03997013147593,0.));
#11434=CARTESIAN_POINT('Ctrl Pts',(26.7112878251499,8.0459907868995,0.));
#11435=CARTESIAN_POINT('Ctrl Pts',(26.6296044178307,8.04911352694035,0.));
#11436=CARTESIAN_POINT('',(27.0879951305687,7.96009577810764,0.2));
#11437=CARTESIAN_POINT('',(27.0879951305687,7.96009577810764,0.));
#11438=CARTESIAN_POINT('Ctrl Pts',(27.0879951305687,7.96009577810764,0.2));
#11439=CARTESIAN_POINT('Ctrl Pts',(27.0167634296403,7.98604938909966,0.2));
#11440=CARTESIAN_POINT('Ctrl Pts',(26.8687737646965,8.03997013147593,0.2));
#11441=CARTESIAN_POINT('Ctrl Pts',(26.7112878251499,8.0459907868995,0.2));
#11442=CARTESIAN_POINT('Ctrl Pts',(26.6296044178307,8.04911352694035,0.2));
#11443=CARTESIAN_POINT('Ctrl Pts',(27.3980203457177,7.70839042961597,0.));
#11444=CARTESIAN_POINT('Ctrl Pts',(27.3980203457177,7.70839042961597,0.2));
#11445=CARTESIAN_POINT('Ctrl Pts',(27.357173796544,7.76000995181164,0.));
#11446=CARTESIAN_POINT('Ctrl Pts',(27.357173796544,7.76000995181164,0.2));
#11447=CARTESIAN_POINT('Ctrl Pts',(27.2726375411835,7.86684201469592,0.));
#11448=CARTESIAN_POINT('Ctrl Pts',(27.2726375411835,7.86684201469592,0.2));
#11449=CARTESIAN_POINT('Ctrl Pts',(27.1509072941591,7.92832195106736,0.));
#11450=CARTESIAN_POINT('Ctrl Pts',(27.1509072941591,7.92832195106736,0.2));
#11451=CARTESIAN_POINT('Ctrl Pts',(27.0879951305687,7.96009577810764,0.));
#11452=CARTESIAN_POINT('Ctrl Pts',(27.0879951305687,7.96009577810764,0.2));
#11453=CARTESIAN_POINT('',(27.3980203457177,7.70839042961597,0.));
#11454=CARTESIAN_POINT('Ctrl Pts',(27.3980203457177,7.70839042961597,0.));
#11455=CARTESIAN_POINT('Ctrl Pts',(27.357173796544,7.76000995181164,0.));
#11456=CARTESIAN_POINT('Ctrl Pts',(27.2726375411835,7.86684201469592,0.));
#11457=CARTESIAN_POINT('Ctrl Pts',(27.1509072941591,7.92832195106736,0.));
#11458=CARTESIAN_POINT('Ctrl Pts',(27.0879951305687,7.96009577810764,0.));
#11459=CARTESIAN_POINT('',(27.3980203457177,7.70839042961597,0.2));
#11460=CARTESIAN_POINT('',(27.3980203457177,7.70839042961597,0.));
#11461=CARTESIAN_POINT('Ctrl Pts',(27.3980203457177,7.70839042961597,0.2));
#11462=CARTESIAN_POINT('Ctrl Pts',(27.357173796544,7.76000995181164,0.2));
#11463=CARTESIAN_POINT('Ctrl Pts',(27.2726375411835,7.86684201469592,0.2));
#11464=CARTESIAN_POINT('Ctrl Pts',(27.1509072941591,7.92832195106736,0.2));
#11465=CARTESIAN_POINT('Ctrl Pts',(27.0879951305687,7.96009577810764,0.2));
#11466=CARTESIAN_POINT('Ctrl Pts',(27.5054565258324,7.36152805387974,0.));
#11467=CARTESIAN_POINT('Ctrl Pts',(27.5054565258324,7.36152805387974,0.2));
#11468=CARTESIAN_POINT('Ctrl Pts',(27.50071398299,7.42242278974198,0.));
#11469=CARTESIAN_POINT('Ctrl Pts',(27.50071398299,7.42242278974198,0.2));
#11470=CARTESIAN_POINT('Ctrl Pts',(27.4910828496248,7.54608752864059,0.));
#11471=CARTESIAN_POINT('Ctrl Pts',(27.4910828496248,7.54608752864059,0.2));
#11472=CARTESIAN_POINT('Ctrl Pts',(27.4293532056353,7.65374528418171,0.));
#11473=CARTESIAN_POINT('Ctrl Pts',(27.4293532056353,7.65374528418171,0.2));
#11474=CARTESIAN_POINT('Ctrl Pts',(27.3980203457177,7.70839042961597,0.));
#11475=CARTESIAN_POINT('Ctrl Pts',(27.3980203457177,7.70839042961597,0.2));
#11476=CARTESIAN_POINT('',(27.5054565258324,7.36152805387974,0.));
#11477=CARTESIAN_POINT('Ctrl Pts',(27.5054565258324,7.36152805387974,0.));
#11478=CARTESIAN_POINT('Ctrl Pts',(27.50071398299,7.42242278974198,0.));
#11479=CARTESIAN_POINT('Ctrl Pts',(27.4910828496248,7.54608752864059,0.));
#11480=CARTESIAN_POINT('Ctrl Pts',(27.4293532056353,7.65374528418171,0.));
#11481=CARTESIAN_POINT('Ctrl Pts',(27.3980203457177,7.70839042961597,0.));
#11482=CARTESIAN_POINT('',(27.5054565258324,7.36152805387974,0.2));
#11483=CARTESIAN_POINT('',(27.5054565258324,7.36152805387974,0.));
#11484=CARTESIAN_POINT('Ctrl Pts',(27.5054565258324,7.36152805387974,0.2));
#11485=CARTESIAN_POINT('Ctrl Pts',(27.50071398299,7.42242278974198,0.2));
#11486=CARTESIAN_POINT('Ctrl Pts',(27.4910828496248,7.54608752864059,0.2));
#11487=CARTESIAN_POINT('Ctrl Pts',(27.4293532056353,7.65374528418171,0.2));
#11488=CARTESIAN_POINT('Ctrl Pts',(27.3980203457177,7.70839042961597,0.2));
#11489=CARTESIAN_POINT('Ctrl Pts',(27.4174609966576,7.04638488590717,0.));
#11490=CARTESIAN_POINT('Ctrl Pts',(27.4174609966576,7.04638488590717,0.2));
#11491=CARTESIAN_POINT('Ctrl Pts',(27.4431068522594,7.09274204587321,0.));
#11492=CARTESIAN_POINT('Ctrl Pts',(27.4431068522594,7.09274204587321,0.2));
#11493=CARTESIAN_POINT('Ctrl Pts',(27.4972648357348,7.19063740730644,0.));
#11494=CARTESIAN_POINT('Ctrl Pts',(27.4972648357348,7.19063740730644,0.2));
#11495=CARTESIAN_POINT('Ctrl Pts',(27.5026312905478,7.30258951021521,0.));
#11496=CARTESIAN_POINT('Ctrl Pts',(27.5026312905478,7.30258951021521,0.2));
#11497=CARTESIAN_POINT('Ctrl Pts',(27.5054565258324,7.36152805387974,0.));
#11498=CARTESIAN_POINT('Ctrl Pts',(27.5054565258324,7.36152805387974,0.2));
#11499=CARTESIAN_POINT('',(27.4174609966576,7.04638488590717,0.));
#11500=CARTESIAN_POINT('Ctrl Pts',(27.4174609966576,7.04638488590717,0.));
#11501=CARTESIAN_POINT('Ctrl Pts',(27.4431068522594,7.09274204587321,0.));
#11502=CARTESIAN_POINT('Ctrl Pts',(27.4972648357348,7.19063740730644,0.));
#11503=CARTESIAN_POINT('Ctrl Pts',(27.5026312905478,7.30258951021521,0.));
#11504=CARTESIAN_POINT('Ctrl Pts',(27.5054565258324,7.36152805387974,0.));
#11505=CARTESIAN_POINT('',(27.4174609966576,7.04638488590717,0.2));
#11506=CARTESIAN_POINT('',(27.4174609966576,7.04638488590717,0.));
#11507=CARTESIAN_POINT('Ctrl Pts',(27.4174609966576,7.04638488590717,0.2));
#11508=CARTESIAN_POINT('Ctrl Pts',(27.4431068522594,7.09274204587321,0.2));
#11509=CARTESIAN_POINT('Ctrl Pts',(27.4972648357348,7.19063740730644,0.2));
#11510=CARTESIAN_POINT('Ctrl Pts',(27.5026312905478,7.30258951021521,0.2));
#11511=CARTESIAN_POINT('Ctrl Pts',(27.5054565258324,7.36152805387974,0.2));
#11512=CARTESIAN_POINT('Ctrl Pts',(27.1749654598534,6.85300149023533,0.));
#11513=CARTESIAN_POINT('Ctrl Pts',(27.1749654598534,6.85300149023533,0.2));
#11514=CARTESIAN_POINT('Ctrl Pts',(27.223343977896,6.87718670274331,0.));
#11515=CARTESIAN_POINT('Ctrl Pts',(27.223343977896,6.87718670274331,0.2));
#11516=CARTESIAN_POINT('Ctrl Pts',(27.3179547090829,6.92448415483296,0.));
#11517=CARTESIAN_POINT('Ctrl Pts',(27.3179547090829,6.92448415483296,0.2));
#11518=CARTESIAN_POINT('Ctrl Pts',(27.3847976927328,7.00637052375203,0.));
#11519=CARTESIAN_POINT('Ctrl Pts',(27.3847976927328,7.00637052375203,0.2));
#11520=CARTESIAN_POINT('Ctrl Pts',(27.4174609966576,7.04638488590717,0.));
#11521=CARTESIAN_POINT('Ctrl Pts',(27.4174609966576,7.04638488590717,0.2));
#11522=CARTESIAN_POINT('',(27.1749654598534,6.85300149023533,0.));
#11523=CARTESIAN_POINT('Ctrl Pts',(27.1749654598534,6.85300149023533,0.));
#11524=CARTESIAN_POINT('Ctrl Pts',(27.223343977896,6.87718670274331,0.));
#11525=CARTESIAN_POINT('Ctrl Pts',(27.3179547090829,6.92448415483296,0.));
#11526=CARTESIAN_POINT('Ctrl Pts',(27.3847976927328,7.00637052375203,0.));
#11527=CARTESIAN_POINT('Ctrl Pts',(27.4174609966576,7.04638488590717,0.));
#11528=CARTESIAN_POINT('',(27.1749654598534,6.85300149023533,0.2));
#11529=CARTESIAN_POINT('',(27.1749654598534,6.85300149023533,0.));
#11530=CARTESIAN_POINT('Ctrl Pts',(27.1749654598534,6.85300149023533,0.2));
#11531=CARTESIAN_POINT('Ctrl Pts',(27.223343977896,6.87718670274331,0.2));
#11532=CARTESIAN_POINT('Ctrl Pts',(27.3179547090829,6.92448415483296,0.2));
#11533=CARTESIAN_POINT('Ctrl Pts',(27.3847976927328,7.00637052375203,0.2));
#11534=CARTESIAN_POINT('Ctrl Pts',(27.4174609966576,7.04638488590717,0.2));
#11535=CARTESIAN_POINT('Ctrl Pts',(26.6296044178307,6.68212838470936,0.));
#11536=CARTESIAN_POINT('Ctrl Pts',(26.6296044178307,6.68212838470936,0.2));
#11537=CARTESIAN_POINT('Ctrl Pts',(26.7408636049248,6.71167563987513,0.));
#11538=CARTESIAN_POINT('Ctrl Pts',(26.7408636049248,6.71167563987513,0.2));
#11539=CARTESIAN_POINT('Ctrl Pts',(26.9252145384998,6.76063397056819,0.));
#11540=CARTESIAN_POINT('Ctrl Pts',(26.9252145384998,6.76063397056819,0.2));
#11541=CARTESIAN_POINT('Ctrl Pts',(27.1040575162949,6.82677699890732,0.));
#11542=CARTESIAN_POINT('Ctrl Pts',(27.1040575162949,6.82677699890732,0.2));
#11543=CARTESIAN_POINT('Ctrl Pts',(27.1749654598534,6.85300149023533,0.));
#11544=CARTESIAN_POINT('Ctrl Pts',(27.1749654598534,6.85300149023533,0.2));
#11545=CARTESIAN_POINT('',(26.6296044178307,6.68212838470936,0.));
#11546=CARTESIAN_POINT('Ctrl Pts',(26.6296044178307,6.68212838470936,0.));
#11547=CARTESIAN_POINT('Ctrl Pts',(26.7408636049248,6.71167563987513,0.));
#11548=CARTESIAN_POINT('Ctrl Pts',(26.9252145384998,6.76063397056819,0.));
#11549=CARTESIAN_POINT('Ctrl Pts',(27.1040575162949,6.82677699890732,0.));
#11550=CARTESIAN_POINT('Ctrl Pts',(27.1749654598534,6.85300149023533,0.));
#11551=CARTESIAN_POINT('',(26.6296044178307,6.68212838470936,0.2));
#11552=CARTESIAN_POINT('',(26.6296044178307,6.68212838470936,0.));
#11553=CARTESIAN_POINT('Ctrl Pts',(26.6296044178307,6.68212838470936,0.2));
#11554=CARTESIAN_POINT('Ctrl Pts',(26.7408636049248,6.71167563987513,0.2));
#11555=CARTESIAN_POINT('Ctrl Pts',(26.9252145384998,6.76063397056819,0.2));
#11556=CARTESIAN_POINT('Ctrl Pts',(27.1040575162949,6.82677699890732,0.2));
#11557=CARTESIAN_POINT('Ctrl Pts',(27.1749654598534,6.85300149023533,0.2));
#11558=CARTESIAN_POINT('Ctrl Pts',(26.3042274303734,6.58799462020397,0.));
#11559=CARTESIAN_POINT('Ctrl Pts',(26.3042274303734,6.58799462020397,0.2));
#11560=CARTESIAN_POINT('Ctrl Pts',(26.3404998964474,6.59942433935393,0.));
#11561=CARTESIAN_POINT('Ctrl Pts',(26.3404998964474,6.59942433935393,0.2));
#11562=CARTESIAN_POINT('Ctrl Pts',(26.4482051433869,6.63336304980672,0.));
#11563=CARTESIAN_POINT('Ctrl Pts',(26.4482051433869,6.63336304980672,0.2));
#11564=CARTESIAN_POINT('Ctrl Pts',(26.5572699460311,6.66268280118577,0.));
#11565=CARTESIAN_POINT('Ctrl Pts',(26.5572699460311,6.66268280118577,0.2));
#11566=CARTESIAN_POINT('Ctrl Pts',(26.6296044178307,6.68212838470936,0.));
#11567=CARTESIAN_POINT('Ctrl Pts',(26.6296044178307,6.68212838470936,0.2));
#11568=CARTESIAN_POINT('',(26.3042274303734,6.58799462020397,0.));
#11569=CARTESIAN_POINT('Ctrl Pts',(26.3042274303734,6.58799462020397,0.));
#11570=CARTESIAN_POINT('Ctrl Pts',(26.3404998964474,6.59942433935393,0.));
#11571=CARTESIAN_POINT('Ctrl Pts',(26.4482051433869,6.63336304980672,0.));
#11572=CARTESIAN_POINT('Ctrl Pts',(26.5572699460311,6.66268280118577,0.));
#11573=CARTESIAN_POINT('Ctrl Pts',(26.6296044178307,6.68212838470936,0.));
#11574=CARTESIAN_POINT('',(26.3042274303734,6.58799462020397,0.2));
#11575=CARTESIAN_POINT('',(26.3042274303734,6.58799462020397,0.));
#11576=CARTESIAN_POINT('Ctrl Pts',(26.3042274303734,6.58799462020397,0.2));
#11577=CARTESIAN_POINT('Ctrl Pts',(26.3404998964474,6.59942433935393,0.2));
#11578=CARTESIAN_POINT('Ctrl Pts',(26.4482051433869,6.63336304980672,0.2));
#11579=CARTESIAN_POINT('Ctrl Pts',(26.5572699460311,6.66268280118577,0.2));
#11580=CARTESIAN_POINT('Ctrl Pts',(26.6296044178307,6.68212838470936,0.2));
#11581=CARTESIAN_POINT('Ctrl Pts',(26.1630287952721,6.4897682517767,0.));
#11582=CARTESIAN_POINT('Ctrl Pts',(26.1630287952721,6.4897682517767,0.2));
#11583=CARTESIAN_POINT('Ctrl Pts',(26.1813626844372,6.50915700771999,0.));
#11584=CARTESIAN_POINT('Ctrl Pts',(26.1813626844372,6.50915700771999,0.2));
#11585=CARTESIAN_POINT('Ctrl Pts',(26.2215048130386,6.55160877163597,0.));
#11586=CARTESIAN_POINT('Ctrl Pts',(26.2215048130386,6.55160877163597,0.2));
#11587=CARTESIAN_POINT('Ctrl Pts',(26.2751067858514,6.57518579722519,0.));
#11588=CARTESIAN_POINT('Ctrl Pts',(26.2751067858514,6.57518579722519,0.2));
#11589=CARTESIAN_POINT('Ctrl Pts',(26.3042274303734,6.58799462020397,0.));
#11590=CARTESIAN_POINT('Ctrl Pts',(26.3042274303734,6.58799462020397,0.2));
#11591=CARTESIAN_POINT('',(26.1630287952721,6.4897682517767,0.));
#11592=CARTESIAN_POINT('Ctrl Pts',(26.1630287952721,6.4897682517767,0.));
#11593=CARTESIAN_POINT('Ctrl Pts',(26.1813626844372,6.50915700771999,0.));
#11594=CARTESIAN_POINT('Ctrl Pts',(26.2215048130386,6.55160877163597,0.));
#11595=CARTESIAN_POINT('Ctrl Pts',(26.2751067858514,6.57518579722519,0.));
#11596=CARTESIAN_POINT('Ctrl Pts',(26.3042274303734,6.58799462020397,0.));
#11597=CARTESIAN_POINT('',(26.1630287952721,6.4897682517767,0.2));
#11598=CARTESIAN_POINT('',(26.1630287952721,6.4897682517767,0.));
#11599=CARTESIAN_POINT('Ctrl Pts',(26.1630287952721,6.4897682517767,0.2));
#11600=CARTESIAN_POINT('Ctrl Pts',(26.1813626844372,6.50915700771999,0.2));
#11601=CARTESIAN_POINT('Ctrl Pts',(26.2215048130386,6.55160877163597,0.2));
#11602=CARTESIAN_POINT('Ctrl Pts',(26.2751067858514,6.57518579722519,0.2));
#11603=CARTESIAN_POINT('Ctrl Pts',(26.3042274303734,6.58799462020397,0.2));
#11604=CARTESIAN_POINT('Ctrl Pts',(26.1180082149804,6.36084593832493,0.));
#11605=CARTESIAN_POINT('Ctrl Pts',(26.1180082149804,6.36084593832493,0.2));
#11606=CARTESIAN_POINT('Ctrl Pts',(26.1199192711786,6.38416791547238,0.));
#11607=CARTESIAN_POINT('Ctrl Pts',(26.1199192711786,6.38416791547238,0.2));
#11608=CARTESIAN_POINT('Ctrl Pts',(26.1237593712829,6.43103138654987,0.));
#11609=CARTESIAN_POINT('Ctrl Pts',(26.1237593712829,6.43103138654987,0.2));
#11610=CARTESIAN_POINT('Ctrl Pts',(26.149898174351,6.47012825115943,0.));
#11611=CARTESIAN_POINT('Ctrl Pts',(26.149898174351,6.47012825115943,0.2));
#11612=CARTESIAN_POINT('Ctrl Pts',(26.1630287952721,6.4897682517767,0.));
#11613=CARTESIAN_POINT('Ctrl Pts',(26.1630287952721,6.4897682517767,0.2));
#11614=CARTESIAN_POINT('',(26.1180082149804,6.36084593832493,0.));
#11615=CARTESIAN_POINT('Ctrl Pts',(26.1180082149804,6.36084593832493,0.));
#11616=CARTESIAN_POINT('Ctrl Pts',(26.1199192711786,6.38416791547238,0.));
#11617=CARTESIAN_POINT('Ctrl Pts',(26.1237593712829,6.43103138654987,0.));
#11618=CARTESIAN_POINT('Ctrl Pts',(26.149898174351,6.47012825115943,0.));
#11619=CARTESIAN_POINT('Ctrl Pts',(26.1630287952721,6.4897682517767,0.));
#11620=CARTESIAN_POINT('',(26.1180082149804,6.36084593832493,0.2));
#11621=CARTESIAN_POINT('',(26.1180082149804,6.36084593832493,0.));
#11622=CARTESIAN_POINT('Ctrl Pts',(26.1180082149804,6.36084593832493,0.2));
#11623=CARTESIAN_POINT('Ctrl Pts',(26.1199192711786,6.38416791547238,0.2));
#11624=CARTESIAN_POINT('Ctrl Pts',(26.1237593712829,6.43103138654987,0.2));
#11625=CARTESIAN_POINT('Ctrl Pts',(26.149898174351,6.47012825115943,0.2));
#11626=CARTESIAN_POINT('Ctrl Pts',(26.1630287952721,6.4897682517767,0.2));
#11627=CARTESIAN_POINT('Ctrl Pts',(26.2264648266137,6.16439305245876,0.));
#11628=CARTESIAN_POINT('Ctrl Pts',(26.2264648266137,6.16439305245876,0.2));
#11629=CARTESIAN_POINT('Ctrl Pts',(26.1948627607318,6.19235162865657,0.));
#11630=CARTESIAN_POINT('Ctrl Pts',(26.1948627607318,6.19235162865657,0.2));
#11631=CARTESIAN_POINT('Ctrl Pts',(26.1350966380766,6.24522714953378,0.));
#11632=CARTESIAN_POINT('Ctrl Pts',(26.1350966380766,6.24522714953378,0.2));
#11633=CARTESIAN_POINT('Ctrl Pts',(26.1234816408437,6.32381321357972,0.));
#11634=CARTESIAN_POINT('Ctrl Pts',(26.1234816408437,6.32381321357972,0.2));
#11635=CARTESIAN_POINT('Ctrl Pts',(26.1180082149804,6.36084593832493,0.));
#11636=CARTESIAN_POINT('Ctrl Pts',(26.1180082149804,6.36084593832493,0.2));
#11637=CARTESIAN_POINT('',(26.2264648266137,6.16439305245876,0.));
#11638=CARTESIAN_POINT('Ctrl Pts',(26.2264648266137,6.16439305245876,0.));
#11639=CARTESIAN_POINT('Ctrl Pts',(26.1948627607318,6.19235162865657,0.));
#11640=CARTESIAN_POINT('Ctrl Pts',(26.1350966380766,6.24522714953378,0.));
#11641=CARTESIAN_POINT('Ctrl Pts',(26.1234816408437,6.32381321357972,0.));
#11642=CARTESIAN_POINT('Ctrl Pts',(26.1180082149804,6.36084593832493,0.));
#11643=CARTESIAN_POINT('',(26.2264648266137,6.16439305245876,0.2));
#11644=CARTESIAN_POINT('',(26.2264648266137,6.16439305245876,0.));
#11645=CARTESIAN_POINT('Ctrl Pts',(26.2264648266137,6.16439305245876,0.2));
#11646=CARTESIAN_POINT('Ctrl Pts',(26.1948627607318,6.19235162865657,0.2));
#11647=CARTESIAN_POINT('Ctrl Pts',(26.1350966380766,6.24522714953378,0.2));
#11648=CARTESIAN_POINT('Ctrl Pts',(26.1234816408437,6.32381321357972,0.2));
#11649=CARTESIAN_POINT('Ctrl Pts',(26.1180082149804,6.36084593832493,0.2));
#11650=CARTESIAN_POINT('Ctrl Pts',(26.5886751003563,6.08049117028713,0.));
#11651=CARTESIAN_POINT('Ctrl Pts',(26.5886751003563,6.08049117028713,0.2));
#11652=CARTESIAN_POINT('Ctrl Pts',(26.5145452051158,6.08108845794209,0.));
#11653=CARTESIAN_POINT('Ctrl Pts',(26.5145452051158,6.08108845794209,0.2));
#11654=CARTESIAN_POINT('Ctrl Pts',(26.3868413524574,6.08211740765847,0.));
#11655=CARTESIAN_POINT('Ctrl Pts',(26.3868413524574,6.08211740765847,0.2));
#11656=CARTESIAN_POINT('Ctrl Pts',(26.273861720711,6.14007771077846,0.));
#11657=CARTESIAN_POINT('Ctrl Pts',(26.273861720711,6.14007771077846,0.2));
#11658=CARTESIAN_POINT('Ctrl Pts',(26.2264648266137,6.16439305245876,0.));
#11659=CARTESIAN_POINT('Ctrl Pts',(26.2264648266137,6.16439305245876,0.2));
#11660=CARTESIAN_POINT('',(26.5886751003563,6.08049117028713,0.));
#11661=CARTESIAN_POINT('Ctrl Pts',(26.5886751003563,6.08049117028713,0.));
#11662=CARTESIAN_POINT('Ctrl Pts',(26.5145452051158,6.08108845794209,0.));
#11663=CARTESIAN_POINT('Ctrl Pts',(26.3868413524574,6.08211740765847,0.));
#11664=CARTESIAN_POINT('Ctrl Pts',(26.273861720711,6.14007771077846,0.));
#11665=CARTESIAN_POINT('Ctrl Pts',(26.2264648266137,6.16439305245876,0.));
#11666=CARTESIAN_POINT('',(26.5886751003563,6.08049117028713,0.2));
#11667=CARTESIAN_POINT('',(26.5886751003563,6.08049117028713,0.));
#11668=CARTESIAN_POINT('Ctrl Pts',(26.5886751003563,6.08049117028713,0.2));
#11669=CARTESIAN_POINT('Ctrl Pts',(26.5145452051158,6.08108845794209,0.2));
#11670=CARTESIAN_POINT('Ctrl Pts',(26.3868413524574,6.08211740765847,0.2));
#11671=CARTESIAN_POINT('Ctrl Pts',(26.273861720711,6.14007771077846,0.2));
#11672=CARTESIAN_POINT('Ctrl Pts',(26.2264648266137,6.16439305245876,0.2));
#11673=CARTESIAN_POINT('Ctrl Pts',(26.9212141819298,6.17462493479252,0.));
#11674=CARTESIAN_POINT('Ctrl Pts',(26.9212141819298,6.17462493479252,0.2));
#11675=CARTESIAN_POINT('Ctrl Pts',(26.8750521840925,6.14723456934892,0.));
#11676=CARTESIAN_POINT('Ctrl Pts',(26.8750521840925,6.14723456934892,0.2));
#11677=CARTESIAN_POINT('Ctrl Pts',(26.7729840863815,6.08667214511665,0.));
#11678=CARTESIAN_POINT('Ctrl Pts',(26.7729840863815,6.08667214511665,0.2));
#11679=CARTESIAN_POINT('Ctrl Pts',(26.6539009203818,6.08267857937937,0.));
#11680=CARTESIAN_POINT('Ctrl Pts',(26.6539009203818,6.08267857937937,0.2));
#11681=CARTESIAN_POINT('Ctrl Pts',(26.5886751003563,6.08049117028713,0.));
#11682=CARTESIAN_POINT('Ctrl Pts',(26.5886751003563,6.08049117028713,0.2));
#11683=CARTESIAN_POINT('',(26.9212141819298,6.17462493479252,0.));
#11684=CARTESIAN_POINT('Ctrl Pts',(26.9212141819298,6.17462493479252,0.));
#11685=CARTESIAN_POINT('Ctrl Pts',(26.8750521840925,6.14723456934892,0.));
#11686=CARTESIAN_POINT('Ctrl Pts',(26.7729840863815,6.08667214511665,0.));
#11687=CARTESIAN_POINT('Ctrl Pts',(26.6539009203818,6.08267857937937,0.));
#11688=CARTESIAN_POINT('Ctrl Pts',(26.5886751003563,6.08049117028713,0.));
#11689=CARTESIAN_POINT('',(26.9212141819298,6.17462493479252,0.2));
#11690=CARTESIAN_POINT('',(26.9212141819298,6.17462493479252,0.));
#11691=CARTESIAN_POINT('Ctrl Pts',(26.9212141819298,6.17462493479252,0.2));
#11692=CARTESIAN_POINT('Ctrl Pts',(26.8750521840925,6.14723456934892,0.2));
#11693=CARTESIAN_POINT('Ctrl Pts',(26.7729840863815,6.08667214511665,0.2));
#11694=CARTESIAN_POINT('Ctrl Pts',(26.6539009203818,6.08267857937937,0.2));
#11695=CARTESIAN_POINT('Ctrl Pts',(26.5886751003563,6.08049117028713,0.2));
#11696=CARTESIAN_POINT('Ctrl Pts',(27.0634380169213,6.43656216561794,0.));
#11697=CARTESIAN_POINT('Ctrl Pts',(27.0634380169213,6.43656216561794,0.2));
#11698=CARTESIAN_POINT('Ctrl Pts',(27.0520514849539,6.38425371960994,0.));
#11699=CARTESIAN_POINT('Ctrl Pts',(27.0520514849539,6.38425371960994,0.2));
#11700=CARTESIAN_POINT('Ctrl Pts',(27.0300018444874,6.28296015356656,0.));
#11701=CARTESIAN_POINT('Ctrl Pts',(27.0300018444874,6.28296015356656,0.2));
#11702=CARTESIAN_POINT('Ctrl Pts',(26.9566748107642,6.20993808420962,0.));
#11703=CARTESIAN_POINT('Ctrl Pts',(26.9566748107642,6.20993808420962,0.2));
#11704=CARTESIAN_POINT('Ctrl Pts',(26.9212141819298,6.17462493479252,0.));
#11705=CARTESIAN_POINT('Ctrl Pts',(26.9212141819298,6.17462493479252,0.2));
#11706=CARTESIAN_POINT('',(27.0634380169213,6.43656216561794,0.));
#11707=CARTESIAN_POINT('Ctrl Pts',(27.0634380169213,6.43656216561794,0.));
#11708=CARTESIAN_POINT('Ctrl Pts',(27.0520514849539,6.38425371960994,0.));
#11709=CARTESIAN_POINT('Ctrl Pts',(27.0300018444874,6.28296015356656,0.));
#11710=CARTESIAN_POINT('Ctrl Pts',(26.9566748107642,6.20993808420962,0.));
#11711=CARTESIAN_POINT('Ctrl Pts',(26.9212141819298,6.17462493479252,0.));
#11712=CARTESIAN_POINT('',(27.0634380169213,6.43656216561794,0.2));
#11713=CARTESIAN_POINT('',(27.0634380169213,6.43656216561794,0.));
#11714=CARTESIAN_POINT('Ctrl Pts',(27.0634380169213,6.43656216561794,0.2));
#11715=CARTESIAN_POINT('Ctrl Pts',(27.0520514849539,6.38425371960994,0.2));
#11716=CARTESIAN_POINT('Ctrl Pts',(27.0300018444874,6.28296015356656,0.2));
#11717=CARTESIAN_POINT('Ctrl Pts',(26.9566748107642,6.20993808420962,0.2));
#11718=CARTESIAN_POINT('Ctrl Pts',(26.9212141819298,6.17462493479252,0.2));
#11719=CARTESIAN_POINT('Origin',(27.4236026592553,6.3874489814043,0.));
#11720=CARTESIAN_POINT('',(27.4236026592553,6.3874489814043,0.));
#11721=CARTESIAN_POINT('',(26.2933343016268,6.54157593206587,0.));
#11722=CARTESIAN_POINT('',(27.4236026592553,6.3874489814043,0.2));
#11723=CARTESIAN_POINT('',(27.4236026592553,6.3874489814043,0.));
#11724=CARTESIAN_POINT('',(27.4236026592553,6.3874489814043,0.2));
#11725=CARTESIAN_POINT('Ctrl Pts',(27.2967258282006,6.05081863701344,0.));
#11726=CARTESIAN_POINT('Ctrl Pts',(27.2967258282006,6.05081863701344,0.2));
#11727=CARTESIAN_POINT('Ctrl Pts',(27.3254052545605,6.0987768867629,0.));
#11728=CARTESIAN_POINT('Ctrl Pts',(27.3254052545605,6.0987768867629,0.2));
#11729=CARTESIAN_POINT('Ctrl Pts',(27.3878373347783,6.203176928029,0.));
#11730=CARTESIAN_POINT('Ctrl Pts',(27.3878373347783,6.203176928029,0.2));
#11731=CARTESIAN_POINT('Ctrl Pts',(27.4110520749158,6.32278517697601,0.));
#11732=CARTESIAN_POINT('Ctrl Pts',(27.4110520749158,6.32278517697601,0.2));
#11733=CARTESIAN_POINT('Ctrl Pts',(27.4236026592553,6.3874489814043,0.));
#11734=CARTESIAN_POINT('Ctrl Pts',(27.4236026592553,6.3874489814043,0.2));
#11735=CARTESIAN_POINT('',(27.2967258282006,6.05081863701344,0.));
#11736=CARTESIAN_POINT('Ctrl Pts',(27.2967258282006,6.05081863701344,0.));
#11737=CARTESIAN_POINT('Ctrl Pts',(27.3254052545605,6.0987768867629,0.));
#11738=CARTESIAN_POINT('Ctrl Pts',(27.3878373347783,6.203176928029,0.));
#11739=CARTESIAN_POINT('Ctrl Pts',(27.4110520749158,6.32278517697601,0.));
#11740=CARTESIAN_POINT('Ctrl Pts',(27.4236026592553,6.3874489814043,0.));
#11741=CARTESIAN_POINT('',(27.2967258282006,6.05081863701344,0.2));
#11742=CARTESIAN_POINT('',(27.2967258282006,6.05081863701344,0.));
#11743=CARTESIAN_POINT('Ctrl Pts',(27.2967258282006,6.05081863701344,0.2));
#11744=CARTESIAN_POINT('Ctrl Pts',(27.3254052545605,6.0987768867629,0.2));
#11745=CARTESIAN_POINT('Ctrl Pts',(27.3878373347783,6.203176928029,0.2));
#11746=CARTESIAN_POINT('Ctrl Pts',(27.4110520749158,6.32278517697601,0.2));
#11747=CARTESIAN_POINT('Ctrl Pts',(27.4236026592553,6.3874489814043,0.2));
#11748=CARTESIAN_POINT('Ctrl Pts',(27.0112553425133,5.85129611194134,0.));
#11749=CARTESIAN_POINT('Ctrl Pts',(27.0112553425133,5.85129611194134,0.2));
#11750=CARTESIAN_POINT('Ctrl Pts',(27.0701129899939,5.87623336017821,0.));
#11751=CARTESIAN_POINT('Ctrl Pts',(27.0701129899939,5.87623336017821,0.2));
#11752=CARTESIAN_POINT('Ctrl Pts',(27.1796458491831,5.92264106107386,0.));
#11753=CARTESIAN_POINT('Ctrl Pts',(27.1796458491831,5.92264106107386,0.2));
#11754=CARTESIAN_POINT('Ctrl Pts',(27.2596924085338,6.01027495053969,0.));
#11755=CARTESIAN_POINT('Ctrl Pts',(27.2596924085338,6.01027495053969,0.2));
#11756=CARTESIAN_POINT('Ctrl Pts',(27.2967258282006,6.05081863701344,0.));
#11757=CARTESIAN_POINT('Ctrl Pts',(27.2967258282006,6.05081863701344,0.2));
#11758=CARTESIAN_POINT('',(27.0112553425133,5.85129611194134,0.));
#11759=CARTESIAN_POINT('Ctrl Pts',(27.0112553425133,5.85129611194134,0.));
#11760=CARTESIAN_POINT('Ctrl Pts',(27.0701129899939,5.87623336017821,0.));
#11761=CARTESIAN_POINT('Ctrl Pts',(27.1796458491831,5.92264106107386,0.));
#11762=CARTESIAN_POINT('Ctrl Pts',(27.2596924085338,6.01027495053969,0.));
#11763=CARTESIAN_POINT('Ctrl Pts',(27.2967258282006,6.05081863701344,0.));
#11764=CARTESIAN_POINT('',(27.0112553425133,5.85129611194134,0.2));
#11765=CARTESIAN_POINT('',(27.0112553425133,5.85129611194134,0.));
#11766=CARTESIAN_POINT('Ctrl Pts',(27.0112553425133,5.85129611194134,0.2));
#11767=CARTESIAN_POINT('Ctrl Pts',(27.0701129899939,5.87623336017821,0.2));
#11768=CARTESIAN_POINT('Ctrl Pts',(27.1796458491831,5.92264106107386,0.2));
#11769=CARTESIAN_POINT('Ctrl Pts',(27.2596924085338,6.01027495053969,0.2));
#11770=CARTESIAN_POINT('Ctrl Pts',(27.2967258282006,6.05081863701344,0.2));
#11771=CARTESIAN_POINT('Ctrl Pts',(26.5620723553002,5.77762626111507,0.));
#11772=CARTESIAN_POINT('Ctrl Pts',(26.5620723553002,5.77762626111507,0.2));
#11773=CARTESIAN_POINT('Ctrl Pts',(26.6427782671379,5.77997443651238,0.));
#11774=CARTESIAN_POINT('Ctrl Pts',(26.6427782671379,5.77997443651238,0.2));
#11775=CARTESIAN_POINT('Ctrl Pts',(26.795904688655,5.78442971974376,0.));
#11776=CARTESIAN_POINT('Ctrl Pts',(26.795904688655,5.78442971974376,0.2));
#11777=CARTESIAN_POINT('Ctrl Pts',(26.9421087395005,5.82982608715457,0.));
#11778=CARTESIAN_POINT('Ctrl Pts',(26.9421087395005,5.82982608715457,0.2));
#11779=CARTESIAN_POINT('Ctrl Pts',(27.0112553425133,5.85129611194134,0.));
#11780=CARTESIAN_POINT('Ctrl Pts',(27.0112553425133,5.85129611194134,0.2));
#11781=CARTESIAN_POINT('',(26.5620723553002,5.77762626111507,0.));
#11782=CARTESIAN_POINT('Ctrl Pts',(26.5620723553002,5.77762626111507,0.));
#11783=CARTESIAN_POINT('Ctrl Pts',(26.6427782671379,5.77997443651238,0.));
#11784=CARTESIAN_POINT('Ctrl Pts',(26.795904688655,5.78442971974376,0.));
#11785=CARTESIAN_POINT('Ctrl Pts',(26.9421087395005,5.82982608715457,0.));
#11786=CARTESIAN_POINT('Ctrl Pts',(27.0112553425133,5.85129611194134,0.));
#11787=CARTESIAN_POINT('',(26.5620723553002,5.77762626111507,0.2));
#11788=CARTESIAN_POINT('',(26.5620723553002,5.77762626111507,0.));
#11789=CARTESIAN_POINT('Ctrl Pts',(26.5620723553002,5.77762626111507,0.2));
#11790=CARTESIAN_POINT('Ctrl Pts',(26.6427782671379,5.77997443651238,0.2));
#11791=CARTESIAN_POINT('Ctrl Pts',(26.795904688655,5.78442971974376,0.2));
#11792=CARTESIAN_POINT('Ctrl Pts',(26.9421087395005,5.82982608715457,0.2));
#11793=CARTESIAN_POINT('Ctrl Pts',(27.0112553425133,5.85129611194134,0.2));
#11794=CARTESIAN_POINT('Ctrl Pts',(26.2438598461449,5.82162357866764,0.));
#11795=CARTESIAN_POINT('Ctrl Pts',(26.2438598461449,5.82162357866764,0.2));
#11796=CARTESIAN_POINT('Ctrl Pts',(26.2948483526665,5.80879300844462,0.));
#11797=CARTESIAN_POINT('Ctrl Pts',(26.2948483526665,5.80879300844462,0.2));
#11798=CARTESIAN_POINT('Ctrl Pts',(26.3992928091663,5.78251096911953,0.));
#11799=CARTESIAN_POINT('Ctrl Pts',(26.3992928091663,5.78251096911953,0.2));
#11800=CARTESIAN_POINT('Ctrl Pts',(26.50696461068,5.77927994087796,0.));
#11801=CARTESIAN_POINT('Ctrl Pts',(26.50696461068,5.77927994087796,0.2));
#11802=CARTESIAN_POINT('Ctrl Pts',(26.5620723553002,5.77762626111507,0.));
#11803=CARTESIAN_POINT('Ctrl Pts',(26.5620723553002,5.77762626111507,0.2));
#11804=CARTESIAN_POINT('',(26.2438598461449,5.82162357866764,0.));
#11805=CARTESIAN_POINT('Ctrl Pts',(26.2438598461449,5.82162357866764,0.));
#11806=CARTESIAN_POINT('Ctrl Pts',(26.2948483526665,5.80879300844462,0.));
#11807=CARTESIAN_POINT('Ctrl Pts',(26.3992928091663,5.78251096911953,0.));
#11808=CARTESIAN_POINT('Ctrl Pts',(26.50696461068,5.77927994087796,0.));
#11809=CARTESIAN_POINT('Ctrl Pts',(26.5620723553002,5.77762626111507,0.));
#11810=CARTESIAN_POINT('',(26.2438598461449,5.82162357866764,0.2));
#11811=CARTESIAN_POINT('',(26.2438598461449,5.82162357866764,0.));
#11812=CARTESIAN_POINT('Ctrl Pts',(26.2438598461449,5.82162357866764,0.2));
#11813=CARTESIAN_POINT('Ctrl Pts',(26.2948483526665,5.80879300844462,0.2));
#11814=CARTESIAN_POINT('Ctrl Pts',(26.3992928091663,5.78251096911953,0.2));
#11815=CARTESIAN_POINT('Ctrl Pts',(26.50696461068,5.77927994087796,0.2));
#11816=CARTESIAN_POINT('Ctrl Pts',(26.5620723553002,5.77762626111507,0.2));
#11817=CARTESIAN_POINT('Ctrl Pts',(26.0095492191613,5.9290587157011,0.));
#11818=CARTESIAN_POINT('Ctrl Pts',(26.0095492191613,5.9290587157011,0.2));
#11819=CARTESIAN_POINT('Ctrl Pts',(26.0427601989115,5.90816667569222,0.));
#11820=CARTESIAN_POINT('Ctrl Pts',(26.0427601989115,5.90816667569222,0.2));
#11821=CARTESIAN_POINT('Ctrl Pts',(26.1160455676041,5.86206502899874,0.));
#11822=CARTESIAN_POINT('Ctrl Pts',(26.1160455676041,5.86206502899874,0.2));
#11823=CARTESIAN_POINT('Ctrl Pts',(26.1986755654311,5.83592024305519,0.));
#11824=CARTESIAN_POINT('Ctrl Pts',(26.1986755654311,5.83592024305519,0.2));
#11825=CARTESIAN_POINT('Ctrl Pts',(26.2438598461449,5.82162357866764,0.));
#11826=CARTESIAN_POINT('Ctrl Pts',(26.2438598461449,5.82162357866764,0.2));
#11827=CARTESIAN_POINT('',(26.0095492191613,5.9290587157011,0.));
#11828=CARTESIAN_POINT('Ctrl Pts',(26.0095492191613,5.9290587157011,0.));
#11829=CARTESIAN_POINT('Ctrl Pts',(26.0427601989115,5.90816667569222,0.));
#11830=CARTESIAN_POINT('Ctrl Pts',(26.1160455676041,5.86206502899874,0.));
#11831=CARTESIAN_POINT('Ctrl Pts',(26.1986755654311,5.83592024305519,0.));
#11832=CARTESIAN_POINT('Ctrl Pts',(26.2438598461449,5.82162357866764,0.));
#11833=CARTESIAN_POINT('',(26.0095492191613,5.9290587157011,0.2));
#11834=CARTESIAN_POINT('',(26.0095492191613,5.9290587157011,0.));
#11835=CARTESIAN_POINT('Ctrl Pts',(26.0095492191613,5.9290587157011,0.2));
#11836=CARTESIAN_POINT('Ctrl Pts',(26.0427601989115,5.90816667569222,0.2));
#11837=CARTESIAN_POINT('Ctrl Pts',(26.1160455676041,5.86206502899874,0.2));
#11838=CARTESIAN_POINT('Ctrl Pts',(26.1986755654311,5.83592024305519,0.2));
#11839=CARTESIAN_POINT('Ctrl Pts',(26.2438598461449,5.82162357866764,0.2));
#11840=CARTESIAN_POINT('Ctrl Pts',(25.8284440822899,6.13472037017345,0.));
#11841=CARTESIAN_POINT('Ctrl Pts',(25.8284440822899,6.13472037017345,0.2));
#11842=CARTESIAN_POINT('Ctrl Pts',(25.8526273553197,6.0951922676502,0.));
#11843=CARTESIAN_POINT('Ctrl Pts',(25.8526273553197,6.0951922676502,0.2));
#11844=CARTESIAN_POINT('Ctrl Pts',(25.9010198002683,6.01609373028803,0.));
#11845=CARTESIAN_POINT('Ctrl Pts',(25.9010198002683,6.01609373028803,0.2));
#11846=CARTESIAN_POINT('Ctrl Pts',(25.9733598411061,5.95808073644954,0.));
#11847=CARTESIAN_POINT('Ctrl Pts',(25.9733598411061,5.95808073644954,0.2));
#11848=CARTESIAN_POINT('Ctrl Pts',(26.0095492191613,5.9290587157011,0.));
#11849=CARTESIAN_POINT('Ctrl Pts',(26.0095492191613,5.9290587157011,0.2));
#11850=CARTESIAN_POINT('',(25.8284440822899,6.13472037017345,0.));
#11851=CARTESIAN_POINT('Ctrl Pts',(25.8284440822899,6.13472037017345,0.));
#11852=CARTESIAN_POINT('Ctrl Pts',(25.8526273553197,6.0951922676502,0.));
#11853=CARTESIAN_POINT('Ctrl Pts',(25.9010198002683,6.01609373028803,0.));
#11854=CARTESIAN_POINT('Ctrl Pts',(25.9733598411061,5.95808073644954,0.));
#11855=CARTESIAN_POINT('Ctrl Pts',(26.0095492191613,5.9290587157011,0.));
#11856=CARTESIAN_POINT('',(25.8284440822899,6.13472037017345,0.2));
#11857=CARTESIAN_POINT('',(25.8284440822899,6.13472037017345,0.));
#11858=CARTESIAN_POINT('Ctrl Pts',(25.8284440822899,6.13472037017345,0.2));
#11859=CARTESIAN_POINT('Ctrl Pts',(25.8526273553197,6.0951922676502,0.2));
#11860=CARTESIAN_POINT('Ctrl Pts',(25.9010198002683,6.01609373028803,0.2));
#11861=CARTESIAN_POINT('Ctrl Pts',(25.9733598411061,5.95808073644954,0.2));
#11862=CARTESIAN_POINT('Ctrl Pts',(26.0095492191613,5.9290587157011,0.2));
#11863=CARTESIAN_POINT('Ctrl Pts',(25.7619372196496,6.40381999313831,0.));
#11864=CARTESIAN_POINT('Ctrl Pts',(25.7619372196496,6.40381999313831,0.2));
#11865=CARTESIAN_POINT('Ctrl Pts',(25.7646097041779,6.35646702395515,0.));
#11866=CARTESIAN_POINT('Ctrl Pts',(25.7646097041779,6.35646702395515,0.2));
#11867=CARTESIAN_POINT('Ctrl Pts',(25.7699085587742,6.2625781741817,0.));
#11868=CARTESIAN_POINT('Ctrl Pts',(25.7699085587742,6.2625781741817,0.2));
#11869=CARTESIAN_POINT('Ctrl Pts',(25.8090457745591,6.17709164967994,0.));
#11870=CARTESIAN_POINT('Ctrl Pts',(25.8090457745591,6.17709164967994,0.2));
#11871=CARTESIAN_POINT('Ctrl Pts',(25.8284440822899,6.13472037017345,0.));
#11872=CARTESIAN_POINT('Ctrl Pts',(25.8284440822899,6.13472037017345,0.2));
#11873=CARTESIAN_POINT('',(25.7619372196496,6.40381999313831,0.));
#11874=CARTESIAN_POINT('Ctrl Pts',(25.7619372196496,6.40381999313831,0.));
#11875=CARTESIAN_POINT('Ctrl Pts',(25.7646097041779,6.35646702395515,0.));
#11876=CARTESIAN_POINT('Ctrl Pts',(25.7699085587742,6.2625781741817,0.));
#11877=CARTESIAN_POINT('Ctrl Pts',(25.8090457745591,6.17709164967994,0.));
#11878=CARTESIAN_POINT('Ctrl Pts',(25.8284440822899,6.13472037017345,0.));
#11879=CARTESIAN_POINT('',(25.7619372196496,6.40381999313831,0.2));
#11880=CARTESIAN_POINT('',(25.7619372196496,6.40381999313831,0.));
#11881=CARTESIAN_POINT('Ctrl Pts',(25.7619372196496,6.40381999313831,0.2));
#11882=CARTESIAN_POINT('Ctrl Pts',(25.7646097041779,6.35646702395515,0.2));
#11883=CARTESIAN_POINT('Ctrl Pts',(25.7699085587742,6.2625781741817,0.2));
#11884=CARTESIAN_POINT('Ctrl Pts',(25.8090457745591,6.17709164967994,0.2));
#11885=CARTESIAN_POINT('Ctrl Pts',(25.8284440822899,6.13472037017345,0.2));
#11886=CARTESIAN_POINT('Ctrl Pts',(25.8427682705224,6.69542990624905,0.));
#11887=CARTESIAN_POINT('Ctrl Pts',(25.8427682705224,6.69542990624905,0.2));
#11888=CARTESIAN_POINT('Ctrl Pts',(25.819193287834,6.65006803668676,0.));
#11889=CARTESIAN_POINT('Ctrl Pts',(25.819193287834,6.65006803668676,0.2));
#11890=CARTESIAN_POINT('Ctrl Pts',(25.77165577491,6.55859859685368,0.));
#11891=CARTESIAN_POINT('Ctrl Pts',(25.77165577491,6.55859859685368,0.2));
#11892=CARTESIAN_POINT('Ctrl Pts',(25.765194297044,6.45569250688049,0.));
#11893=CARTESIAN_POINT('Ctrl Pts',(25.765194297044,6.45569250688049,0.2));
#11894=CARTESIAN_POINT('Ctrl Pts',(25.7619372196496,6.40381999313831,0.));
#11895=CARTESIAN_POINT('Ctrl Pts',(25.7619372196496,6.40381999313831,0.2));
#11896=CARTESIAN_POINT('',(25.8427682705224,6.69542990624905,0.));
#11897=CARTESIAN_POINT('Ctrl Pts',(25.8427682705224,6.69542990624905,0.));
#11898=CARTESIAN_POINT('Ctrl Pts',(25.819193287834,6.65006803668676,0.));
#11899=CARTESIAN_POINT('Ctrl Pts',(25.77165577491,6.55859859685368,0.));
#11900=CARTESIAN_POINT('Ctrl Pts',(25.765194297044,6.45569250688049,0.));
#11901=CARTESIAN_POINT('Ctrl Pts',(25.7619372196496,6.40381999313831,0.));
#11902=CARTESIAN_POINT('',(25.8427682705224,6.69542990624905,0.2));
#11903=CARTESIAN_POINT('',(25.8427682705224,6.69542990624905,0.));
#11904=CARTESIAN_POINT('Ctrl Pts',(25.8427682705224,6.69542990624905,0.2));
#11905=CARTESIAN_POINT('Ctrl Pts',(25.819193287834,6.65006803668676,0.2));
#11906=CARTESIAN_POINT('Ctrl Pts',(25.77165577491,6.55859859685368,0.2));
#11907=CARTESIAN_POINT('Ctrl Pts',(25.765194297044,6.45569250688049,0.2));
#11908=CARTESIAN_POINT('Ctrl Pts',(25.7619372196496,6.40381999313831,0.2));
#11909=CARTESIAN_POINT('Ctrl Pts',(26.0801497288048,6.90211482346058,0.));
#11910=CARTESIAN_POINT('Ctrl Pts',(26.0801497288048,6.90211482346058,0.2));
#11911=CARTESIAN_POINT('Ctrl Pts',(26.0315619901579,6.87553268757927,0.));
#11912=CARTESIAN_POINT('Ctrl Pts',(26.0315619901579,6.87553268757927,0.2));
#11913=CARTESIAN_POINT('Ctrl Pts',(25.9372417266219,6.82393049057448,0.));
#11914=CARTESIAN_POINT('Ctrl Pts',(25.9372417266219,6.82393049057448,0.2));
#11915=CARTESIAN_POINT('Ctrl Pts',(25.8736174219817,6.7373902001997,0.));
#11916=CARTESIAN_POINT('Ctrl Pts',(25.8736174219817,6.7373902001997,0.2));
#11917=CARTESIAN_POINT('Ctrl Pts',(25.8427682705224,6.69542990624905,0.));
#11918=CARTESIAN_POINT('Ctrl Pts',(25.8427682705224,6.69542990624905,0.2));
#11919=CARTESIAN_POINT('',(26.0801497288048,6.90211482346058,0.));
#11920=CARTESIAN_POINT('Ctrl Pts',(26.0801497288048,6.90211482346058,0.));
#11921=CARTESIAN_POINT('Ctrl Pts',(26.0315619901579,6.87553268757927,0.));
#11922=CARTESIAN_POINT('Ctrl Pts',(25.9372417266219,6.82393049057448,0.));
#11923=CARTESIAN_POINT('Ctrl Pts',(25.8736174219817,6.7373902001997,0.));
#11924=CARTESIAN_POINT('Ctrl Pts',(25.8427682705224,6.69542990624905,0.));
#11925=CARTESIAN_POINT('',(26.0801497288048,6.90211482346058,0.2));
#11926=CARTESIAN_POINT('',(26.0801497288048,6.90211482346058,0.));
#11927=CARTESIAN_POINT('Ctrl Pts',(26.0801497288048,6.90211482346058,0.2));
#11928=CARTESIAN_POINT('Ctrl Pts',(26.0315619901579,6.87553268757927,0.2));
#11929=CARTESIAN_POINT('Ctrl Pts',(25.9372417266219,6.82393049057448,0.2));
#11930=CARTESIAN_POINT('Ctrl Pts',(25.8736174219817,6.7373902001997,0.2));
#11931=CARTESIAN_POINT('Ctrl Pts',(25.8427682705224,6.69542990624905,0.2));
#11932=CARTESIAN_POINT('Ctrl Pts',(26.6418829746544,7.07912720739841,0.));
#11933=CARTESIAN_POINT('Ctrl Pts',(26.6418829746544,7.07912720739841,0.2));
#11934=CARTESIAN_POINT('Ctrl Pts',(26.5265911793198,7.05024705312353,0.));
#11935=CARTESIAN_POINT('Ctrl Pts',(26.5265911793198,7.05024705312353,0.2));
#11936=CARTESIAN_POINT('Ctrl Pts',(26.3357106683767,7.00243221436499,0.));
#11937=CARTESIAN_POINT('Ctrl Pts',(26.3357106683767,7.00243221436499,0.2));
#11938=CARTESIAN_POINT('Ctrl Pts',(26.1526441156124,6.93057162813477,0.));
#11939=CARTESIAN_POINT('Ctrl Pts',(26.1526441156124,6.93057162813477,0.2));
#11940=CARTESIAN_POINT('Ctrl Pts',(26.0801497288048,6.90211482346058,0.));
#11941=CARTESIAN_POINT('Ctrl Pts',(26.0801497288048,6.90211482346058,0.2));
#11942=CARTESIAN_POINT('',(26.6418829746544,7.07912720739841,0.));
#11943=CARTESIAN_POINT('Ctrl Pts',(26.6418829746544,7.07912720739841,0.));
#11944=CARTESIAN_POINT('Ctrl Pts',(26.5265911793198,7.05024705312353,0.));
#11945=CARTESIAN_POINT('Ctrl Pts',(26.3357106683767,7.00243221436499,0.));
#11946=CARTESIAN_POINT('Ctrl Pts',(26.1526441156124,6.93057162813477,0.));
#11947=CARTESIAN_POINT('Ctrl Pts',(26.0801497288048,6.90211482346058,0.));
#11948=CARTESIAN_POINT('',(26.6418829746544,7.07912720739841,0.2));
#11949=CARTESIAN_POINT('',(26.6418829746544,7.07912720739841,0.));
#11950=CARTESIAN_POINT('Ctrl Pts',(26.6418829746544,7.07912720739841,0.2));
#11951=CARTESIAN_POINT('Ctrl Pts',(26.5265911793198,7.05024705312353,0.2));
#11952=CARTESIAN_POINT('Ctrl Pts',(26.3357106683767,7.00243221436499,0.2));
#11953=CARTESIAN_POINT('Ctrl Pts',(26.1526441156124,6.93057162813477,0.2));
#11954=CARTESIAN_POINT('Ctrl Pts',(26.0801497288048,6.90211482346058,0.2));
#11955=CARTESIAN_POINT('Ctrl Pts',(27.0184174366295,7.20395661890507,0.));
#11956=CARTESIAN_POINT('Ctrl Pts',(27.0184174366295,7.20395661890507,0.2));
#11957=CARTESIAN_POINT('Ctrl Pts',(26.9747751619023,7.18435786391747,0.));
#11958=CARTESIAN_POINT('Ctrl Pts',(26.9747751619023,7.18435786391747,0.2));
#11959=CARTESIAN_POINT('Ctrl Pts',(26.8537365096978,7.13000215254794,0.));
#11960=CARTESIAN_POINT('Ctrl Pts',(26.8537365096978,7.13000215254794,0.2));
#11961=CARTESIAN_POINT('Ctrl Pts',(26.7245130233631,7.09897015783535,0.));
#11962=CARTESIAN_POINT('Ctrl Pts',(26.7245130233631,7.09897015783535,0.2));
#11963=CARTESIAN_POINT('Ctrl Pts',(26.6418829746544,7.07912720739841,0.));
#11964=CARTESIAN_POINT('Ctrl Pts',(26.6418829746544,7.07912720739841,0.2));
#11965=CARTESIAN_POINT('',(27.0184174366295,7.20395661890507,0.));
#11966=CARTESIAN_POINT('Ctrl Pts',(27.0184174366295,7.20395661890507,0.));
#11967=CARTESIAN_POINT('Ctrl Pts',(26.9747751619023,7.18435786391747,0.));
#11968=CARTESIAN_POINT('Ctrl Pts',(26.8537365096978,7.13000215254794,0.));
#11969=CARTESIAN_POINT('Ctrl Pts',(26.7245130233631,7.09897015783535,0.));
#11970=CARTESIAN_POINT('Ctrl Pts',(26.6418829746544,7.07912720739841,0.));
#11971=CARTESIAN_POINT('',(27.0184174366295,7.20395661890507,0.2));
#11972=CARTESIAN_POINT('',(27.0184174366295,7.20395661890507,0.));
#11973=CARTESIAN_POINT('Ctrl Pts',(27.0184174366295,7.20395661890507,0.2));
#11974=CARTESIAN_POINT('Ctrl Pts',(26.9747751619023,7.18435786391747,0.2));
#11975=CARTESIAN_POINT('Ctrl Pts',(26.8537365096978,7.13000215254794,0.2));
#11976=CARTESIAN_POINT('Ctrl Pts',(26.7245130233631,7.09897015783535,0.2));
#11977=CARTESIAN_POINT('Ctrl Pts',(26.6418829746544,7.07912720739841,0.2));
#11978=CARTESIAN_POINT('Ctrl Pts',(27.1268764324486,7.40040935575962,0.));
#11979=CARTESIAN_POINT('Ctrl Pts',(27.1268764324486,7.40040935575962,0.2));
#11980=CARTESIAN_POINT('Ctrl Pts',(27.1221416023939,7.36087566115524,0.));
#11981=CARTESIAN_POINT('Ctrl Pts',(27.1221416023939,7.36087566115524,0.2));
#11982=CARTESIAN_POINT('Ctrl Pts',(27.1125556184227,7.28083702018491,0.));
#11983=CARTESIAN_POINT('Ctrl Pts',(27.1125556184227,7.28083702018491,0.2));
#11984=CARTESIAN_POINT('Ctrl Pts',(27.050049662688,7.22978990128238,0.));
#11985=CARTESIAN_POINT('Ctrl Pts',(27.050049662688,7.22978990128238,0.2));
#11986=CARTESIAN_POINT('Ctrl Pts',(27.0184174366295,7.20395661890507,0.));
#11987=CARTESIAN_POINT('Ctrl Pts',(27.0184174366295,7.20395661890507,0.2));
#11988=CARTESIAN_POINT('',(27.1268764324486,7.40040935575962,0.));
#11989=CARTESIAN_POINT('Ctrl Pts',(27.1268764324486,7.40040935575962,0.));
#11990=CARTESIAN_POINT('Ctrl Pts',(27.1221416023939,7.36087566115524,0.));
#11991=CARTESIAN_POINT('Ctrl Pts',(27.1125556184227,7.28083702018491,0.));
#11992=CARTESIAN_POINT('Ctrl Pts',(27.050049662688,7.22978990128238,0.));
#11993=CARTESIAN_POINT('Ctrl Pts',(27.0184174366295,7.20395661890507,0.));
#11994=CARTESIAN_POINT('',(27.1268764324486,7.40040935575962,0.2));
#11995=CARTESIAN_POINT('',(27.1268764324486,7.40040935575962,0.));
#11996=CARTESIAN_POINT('Ctrl Pts',(27.1268764324486,7.40040935575962,0.2));
#11997=CARTESIAN_POINT('Ctrl Pts',(27.1221416023939,7.36087566115524,0.2));
#11998=CARTESIAN_POINT('Ctrl Pts',(27.1125556184227,7.28083702018491,0.2));
#11999=CARTESIAN_POINT('Ctrl Pts',(27.050049662688,7.22978990128238,0.2));
#12000=CARTESIAN_POINT('Ctrl Pts',(27.0184174366295,7.20395661890507,0.2));
#12001=CARTESIAN_POINT('Ctrl Pts',(27.0040932483971,7.64290608465672,0.));
#12002=CARTESIAN_POINT('Ctrl Pts',(27.0040932483971,7.64290608465672,0.2));
#12003=CARTESIAN_POINT('Ctrl Pts',(27.039886718487,7.60799474403811,0.));
#12004=CARTESIAN_POINT('Ctrl Pts',(27.039886718487,7.60799474403811,0.2));
#12005=CARTESIAN_POINT('Ctrl Pts',(27.1086504860239,7.54092565840111,0.));
#12006=CARTESIAN_POINT('Ctrl Pts',(27.1086504860239,7.54092565840111,0.2));
#12007=CARTESIAN_POINT('Ctrl Pts',(27.1209697101037,7.44594832341008,0.));
#12008=CARTESIAN_POINT('Ctrl Pts',(27.1209697101037,7.44594832341008,0.2));
#12009=CARTESIAN_POINT('Ctrl Pts',(27.1268764324486,7.40040935575962,0.));
#12010=CARTESIAN_POINT('Ctrl Pts',(27.1268764324486,7.40040935575962,0.2));
#12011=CARTESIAN_POINT('',(27.0040932483971,7.64290608465672,0.));
#12012=CARTESIAN_POINT('Ctrl Pts',(27.0040932483971,7.64290608465672,0.));
#12013=CARTESIAN_POINT('Ctrl Pts',(27.039886718487,7.60799474403811,0.));
#12014=CARTESIAN_POINT('Ctrl Pts',(27.1086504860239,7.54092565840111,0.));
#12015=CARTESIAN_POINT('Ctrl Pts',(27.1209697101037,7.44594832341008,0.));
#12016=CARTESIAN_POINT('Ctrl Pts',(27.1268764324486,7.40040935575962,0.));
#12017=CARTESIAN_POINT('',(27.0040932483971,7.64290608465672,0.2));
#12018=CARTESIAN_POINT('',(27.0040932483971,7.64290608465672,0.));
#12019=CARTESIAN_POINT('Ctrl Pts',(27.0040932483971,7.64290608465672,0.2));
#12020=CARTESIAN_POINT('Ctrl Pts',(27.039886718487,7.60799474403811,0.2));
#12021=CARTESIAN_POINT('Ctrl Pts',(27.1086504860239,7.54092565840111,0.2));
#12022=CARTESIAN_POINT('Ctrl Pts',(27.1209697101037,7.44594832341008,0.2));
#12023=CARTESIAN_POINT('Ctrl Pts',(27.1268764324486,7.40040935575962,0.2));
#12024=CARTESIAN_POINT('Ctrl Pts',(26.6275564022362,7.74624861776829,0.));
#12025=CARTESIAN_POINT('Ctrl Pts',(26.6275564022362,7.74624861776829,0.2));
#12026=CARTESIAN_POINT('Ctrl Pts',(26.7032723266653,7.74450721989352,0.));
#12027=CARTESIAN_POINT('Ctrl Pts',(26.7032723266653,7.74450721989352,0.2));
#12028=CARTESIAN_POINT('Ctrl Pts',(26.8381165430403,7.74140592470904,0.));
#12029=CARTESIAN_POINT('Ctrl Pts',(26.8381165430403,7.74140592470904,0.2));
#12030=CARTESIAN_POINT('Ctrl Pts',(26.9534988668762,7.67293161430342,0.));
#12031=CARTESIAN_POINT('Ctrl Pts',(26.9534988668762,7.67293161430342,0.2));
#12032=CARTESIAN_POINT('Ctrl Pts',(27.0040932483971,7.64290608465672,0.));
#12033=CARTESIAN_POINT('Ctrl Pts',(27.0040932483971,7.64290608465672,0.2));
#12034=CARTESIAN_POINT('',(26.6275564022362,7.74624861776829,0.));
#12035=CARTESIAN_POINT('Ctrl Pts',(26.6275564022362,7.74624861776829,0.));
#12036=CARTESIAN_POINT('Ctrl Pts',(26.7032723266653,7.74450721989352,0.));
#12037=CARTESIAN_POINT('Ctrl Pts',(26.8381165430403,7.74140592470904,0.));
#12038=CARTESIAN_POINT('Ctrl Pts',(26.9534988668762,7.67293161430342,0.));
#12039=CARTESIAN_POINT('Ctrl Pts',(27.0040932483971,7.64290608465672,0.));
#12040=CARTESIAN_POINT('',(26.6275564022362,7.74624861776829,0.2));
#12041=CARTESIAN_POINT('',(26.6275564022362,7.74624861776829,0.));
#12042=CARTESIAN_POINT('Ctrl Pts',(26.6275564022362,7.74624861776829,0.2));
#12043=CARTESIAN_POINT('Ctrl Pts',(26.7032723266653,7.74450721989352,0.2));
#12044=CARTESIAN_POINT('Ctrl Pts',(26.8381165430403,7.74140592470904,0.2));
#12045=CARTESIAN_POINT('Ctrl Pts',(26.9534988668762,7.67293161430342,0.2));
#12046=CARTESIAN_POINT('Ctrl Pts',(27.0040932483971,7.64290608465672,0.2));
#12047=CARTESIAN_POINT('Ctrl Pts',(26.2356749363244,7.62960441410542,0.));
#12048=CARTESIAN_POINT('Ctrl Pts',(26.2356749363244,7.62960441410542,0.2));
#12049=CARTESIAN_POINT('Ctrl Pts',(26.2901872074645,7.66355752830367,0.));
#12050=CARTESIAN_POINT('Ctrl Pts',(26.2901872074645,7.66355752830367,0.2));
#12051=CARTESIAN_POINT('Ctrl Pts',(26.4096411626315,7.73795974447242,0.));
#12052=CARTESIAN_POINT('Ctrl Pts',(26.4096411626315,7.73795974447242,0.2));
#12053=CARTESIAN_POINT('Ctrl Pts',(26.5508095621433,7.74332938717871,0.));
#12054=CARTESIAN_POINT('Ctrl Pts',(26.5508095621433,7.74332938717871,0.2));
#12055=CARTESIAN_POINT('Ctrl Pts',(26.6275564022362,7.74624861776829,0.));
#12056=CARTESIAN_POINT('Ctrl Pts',(26.6275564022362,7.74624861776829,0.2));
#12057=CARTESIAN_POINT('',(26.2356749363244,7.62960441410542,0.));
#12058=CARTESIAN_POINT('Ctrl Pts',(26.2356749363244,7.62960441410542,0.));
#12059=CARTESIAN_POINT('Ctrl Pts',(26.2901872074645,7.66355752830367,0.));
#12060=CARTESIAN_POINT('Ctrl Pts',(26.4096411626315,7.73795974447242,0.));
#12061=CARTESIAN_POINT('Ctrl Pts',(26.5508095621433,7.74332938717871,0.));
#12062=CARTESIAN_POINT('Ctrl Pts',(26.6275564022362,7.74624861776829,0.));
#12063=CARTESIAN_POINT('',(26.2356749363244,7.62960441410542,0.2));
#12064=CARTESIAN_POINT('',(26.2356749363244,7.62960441410542,0.));
#12065=CARTESIAN_POINT('Ctrl Pts',(26.2356749363244,7.62960441410542,0.2));
#12066=CARTESIAN_POINT('Ctrl Pts',(26.2901872074645,7.66355752830367,0.2));
#12067=CARTESIAN_POINT('Ctrl Pts',(26.4096411626315,7.73795974447242,0.2));
#12068=CARTESIAN_POINT('Ctrl Pts',(26.5508095621433,7.74332938717871,0.2));
#12069=CARTESIAN_POINT('Ctrl Pts',(26.6275564022362,7.74624861776829,0.2));
#12070=CARTESIAN_POINT('Ctrl Pts',(26.0648027248681,7.29399748146534,0.));
#12071=CARTESIAN_POINT('Ctrl Pts',(26.0648027248681,7.29399748146534,0.2));
#12072=CARTESIAN_POINT('Ctrl Pts',(26.0782415185275,7.36154694285349,0.));
#12073=CARTESIAN_POINT('Ctrl Pts',(26.0782415185275,7.36154694285349,0.2));
#12074=CARTESIAN_POINT('Ctrl Pts',(26.1037625323914,7.48982711325205,0.));
#12075=CARTESIAN_POINT('Ctrl Pts',(26.1037625323914,7.48982711325205,0.2));
#12076=CARTESIAN_POINT('Ctrl Pts',(26.1932904246858,7.58469284811022,0.));
#12077=CARTESIAN_POINT('Ctrl Pts',(26.1932904246858,7.58469284811022,0.2));
#12078=CARTESIAN_POINT('Ctrl Pts',(26.2356749363244,7.62960441410542,0.));
#12079=CARTESIAN_POINT('Ctrl Pts',(26.2356749363244,7.62960441410542,0.2));
#12080=CARTESIAN_POINT('',(26.0648027248681,7.29399748146534,0.));
#12081=CARTESIAN_POINT('Ctrl Pts',(26.0648027248681,7.29399748146534,0.));
#12082=CARTESIAN_POINT('Ctrl Pts',(26.0782415185275,7.36154694285349,0.));
#12083=CARTESIAN_POINT('Ctrl Pts',(26.1037625323914,7.48982711325205,0.));
#12084=CARTESIAN_POINT('Ctrl Pts',(26.1932904246858,7.58469284811022,0.));
#12085=CARTESIAN_POINT('Ctrl Pts',(26.2356749363244,7.62960441410542,0.));
#12086=CARTESIAN_POINT('',(26.0648027248681,7.29399748146534,0.2));
#12087=CARTESIAN_POINT('',(26.0648027248681,7.29399748146534,0.));
#12088=CARTESIAN_POINT('Ctrl Pts',(26.0648027248681,7.29399748146534,0.2));
#12089=CARTESIAN_POINT('Ctrl Pts',(26.0782415185275,7.36154694285349,0.2));
#12090=CARTESIAN_POINT('Ctrl Pts',(26.1037625323914,7.48982711325205,0.2));
#12091=CARTESIAN_POINT('Ctrl Pts',(26.1932904246858,7.58469284811022,0.2));
#12092=CARTESIAN_POINT('Ctrl Pts',(26.2356749363244,7.62960441410542,0.2));
#12093=CARTESIAN_POINT('Origin',(25.7005468197167,7.35129632055759,0.));
#12094=CARTESIAN_POINT('',(25.7005468197167,7.35129632055759,0.));
#12095=CARTESIAN_POINT('',(25.1636537809786,7.43575163727681,0.));
#12096=CARTESIAN_POINT('',(25.7005468197167,7.35129632055759,0.2));
#12097=CARTESIAN_POINT('',(25.7005468197167,7.35129632055759,0.));
#12098=CARTESIAN_POINT('',(25.7005468197167,7.35129632055759,0.2));
#12099=CARTESIAN_POINT('Ctrl Pts',(25.9839692898095,7.87312425673008,0.));
#12100=CARTESIAN_POINT('Ctrl Pts',(25.9839692898095,7.87312425673008,0.2));
#12101=CARTESIAN_POINT('Ctrl Pts',(25.9161598910223,7.80431376689904,0.));
#12102=CARTESIAN_POINT('Ctrl Pts',(25.9161598910223,7.80431376689904,0.2));
#12103=CARTESIAN_POINT('Ctrl Pts',(25.7720313322185,7.65805739378076,0.));
#12104=CARTESIAN_POINT('Ctrl Pts',(25.7720313322185,7.65805739378076,0.2));
#12105=CARTESIAN_POINT('Ctrl Pts',(25.7252948097505,7.4574972264208,0.));
#12106=CARTESIAN_POINT('Ctrl Pts',(25.7252948097505,7.4574972264208,0.2));
#12107=CARTESIAN_POINT('Ctrl Pts',(25.7005468197167,7.35129632055759,0.));
#12108=CARTESIAN_POINT('Ctrl Pts',(25.7005468197167,7.35129632055759,0.2));
#12109=CARTESIAN_POINT('Ctrl Pts',(25.9839692898095,7.87312425673008,0.));
#12110=CARTESIAN_POINT('Ctrl Pts',(25.9161598910223,7.80431376689904,0.));
#12111=CARTESIAN_POINT('Ctrl Pts',(25.7720313322185,7.65805739378076,0.));
#12112=CARTESIAN_POINT('Ctrl Pts',(25.7252948097505,7.4574972264208,0.));
#12113=CARTESIAN_POINT('Ctrl Pts',(25.7005468197167,7.35129632055759,0.));
#12114=CARTESIAN_POINT('Ctrl Pts',(25.9839692898095,7.87312425673008,0.2));
#12115=CARTESIAN_POINT('Ctrl Pts',(25.9161598910223,7.80431376689904,0.2));
#12116=CARTESIAN_POINT('Ctrl Pts',(25.7720313322185,7.65805739378076,0.2));
#12117=CARTESIAN_POINT('Ctrl Pts',(25.7252948097505,7.4574972264208,0.2));
#12118=CARTESIAN_POINT('Ctrl Pts',(25.7005468197167,7.35129632055759,0.2));
#12119=CARTESIAN_POINT('Origin',(29.9999997206032,6.94099597632885,0.2));
#12120=CARTESIAN_POINT('Ctrl Pts',(25.2002039737999,7.65825398266315,0.));
#12121=CARTESIAN_POINT('Ctrl Pts',(25.2002039737999,7.65825398266315,0.2));
#12122=CARTESIAN_POINT('Ctrl Pts',(25.2177777184253,7.66598451119411,0.));
#12123=CARTESIAN_POINT('Ctrl Pts',(25.2177777184253,7.66598451119411,0.2));
#12124=CARTESIAN_POINT('Ctrl Pts',(25.257740601527,7.68356381569535,0.));
#12125=CARTESIAN_POINT('Ctrl Pts',(25.257740601527,7.68356381569535,0.2));
#12126=CARTESIAN_POINT('Ctrl Pts',(25.3015268286021,7.68439266455435,0.));
#12127=CARTESIAN_POINT('Ctrl Pts',(25.3015268286021,7.68439266455435,0.2));
#12128=CARTESIAN_POINT('Ctrl Pts',(25.3260579891503,7.68485702574253,0.));
#12129=CARTESIAN_POINT('Ctrl Pts',(25.3260579891503,7.68485702574253,0.2));
#12130=CARTESIAN_POINT('',(25.2002039737999,7.65825398266315,0.));
#12131=CARTESIAN_POINT('',(25.3260579891503,7.68485702574253,0.));
#12132=CARTESIAN_POINT('Ctrl Pts',(25.2002039737999,7.65825398266315,0.));
#12133=CARTESIAN_POINT('Ctrl Pts',(25.2177777184253,7.66598451119411,0.));
#12134=CARTESIAN_POINT('Ctrl Pts',(25.257740601527,7.68356381569535,0.));
#12135=CARTESIAN_POINT('Ctrl Pts',(25.3015268286021,7.68439266455435,0.));
#12136=CARTESIAN_POINT('Ctrl Pts',(25.3260579891503,7.68485702574253,0.));
#12137=CARTESIAN_POINT('',(25.2002039737999,7.65825398266315,0.2));
#12138=CARTESIAN_POINT('',(25.2002039737999,7.65825398266315,0.));
#12139=CARTESIAN_POINT('',(25.3260579891503,7.68485702574253,0.2));
#12140=CARTESIAN_POINT('Ctrl Pts',(25.2002039737999,7.65825398266315,0.2));
#12141=CARTESIAN_POINT('Ctrl Pts',(25.2177777184253,7.66598451119411,0.2));
#12142=CARTESIAN_POINT('Ctrl Pts',(25.257740601527,7.68356381569535,0.2));
#12143=CARTESIAN_POINT('Ctrl Pts',(25.3015268286021,7.68439266455435,0.2));
#12144=CARTESIAN_POINT('Ctrl Pts',(25.3260579891503,7.68485702574253,0.2));
#12145=CARTESIAN_POINT('',(25.3260579891503,7.68485702574253,0.));
#12146=CARTESIAN_POINT('Ctrl Pts',(25.1367679424584,7.58663035929203,0.));
#12147=CARTESIAN_POINT('Ctrl Pts',(25.1367679424584,7.58663035929203,0.2));
#12148=CARTESIAN_POINT('Ctrl Pts',(25.1443626589783,7.6009244240873,0.));
#12149=CARTESIAN_POINT('Ctrl Pts',(25.1443626589783,7.6009244240873,0.2));
#12150=CARTESIAN_POINT('Ctrl Pts',(25.1597474270636,7.62988019502296,0.));
#12151=CARTESIAN_POINT('Ctrl Pts',(25.1597474270636,7.62988019502296,0.2));
#12152=CARTESIAN_POINT('Ctrl Pts',(25.1866047920162,7.64871633481284,0.));
#12153=CARTESIAN_POINT('Ctrl Pts',(25.1866047920162,7.64871633481284,0.2));
#12154=CARTESIAN_POINT('Ctrl Pts',(25.2002039737999,7.65825398266315,0.));
#12155=CARTESIAN_POINT('Ctrl Pts',(25.2002039737999,7.65825398266315,0.2));
#12156=CARTESIAN_POINT('',(25.1367679424584,7.58663035929203,0.));
#12157=CARTESIAN_POINT('Ctrl Pts',(25.1367679424584,7.58663035929203,0.));
#12158=CARTESIAN_POINT('Ctrl Pts',(25.1443626589783,7.6009244240873,0.));
#12159=CARTESIAN_POINT('Ctrl Pts',(25.1597474270636,7.62988019502296,0.));
#12160=CARTESIAN_POINT('Ctrl Pts',(25.1866047920162,7.64871633481284,0.));
#12161=CARTESIAN_POINT('Ctrl Pts',(25.2002039737999,7.65825398266315,0.));
#12162=CARTESIAN_POINT('',(25.1367679424584,7.58663035929203,0.2));
#12163=CARTESIAN_POINT('',(25.1367679424584,7.58663035929203,0.));
#12164=CARTESIAN_POINT('Ctrl Pts',(25.1367679424584,7.58663035929203,0.2));
#12165=CARTESIAN_POINT('Ctrl Pts',(25.1443626589783,7.6009244240873,0.2));
#12166=CARTESIAN_POINT('Ctrl Pts',(25.1597474270636,7.62988019502296,0.2));
#12167=CARTESIAN_POINT('Ctrl Pts',(25.1866047920162,7.64871633481284,0.2));
#12168=CARTESIAN_POINT('Ctrl Pts',(25.2002039737999,7.65825398266315,0.2));
#12169=CARTESIAN_POINT('Ctrl Pts',(25.1173272915184,7.38403834402561,0.));
#12170=CARTESIAN_POINT('Ctrl Pts',(25.1173272915184,7.38403834402561,0.2));
#12171=CARTESIAN_POINT('Ctrl Pts',(25.1167831889663,7.427437575718,0.));
#12172=CARTESIAN_POINT('Ctrl Pts',(25.1167831889663,7.427437575718,0.2));
#12173=CARTESIAN_POINT('Ctrl Pts',(25.1159257221668,7.49583166825222,0.));
#12174=CARTESIAN_POINT('Ctrl Pts',(25.1159257221668,7.49583166825222,0.2));
#12175=CARTESIAN_POINT('Ctrl Pts',(25.1311896767536,7.5623287629563,0.));
#12176=CARTESIAN_POINT('Ctrl Pts',(25.1311896767536,7.5623287629563,0.2));
#12177=CARTESIAN_POINT('Ctrl Pts',(25.1367679424584,7.58663035929203,0.));
#12178=CARTESIAN_POINT('Ctrl Pts',(25.1367679424584,7.58663035929203,0.2));
#12179=CARTESIAN_POINT('',(25.1173272915184,7.38403834402561,0.));
#12180=CARTESIAN_POINT('Ctrl Pts',(25.1173272915184,7.38403834402561,0.));
#12181=CARTESIAN_POINT('Ctrl Pts',(25.1167831889663,7.427437575718,0.));
#12182=CARTESIAN_POINT('Ctrl Pts',(25.1159257221668,7.49583166825222,0.));
#12183=CARTESIAN_POINT('Ctrl Pts',(25.1311896767536,7.5623287629563,0.));
#12184=CARTESIAN_POINT('Ctrl Pts',(25.1367679424584,7.58663035929203,0.));
#12185=CARTESIAN_POINT('',(25.1173272915184,7.38403834402561,0.2));
#12186=CARTESIAN_POINT('',(25.1173272915184,7.38403834402561,0.));
#12187=CARTESIAN_POINT('Ctrl Pts',(25.1173272915184,7.38403834402561,0.2));
#12188=CARTESIAN_POINT('Ctrl Pts',(25.1167831889663,7.427437575718,0.2));
#12189=CARTESIAN_POINT('Ctrl Pts',(25.1159257221668,7.49583166825222,0.2));
#12190=CARTESIAN_POINT('Ctrl Pts',(25.1311896767536,7.5623287629563,0.2));
#12191=CARTESIAN_POINT('Ctrl Pts',(25.1367679424584,7.58663035929203,0.2));
#12192=CARTESIAN_POINT('Origin',(25.1173272915184,6.11323349177837,0.));
#12193=CARTESIAN_POINT('',(25.1173272915184,6.11323349177837,0.));
#12194=CARTESIAN_POINT('',(25.1173272915184,22.3066167458892,0.));
#12195=CARTESIAN_POINT('',(25.1173272915184,6.11323349177837,0.2));
#12196=CARTESIAN_POINT('',(25.1173272915184,6.11323349177837,0.));
#12197=CARTESIAN_POINT('',(25.1173272915184,6.11323349177837,0.2));
#12198=CARTESIAN_POINT('Origin',(25.4877200908959,6.11323349177837,0.));
#12199=CARTESIAN_POINT('',(25.4877200908959,6.11323349177837,0.));
#12200=CARTESIAN_POINT('',(27.4938600454479,6.11323349177837,0.));
#12201=CARTESIAN_POINT('',(25.4877200908959,6.11323349177837,0.2));
#12202=CARTESIAN_POINT('',(25.4877200908959,6.11323349177837,0.));
#12203=CARTESIAN_POINT('',(25.4877200908959,6.11323349177837,0.2));
#12204=CARTESIAN_POINT('Origin',(25.4877200908959,5.82673959434032,0.));
#12205=CARTESIAN_POINT('',(25.4877200908959,5.82673959434032,0.));
#12206=CARTESIAN_POINT('',(25.4877200908959,22.1633697971702,0.));
#12207=CARTESIAN_POINT('',(25.4877200908959,5.82673959434032,0.2));
#12208=CARTESIAN_POINT('',(25.4877200908959,5.82673959434032,0.));
#12209=CARTESIAN_POINT('',(25.4877200908959,5.82673959434032,0.2));
#12210=CARTESIAN_POINT('Origin',(25.1173272915184,5.82673959434032,0.));
#12211=CARTESIAN_POINT('',(25.1173272915184,5.82673959434032,0.));
#12212=CARTESIAN_POINT('',(27.3086636457592,5.82673959434032,0.));
#12213=CARTESIAN_POINT('',(25.1173272915184,5.82673959434032,0.2));
#12214=CARTESIAN_POINT('',(25.1173272915184,5.82673959434032,0.));
#12215=CARTESIAN_POINT('',(25.1173272915184,5.82673959434032,0.2));
#12216=CARTESIAN_POINT('Origin',(25.1173272915184,5.0675306469202,0.));
#12217=CARTESIAN_POINT('',(25.1173272915184,5.0675306469202,0.));
#12218=CARTESIAN_POINT('',(25.1173272915184,21.7837653234601,0.));
#12219=CARTESIAN_POINT('',(25.1173272915184,5.0675306469202,0.2));
#12220=CARTESIAN_POINT('',(25.1173272915184,5.0675306469202,0.));
#12221=CARTESIAN_POINT('',(25.1173272915184,5.0675306469202,0.2));
#12222=CARTESIAN_POINT('Origin',(24.7510209865868,5.28854019939899,0.));
#12223=CARTESIAN_POINT('',(24.7510209865868,5.28854019939899,0.));
#12224=CARTESIAN_POINT('',(19.1466469447508,8.66991852195087,0.));
#12225=CARTESIAN_POINT('',(24.7510209865868,5.28854019939899,0.2));
#12226=CARTESIAN_POINT('',(24.7510209865868,5.28854019939899,0.));
#12227=CARTESIAN_POINT('',(24.7510209865868,5.28854019939899,0.2));
#12228=CARTESIAN_POINT('Origin',(24.7510209865868,5.82673959434032,0.));
#12229=CARTESIAN_POINT('',(24.7510209865868,5.82673959434032,0.));
#12230=CARTESIAN_POINT('',(24.7510209865868,22.1633697971702,0.));
#12231=CARTESIAN_POINT('',(24.7510209865868,5.82673959434032,0.2));
#12232=CARTESIAN_POINT('',(24.7510209865868,5.82673959434032,0.));
#12233=CARTESIAN_POINT('',(24.7510209865868,5.82673959434032,0.2));
#12234=CARTESIAN_POINT('Origin',(24.4808998890221,5.82673959434032,0.));
#12235=CARTESIAN_POINT('',(24.4808998890221,5.82673959434032,0.));
#12236=CARTESIAN_POINT('',(26.9904499445111,5.82673959434032,0.));
#12237=CARTESIAN_POINT('',(24.4808998890221,5.82673959434032,0.2));
#12238=CARTESIAN_POINT('',(24.4808998890221,5.82673959434032,0.));
#12239=CARTESIAN_POINT('',(24.4808998890221,5.82673959434032,0.2));
#12240=CARTESIAN_POINT('Origin',(24.4808998890221,6.11323349177837,0.));
#12241=CARTESIAN_POINT('',(24.4808998890221,6.11323349177837,0.));
#12242=CARTESIAN_POINT('',(24.4808998890221,22.3066167458892,0.));
#12243=CARTESIAN_POINT('',(24.4808998890221,6.11323349177837,0.2));
#12244=CARTESIAN_POINT('',(24.4808998890221,6.11323349177837,0.));
#12245=CARTESIAN_POINT('',(24.4808998890221,6.11323349177837,0.2));
#12246=CARTESIAN_POINT('Origin',(24.7510209865868,6.11323349177837,0.));
#12247=CARTESIAN_POINT('',(24.7510209865868,6.11323349177837,0.));
#12248=CARTESIAN_POINT('',(27.1255104932934,6.11323349177837,0.));
#12249=CARTESIAN_POINT('',(24.7510209865868,6.11323349177837,0.2));
#12250=CARTESIAN_POINT('',(24.7510209865868,6.11323349177837,0.));
#12251=CARTESIAN_POINT('',(24.7510209865868,6.11323349177837,0.2));
#12252=CARTESIAN_POINT('Origin',(24.7510209865868,7.3635745793581,0.));
#12253=CARTESIAN_POINT('',(24.7510209865868,7.3635745793581,0.));
#12254=CARTESIAN_POINT('',(24.7510209865868,22.9317872896791,0.));
#12255=CARTESIAN_POINT('',(24.7510209865868,7.3635745793581,0.2));
#12256=CARTESIAN_POINT('',(24.7510209865868,7.3635745793581,0.));
#12257=CARTESIAN_POINT('',(24.7510209865868,7.3635745793581,0.2));
#12258=CARTESIAN_POINT('Ctrl Pts',(24.7960439510643,7.79843129217625,0.));
#12259=CARTESIAN_POINT('Ctrl Pts',(24.7960439510643,7.79843129217625,0.2));
#12260=CARTESIAN_POINT('Ctrl Pts',(24.7831034006166,7.74517981824562,0.));
#12261=CARTESIAN_POINT('Ctrl Pts',(24.7831034006166,7.74517981824562,0.2));
#12262=CARTESIAN_POINT('Ctrl Pts',(24.748474299312,7.60267809911037,0.));
#12263=CARTESIAN_POINT('Ctrl Pts',(24.748474299312,7.60267809911037,0.2));
#12264=CARTESIAN_POINT('Ctrl Pts',(24.7500402291448,7.45565598987802,0.));
#12265=CARTESIAN_POINT('Ctrl Pts',(24.7500402291448,7.45565598987802,0.2));
#12266=CARTESIAN_POINT('Ctrl Pts',(24.7510209865868,7.3635745793581,0.));
#12267=CARTESIAN_POINT('Ctrl Pts',(24.7510209865868,7.3635745793581,0.2));
#12268=CARTESIAN_POINT('',(24.7960439510643,7.79843129217625,0.));
#12269=CARTESIAN_POINT('Ctrl Pts',(24.7960439510643,7.79843129217625,0.));
#12270=CARTESIAN_POINT('Ctrl Pts',(24.7831034006166,7.74517981824562,0.));
#12271=CARTESIAN_POINT('Ctrl Pts',(24.748474299312,7.60267809911037,0.));
#12272=CARTESIAN_POINT('Ctrl Pts',(24.7500402291448,7.45565598987802,0.));
#12273=CARTESIAN_POINT('Ctrl Pts',(24.7510209865868,7.3635745793581,0.));
#12274=CARTESIAN_POINT('',(24.7960439510643,7.79843129217625,0.2));
#12275=CARTESIAN_POINT('',(24.7960439510643,7.79843129217625,0.));
#12276=CARTESIAN_POINT('Ctrl Pts',(24.7960439510643,7.79843129217625,0.2));
#12277=CARTESIAN_POINT('Ctrl Pts',(24.7831034006166,7.74517981824562,0.2));
#12278=CARTESIAN_POINT('Ctrl Pts',(24.748474299312,7.60267809911037,0.2));
#12279=CARTESIAN_POINT('Ctrl Pts',(24.7500402291448,7.45565598987802,0.2));
#12280=CARTESIAN_POINT('Ctrl Pts',(24.7510209865868,7.3635745793581,0.2));
#12281=CARTESIAN_POINT('Ctrl Pts',(24.9515691585839,7.96521164476871,0.));
#12282=CARTESIAN_POINT('Ctrl Pts',(24.9515691585839,7.96521164476871,0.2));
#12283=CARTESIAN_POINT('Ctrl Pts',(24.917733193182,7.94300729739625,0.));
#12284=CARTESIAN_POINT('Ctrl Pts',(24.917733193182,7.94300729739625,0.2));
#12285=CARTESIAN_POINT('Ctrl Pts',(24.8522256475961,7.90001894815215,0.));
#12286=CARTESIAN_POINT('Ctrl Pts',(24.8522256475961,7.90001894815215,0.2));
#12287=CARTESIAN_POINT('Ctrl Pts',(24.8143540880663,7.83153965332332,0.));
#12288=CARTESIAN_POINT('Ctrl Pts',(24.8143540880663,7.83153965332332,0.2));
#12289=CARTESIAN_POINT('Ctrl Pts',(24.7960439510643,7.79843129217625,0.));
#12290=CARTESIAN_POINT('Ctrl Pts',(24.7960439510643,7.79843129217625,0.2));
#12291=CARTESIAN_POINT('',(24.9515691585839,7.96521164476871,0.));
#12292=CARTESIAN_POINT('Ctrl Pts',(24.9515691585839,7.96521164476871,0.));
#12293=CARTESIAN_POINT('Ctrl Pts',(24.917733193182,7.94300729739625,0.));
#12294=CARTESIAN_POINT('Ctrl Pts',(24.8522256475961,7.90001894815215,0.));
#12295=CARTESIAN_POINT('Ctrl Pts',(24.8143540880663,7.83153965332332,0.));
#12296=CARTESIAN_POINT('Ctrl Pts',(24.7960439510643,7.79843129217625,0.));
#12297=CARTESIAN_POINT('',(24.9515691585839,7.96521164476871,0.2));
#12298=CARTESIAN_POINT('',(24.9515691585839,7.96521164476871,0.));
#12299=CARTESIAN_POINT('Ctrl Pts',(24.9515691585839,7.96521164476871,0.2));
#12300=CARTESIAN_POINT('Ctrl Pts',(24.917733193182,7.94300729739625,0.2));
#12301=CARTESIAN_POINT('Ctrl Pts',(24.8522256475961,7.90001894815215,0.2));
#12302=CARTESIAN_POINT('Ctrl Pts',(24.8143540880663,7.83153965332332,0.2));
#12303=CARTESIAN_POINT('Ctrl Pts',(24.7960439510643,7.79843129217625,0.2));
#12304=CARTESIAN_POINT('Ctrl Pts',(25.2626195736229,8.02864946424961,0.));
#12305=CARTESIAN_POINT('Ctrl Pts',(25.2626195736229,8.02864946424961,0.2));
#12306=CARTESIAN_POINT('Ctrl Pts',(25.20236750749,8.02749078969963,0.));
#12307=CARTESIAN_POINT('Ctrl Pts',(25.20236750749,8.02749078969963,0.2));
#12308=CARTESIAN_POINT('Ctrl Pts',(25.0944957154081,8.0254163662289,0.));
#12309=CARTESIAN_POINT('Ctrl Pts',(25.0944957154081,8.0254163662289,0.2));
#12310=CARTESIAN_POINT('Ctrl Pts',(24.9953408289167,7.98364951439062,0.));
#12311=CARTESIAN_POINT('Ctrl Pts',(24.9953408289167,7.98364951439062,0.2));
#12312=CARTESIAN_POINT('Ctrl Pts',(24.9515691585839,7.96521164476871,0.));
#12313=CARTESIAN_POINT('Ctrl Pts',(24.9515691585839,7.96521164476871,0.2));
#12314=CARTESIAN_POINT('',(25.2626195736229,8.02864946424961,0.));
#12315=CARTESIAN_POINT('Ctrl Pts',(25.2626195736229,8.02864946424961,0.));
#12316=CARTESIAN_POINT('Ctrl Pts',(25.20236750749,8.02749078969963,0.));
#12317=CARTESIAN_POINT('Ctrl Pts',(25.0944957154081,8.0254163662289,0.));
#12318=CARTESIAN_POINT('Ctrl Pts',(24.9953408289167,7.98364951439062,0.));
#12319=CARTESIAN_POINT('Ctrl Pts',(24.9515691585839,7.96521164476871,0.));
#12320=CARTESIAN_POINT('',(25.2626195736229,8.02864946424961,0.2));
#12321=CARTESIAN_POINT('',(25.2626195736229,8.02864946424961,0.));
#12322=CARTESIAN_POINT('Ctrl Pts',(25.2626195736229,8.02864946424961,0.2));
#12323=CARTESIAN_POINT('Ctrl Pts',(25.20236750749,8.02749078969963,0.2));
#12324=CARTESIAN_POINT('Ctrl Pts',(25.0944957154081,8.0254163662289,0.2));
#12325=CARTESIAN_POINT('Ctrl Pts',(24.9953408289167,7.98364951439062,0.2));
#12326=CARTESIAN_POINT('Ctrl Pts',(24.9515691585839,7.96521164476871,0.2));
#12327=CARTESIAN_POINT('Ctrl Pts',(25.5409255810082,7.99590744078159,0.));
#12328=CARTESIAN_POINT('Ctrl Pts',(25.5409255810082,7.99590744078159,0.2));
#12329=CARTESIAN_POINT('Ctrl Pts',(25.4919674527438,8.00544499658988,0.));
#12330=CARTESIAN_POINT('Ctrl Pts',(25.4919674527438,8.00544499658988,0.2));
#12331=CARTESIAN_POINT('Ctrl Pts',(25.3999990048962,8.02336141282236,0.));
#12332=CARTESIAN_POINT('Ctrl Pts',(25.3999990048962,8.02336141282236,0.2));
#12333=CARTESIAN_POINT('Ctrl Pts',(25.3063948529183,8.02696445270159,0.));
#12334=CARTESIAN_POINT('Ctrl Pts',(25.3063948529183,8.02696445270159,0.2));
#12335=CARTESIAN_POINT('Ctrl Pts',(25.2626195736229,8.02864946424961,0.));
#12336=CARTESIAN_POINT('Ctrl Pts',(25.2626195736229,8.02864946424961,0.2));
#12337=CARTESIAN_POINT('',(25.5409255810082,7.99590744078159,0.));
#12338=CARTESIAN_POINT('Ctrl Pts',(25.5409255810082,7.99590744078159,0.));
#12339=CARTESIAN_POINT('Ctrl Pts',(25.4919674527438,8.00544499658988,0.));
#12340=CARTESIAN_POINT('Ctrl Pts',(25.3999990048962,8.02336141282236,0.));
#12341=CARTESIAN_POINT('Ctrl Pts',(25.3063948529183,8.02696445270159,0.));
#12342=CARTESIAN_POINT('Ctrl Pts',(25.2626195736229,8.02864946424961,0.));
#12343=CARTESIAN_POINT('',(25.5409255810082,7.99590744078159,0.2));
#12344=CARTESIAN_POINT('',(25.5409255810082,7.99590744078159,0.));
#12345=CARTESIAN_POINT('Ctrl Pts',(25.5409255810082,7.99590744078159,0.2));
#12346=CARTESIAN_POINT('Ctrl Pts',(25.4919674527438,8.00544499658988,0.2));
#12347=CARTESIAN_POINT('Ctrl Pts',(25.3999990048962,8.02336141282236,0.2));
#12348=CARTESIAN_POINT('Ctrl Pts',(25.3063948529183,8.02696445270159,0.2));
#12349=CARTESIAN_POINT('Ctrl Pts',(25.2626195736229,8.02864946424961,0.2));
#12350=CARTESIAN_POINT('Origin',(25.4877200908959,7.67053224146366,0.));
#12351=CARTESIAN_POINT('',(25.4877200908959,7.67053224146366,0.));
#12352=CARTESIAN_POINT('',(27.9949454042287,23.0033284310803,0.));
#12353=CARTESIAN_POINT('',(25.4877200908959,7.67053224146366,0.2));
#12354=CARTESIAN_POINT('',(25.4877200908959,7.67053224146366,0.));
#12355=CARTESIAN_POINT('',(25.4877200908959,7.67053224146366,0.2));
#12356=CARTESIAN_POINT('Ctrl Pts',(25.3260579891503,7.68485702574253,0.));
#12357=CARTESIAN_POINT('Ctrl Pts',(25.3260579891503,7.68485702574253,0.2));
#12358=CARTESIAN_POINT('Ctrl Pts',(25.3497912203035,7.68401469449255,0.));
#12359=CARTESIAN_POINT('Ctrl Pts',(25.3497912203035,7.68401469449255,0.2));
#12360=CARTESIAN_POINT('Ctrl Pts',(25.4039194667624,7.68209359436065,0.));
#12361=CARTESIAN_POINT('Ctrl Pts',(25.4039194667624,7.68209359436065,0.2));
#12362=CARTESIAN_POINT('Ctrl Pts',(25.4575849399329,7.67468976556912,0.));
#12363=CARTESIAN_POINT('Ctrl Pts',(25.4575849399329,7.67468976556912,0.2));
#12364=CARTESIAN_POINT('Ctrl Pts',(25.4877200908959,7.67053224146366,0.));
#12365=CARTESIAN_POINT('Ctrl Pts',(25.4877200908959,7.67053224146366,0.2));
#12366=CARTESIAN_POINT('Ctrl Pts',(25.3260579891503,7.68485702574253,0.));
#12367=CARTESIAN_POINT('Ctrl Pts',(25.3497912203035,7.68401469449255,0.));
#12368=CARTESIAN_POINT('Ctrl Pts',(25.4039194667624,7.68209359436065,0.));
#12369=CARTESIAN_POINT('Ctrl Pts',(25.4575849399329,7.67468976556912,0.));
#12370=CARTESIAN_POINT('Ctrl Pts',(25.4877200908959,7.67053224146366,0.));
#12371=CARTESIAN_POINT('Ctrl Pts',(25.3260579891503,7.68485702574253,0.2));
#12372=CARTESIAN_POINT('Ctrl Pts',(25.3497912203035,7.68401469449255,0.2));
#12373=CARTESIAN_POINT('Ctrl Pts',(25.4039194667624,7.68209359436065,0.2));
#12374=CARTESIAN_POINT('Ctrl Pts',(25.4575849399329,7.67468976556912,0.2));
#12375=CARTESIAN_POINT('Ctrl Pts',(25.4877200908959,7.67053224146366,0.2));
#12376=CARTESIAN_POINT('Origin',(29.9999997206032,6.94099597632885,0.2));
#12377=CARTESIAN_POINT('Ctrl Pts',(20.8485666103661,6.0825376957655,0.));
#12378=CARTESIAN_POINT('Ctrl Pts',(20.8485666103661,6.0825376957655,0.2));
#12379=CARTESIAN_POINT('Ctrl Pts',(20.7692302368104,6.09149957291105,0.));
#12380=CARTESIAN_POINT('Ctrl Pts',(20.7692302368104,6.09149957291105,0.2));
#12381=CARTESIAN_POINT('Ctrl Pts',(20.6073038026383,6.10979086534894,0.));
#12382=CARTESIAN_POINT('Ctrl Pts',(20.6073038026383,6.10979086534894,0.2));
#12383=CARTESIAN_POINT('Ctrl Pts',(20.4906196132526,6.22387289628353,0.));
#12384=CARTESIAN_POINT('Ctrl Pts',(20.4906196132526,6.22387289628353,0.2));
#12385=CARTESIAN_POINT('Ctrl Pts',(20.4311052151024,6.28206007182598,0.));
#12386=CARTESIAN_POINT('Ctrl Pts',(20.4311052151024,6.28206007182598,0.2));
#12387=CARTESIAN_POINT('',(20.8485666103661,6.0825376957655,0.));
#12388=CARTESIAN_POINT('',(20.4311052151024,6.28206007182598,0.));
#12389=CARTESIAN_POINT('Ctrl Pts',(20.8485666103661,6.0825376957655,0.));
#12390=CARTESIAN_POINT('Ctrl Pts',(20.7692302368104,6.09149957291105,0.));
#12391=CARTESIAN_POINT('Ctrl Pts',(20.6073038026383,6.10979086534894,0.));
#12392=CARTESIAN_POINT('Ctrl Pts',(20.4906196132526,6.22387289628353,0.));
#12393=CARTESIAN_POINT('Ctrl Pts',(20.4311052151024,6.28206007182598,0.));
#12394=CARTESIAN_POINT('',(20.8485666103661,6.0825376957655,0.2));
#12395=CARTESIAN_POINT('',(20.8485666103661,6.0825376957655,0.));
#12396=CARTESIAN_POINT('',(20.4311052151024,6.28206007182598,0.2));
#12397=CARTESIAN_POINT('Ctrl Pts',(20.8485666103661,6.0825376957655,0.2));
#12398=CARTESIAN_POINT('Ctrl Pts',(20.7692302368104,6.09149957291105,0.2));
#12399=CARTESIAN_POINT('Ctrl Pts',(20.6073038026383,6.10979086534894,0.2));
#12400=CARTESIAN_POINT('Ctrl Pts',(20.4906196132526,6.22387289628353,0.2));
#12401=CARTESIAN_POINT('Ctrl Pts',(20.4311052151024,6.28206007182598,0.2));
#12402=CARTESIAN_POINT('',(20.4311052151024,6.28206007182598,0.));
#12403=CARTESIAN_POINT('Ctrl Pts',(21.2752381153405,6.28512971103191,0.));
#12404=CARTESIAN_POINT('Ctrl Pts',(21.2752381153405,6.28512971103191,0.2));
#12405=CARTESIAN_POINT('Ctrl Pts',(21.2141347143008,6.22604828356984,0.));
#12406=CARTESIAN_POINT('Ctrl Pts',(21.2141347143008,6.22604828356984,0.2));
#12407=CARTESIAN_POINT('Ctrl Pts',(21.0944898604736,6.11036259942906,0.));
#12408=CARTESIAN_POINT('Ctrl Pts',(21.0944898604736,6.11036259942906,0.2));
#12409=CARTESIAN_POINT('Ctrl Pts',(20.9293624055596,6.09167930891796,0.));
#12410=CARTESIAN_POINT('Ctrl Pts',(20.9293624055596,6.09167930891796,0.2));
#12411=CARTESIAN_POINT('Ctrl Pts',(20.8485666103661,6.0825376957655,0.));
#12412=CARTESIAN_POINT('Ctrl Pts',(20.8485666103661,6.0825376957655,0.2));
#12413=CARTESIAN_POINT('',(21.2752381153405,6.28512971103191,0.));
#12414=CARTESIAN_POINT('Ctrl Pts',(21.2752381153405,6.28512971103191,0.));
#12415=CARTESIAN_POINT('Ctrl Pts',(21.2141347143008,6.22604828356984,0.));
#12416=CARTESIAN_POINT('Ctrl Pts',(21.0944898604736,6.11036259942906,0.));
#12417=CARTESIAN_POINT('Ctrl Pts',(20.9293624055596,6.09167930891796,0.));
#12418=CARTESIAN_POINT('Ctrl Pts',(20.8485666103661,6.0825376957655,0.));
#12419=CARTESIAN_POINT('',(21.2752381153405,6.28512971103191,0.2));
#12420=CARTESIAN_POINT('',(21.2752381153405,6.28512971103191,0.));
#12421=CARTESIAN_POINT('Ctrl Pts',(21.2752381153405,6.28512971103191,0.2));
#12422=CARTESIAN_POINT('Ctrl Pts',(21.2141347143008,6.22604828356984,0.2));
#12423=CARTESIAN_POINT('Ctrl Pts',(21.0944898604736,6.11036259942906,0.2));
#12424=CARTESIAN_POINT('Ctrl Pts',(20.9293624055596,6.09167930891796,0.2));
#12425=CARTESIAN_POINT('Ctrl Pts',(20.8485666103661,6.0825376957655,0.2));
#12426=CARTESIAN_POINT('Ctrl Pts',(21.4522507973015,6.88676692545414,0.));
#12427=CARTESIAN_POINT('Ctrl Pts',(21.4522507973015,6.88676692545414,0.2));
#12428=CARTESIAN_POINT('Ctrl Pts',(21.4485962186367,6.76662241937569,0.));
#12429=CARTESIAN_POINT('Ctrl Pts',(21.4485962186367,6.76662241937569,0.2));
#12430=CARTESIAN_POINT('Ctrl Pts',(21.4419931582679,6.54954638972371,0.));
#12431=CARTESIAN_POINT('Ctrl Pts',(21.4419931582679,6.54954638972371,0.2));
#12432=CARTESIAN_POINT('Ctrl Pts',(21.3267140120458,6.36675294353244,0.));
#12433=CARTESIAN_POINT('Ctrl Pts',(21.3267140120458,6.36675294353244,0.2));
#12434=CARTESIAN_POINT('Ctrl Pts',(21.2752381153405,6.28512971103191,0.));
#12435=CARTESIAN_POINT('Ctrl Pts',(21.2752381153405,6.28512971103191,0.2));
#12436=CARTESIAN_POINT('',(21.4522507973015,6.88676692545414,0.));
#12437=CARTESIAN_POINT('Ctrl Pts',(21.4522507973015,6.88676692545414,0.));
#12438=CARTESIAN_POINT('Ctrl Pts',(21.4485962186367,6.76662241937569,0.));
#12439=CARTESIAN_POINT('Ctrl Pts',(21.4419931582679,6.54954638972371,0.));
#12440=CARTESIAN_POINT('Ctrl Pts',(21.3267140120458,6.36675294353244,0.));
#12441=CARTESIAN_POINT('Ctrl Pts',(21.2752381153405,6.28512971103191,0.));
#12442=CARTESIAN_POINT('',(21.4522507973015,6.88676692545414,0.2));
#12443=CARTESIAN_POINT('',(21.4522507973015,6.88676692545414,0.));
#12444=CARTESIAN_POINT('Ctrl Pts',(21.4522507973015,6.88676692545414,0.2));
#12445=CARTESIAN_POINT('Ctrl Pts',(21.4485962186367,6.76662241937569,0.2));
#12446=CARTESIAN_POINT('Ctrl Pts',(21.4419931582679,6.54954638972371,0.2));
#12447=CARTESIAN_POINT('Ctrl Pts',(21.3267140120458,6.36675294353244,0.2));
#12448=CARTESIAN_POINT('Ctrl Pts',(21.2752381153405,6.28512971103191,0.2));
#12449=CARTESIAN_POINT('Ctrl Pts',(21.280354578048,7.49965913593769,0.));
#12450=CARTESIAN_POINT('Ctrl Pts',(21.280354578048,7.49965913593769,0.2));
#12451=CARTESIAN_POINT('Ctrl Pts',(21.3302848898441,7.41813742830539,0.));
#12452=CARTESIAN_POINT('Ctrl Pts',(21.3302848898441,7.41813742830539,0.2));
#12453=CARTESIAN_POINT('Ctrl Pts',(21.4447250424452,7.23128987366053,0.));
#12454=CARTESIAN_POINT('Ctrl Pts',(21.4447250424452,7.23128987366053,0.2));
#12455=CARTESIAN_POINT('Ctrl Pts',(21.4495378313021,7.01096430663003,0.));
#12456=CARTESIAN_POINT('Ctrl Pts',(21.4495378313021,7.01096430663003,0.2));
#12457=CARTESIAN_POINT('Ctrl Pts',(21.4522507973015,6.88676692545414,0.));
#12458=CARTESIAN_POINT('Ctrl Pts',(21.4522507973015,6.88676692545414,0.2));
#12459=CARTESIAN_POINT('',(21.280354578048,7.49965913593769,0.));
#12460=CARTESIAN_POINT('Ctrl Pts',(21.280354578048,7.49965913593769,0.));
#12461=CARTESIAN_POINT('Ctrl Pts',(21.3302848898441,7.41813742830539,0.));
#12462=CARTESIAN_POINT('Ctrl Pts',(21.4447250424452,7.23128987366053,0.));
#12463=CARTESIAN_POINT('Ctrl Pts',(21.4495378313021,7.01096430663003,0.));
#12464=CARTESIAN_POINT('Ctrl Pts',(21.4522507973015,6.88676692545414,0.));
#12465=CARTESIAN_POINT('',(21.280354578048,7.49965913593769,0.2));
#12466=CARTESIAN_POINT('',(21.280354578048,7.49965913593769,0.));
#12467=CARTESIAN_POINT('Ctrl Pts',(21.280354578048,7.49965913593769,0.2));
#12468=CARTESIAN_POINT('Ctrl Pts',(21.3302848898441,7.41813742830539,0.2));
#12469=CARTESIAN_POINT('Ctrl Pts',(21.4447250424452,7.23128987366053,0.2));
#12470=CARTESIAN_POINT('Ctrl Pts',(21.4495378313021,7.01096430663003,0.2));
#12471=CARTESIAN_POINT('Ctrl Pts',(21.4522507973015,6.88676692545414,0.2));
#12472=CARTESIAN_POINT('Ctrl Pts',(20.854705888778,7.69508875906467,0.));
#12473=CARTESIAN_POINT('Ctrl Pts',(20.854705888778,7.69508875906467,0.2));
#12474=CARTESIAN_POINT('Ctrl Pts',(20.9360839239612,7.6867115887622,0.));
#12475=CARTESIAN_POINT('Ctrl Pts',(20.9360839239612,7.6867115887622,0.2));
#12476=CARTESIAN_POINT('Ctrl Pts',(21.1000315135206,7.66983459148243,0.));
#12477=CARTESIAN_POINT('Ctrl Pts',(21.1000315135206,7.66983459148243,0.2));
#12478=CARTESIAN_POINT('Ctrl Pts',(21.2199563645847,7.55665846387803,0.));
#12479=CARTESIAN_POINT('Ctrl Pts',(21.2199563645847,7.55665846387803,0.2));
#12480=CARTESIAN_POINT('Ctrl Pts',(21.280354578048,7.49965913593769,0.));
#12481=CARTESIAN_POINT('Ctrl Pts',(21.280354578048,7.49965913593769,0.2));
#12482=CARTESIAN_POINT('',(20.854705888778,7.69508875906467,0.));
#12483=CARTESIAN_POINT('Ctrl Pts',(20.854705888778,7.69508875906467,0.));
#12484=CARTESIAN_POINT('Ctrl Pts',(20.9360839239612,7.6867115887622,0.));
#12485=CARTESIAN_POINT('Ctrl Pts',(21.1000315135206,7.66983459148243,0.));
#12486=CARTESIAN_POINT('Ctrl Pts',(21.2199563645847,7.55665846387803,0.));
#12487=CARTESIAN_POINT('Ctrl Pts',(21.280354578048,7.49965913593769,0.));
#12488=CARTESIAN_POINT('',(20.854705888778,7.69508875906467,0.2));
#12489=CARTESIAN_POINT('',(20.854705888778,7.69508875906467,0.));
#12490=CARTESIAN_POINT('Ctrl Pts',(20.854705888778,7.69508875906467,0.2));
#12491=CARTESIAN_POINT('Ctrl Pts',(20.9360839239612,7.6867115887622,0.2));
#12492=CARTESIAN_POINT('Ctrl Pts',(21.1000315135206,7.66983459148243,0.2));
#12493=CARTESIAN_POINT('Ctrl Pts',(21.2199563645847,7.55665846387803,0.2));
#12494=CARTESIAN_POINT('Ctrl Pts',(21.280354578048,7.49965913593769,0.2));
#12495=CARTESIAN_POINT('Ctrl Pts',(20.4290583916008,7.49863602221012,0.));
#12496=CARTESIAN_POINT('Ctrl Pts',(20.4290583916008,7.49863602221012,0.2));
#12497=CARTESIAN_POINT('Ctrl Pts',(20.4890694061551,7.55593450118292,0.));
#12498=CARTESIAN_POINT('Ctrl Pts',(20.4890694061551,7.55593450118292,0.2));
#12499=CARTESIAN_POINT('Ctrl Pts',(20.6085719901815,7.67003549329077,0.));
#12500=CARTESIAN_POINT('Ctrl Pts',(20.6085719901815,7.67003549329077,0.2));
#12501=CARTESIAN_POINT('Ctrl Pts',(20.7728993512928,7.68676190552135,0.));
#12502=CARTESIAN_POINT('Ctrl Pts',(20.7728993512928,7.68676190552135,0.2));
#12503=CARTESIAN_POINT('Ctrl Pts',(20.854705888778,7.69508875906467,0.));
#12504=CARTESIAN_POINT('Ctrl Pts',(20.854705888778,7.69508875906467,0.2));
#12505=CARTESIAN_POINT('',(20.4290583916008,7.49863602221012,0.));
#12506=CARTESIAN_POINT('Ctrl Pts',(20.4290583916008,7.49863602221012,0.));
#12507=CARTESIAN_POINT('Ctrl Pts',(20.4890694061551,7.55593450118292,0.));
#12508=CARTESIAN_POINT('Ctrl Pts',(20.6085719901815,7.67003549329077,0.));
#12509=CARTESIAN_POINT('Ctrl Pts',(20.7728993512928,7.68676190552135,0.));
#12510=CARTESIAN_POINT('Ctrl Pts',(20.854705888778,7.69508875906467,0.));
#12511=CARTESIAN_POINT('',(20.4290583916008,7.49863602221012,0.2));
#12512=CARTESIAN_POINT('',(20.4290583916008,7.49863602221012,0.));
#12513=CARTESIAN_POINT('Ctrl Pts',(20.4290583916008,7.49863602221012,0.2));
#12514=CARTESIAN_POINT('Ctrl Pts',(20.4890694061551,7.55593450118292,0.2));
#12515=CARTESIAN_POINT('Ctrl Pts',(20.6085719901815,7.67003549329077,0.2));
#12516=CARTESIAN_POINT('Ctrl Pts',(20.7728993512928,7.68676190552135,0.2));
#12517=CARTESIAN_POINT('Ctrl Pts',(20.854705888778,7.69508875906467,0.2));
#12518=CARTESIAN_POINT('Ctrl Pts',(20.259207803756,6.87448836863041,0.));
#12519=CARTESIAN_POINT('Ctrl Pts',(20.259207803756,6.87448836863041,0.2));
#12520=CARTESIAN_POINT('Ctrl Pts',(20.2616157898517,7.00128038189384,0.));
#12521=CARTESIAN_POINT('Ctrl Pts',(20.2616157898517,7.00128038189384,0.2));
#12522=CARTESIAN_POINT('Ctrl Pts',(20.2658631032532,7.22492179665101,0.));
#12523=CARTESIAN_POINT('Ctrl Pts',(20.2658631032532,7.22492179665101,0.2));
#12524=CARTESIAN_POINT('Ctrl Pts',(20.3797422639565,7.415922079777,0.));
#12525=CARTESIAN_POINT('Ctrl Pts',(20.3797422639565,7.415922079777,0.2));
#12526=CARTESIAN_POINT('Ctrl Pts',(20.4290583916008,7.49863602221012,0.));
#12527=CARTESIAN_POINT('Ctrl Pts',(20.4290583916008,7.49863602221012,0.2));
#12528=CARTESIAN_POINT('',(20.259207803756,6.87448836863041,0.));
#12529=CARTESIAN_POINT('Ctrl Pts',(20.259207803756,6.87448836863041,0.));
#12530=CARTESIAN_POINT('Ctrl Pts',(20.2616157898517,7.00128038189384,0.));
#12531=CARTESIAN_POINT('Ctrl Pts',(20.2658631032532,7.22492179665101,0.));
#12532=CARTESIAN_POINT('Ctrl Pts',(20.3797422639565,7.415922079777,0.));
#12533=CARTESIAN_POINT('Ctrl Pts',(20.4290583916008,7.49863602221012,0.));
#12534=CARTESIAN_POINT('',(20.259207803756,6.87448836863041,0.2));
#12535=CARTESIAN_POINT('',(20.259207803756,6.87448836863041,0.));
#12536=CARTESIAN_POINT('Ctrl Pts',(20.259207803756,6.87448836863041,0.2));
#12537=CARTESIAN_POINT('Ctrl Pts',(20.2616157898517,7.00128038189384,0.2));
#12538=CARTESIAN_POINT('Ctrl Pts',(20.2658631032532,7.22492179665101,0.2));
#12539=CARTESIAN_POINT('Ctrl Pts',(20.3797422639565,7.415922079777,0.2));
#12540=CARTESIAN_POINT('Ctrl Pts',(20.4290583916008,7.49863602221012,0.2));
#12541=CARTESIAN_POINT('Ctrl Pts',(20.4311052151024,6.28206007182598,0.));
#12542=CARTESIAN_POINT('Ctrl Pts',(20.4311052151024,6.28206007182598,0.2));
#12543=CARTESIAN_POINT('Ctrl Pts',(20.3811202369816,6.36249996389057,0.));
#12544=CARTESIAN_POINT('Ctrl Pts',(20.3811202369816,6.36249996389057,0.2));
#12545=CARTESIAN_POINT('Ctrl Pts',(20.2690136767888,6.54291095816638,0.));
#12546=CARTESIAN_POINT('Ctrl Pts',(20.2690136767888,6.54291095816638,0.2));
#12547=CARTESIAN_POINT('Ctrl Pts',(20.2627041180625,6.75626341914986,0.));
#12548=CARTESIAN_POINT('Ctrl Pts',(20.2627041180625,6.75626341914986,0.2));
#12549=CARTESIAN_POINT('Ctrl Pts',(20.259207803756,6.87448836863041,0.));
#12550=CARTESIAN_POINT('Ctrl Pts',(20.259207803756,6.87448836863041,0.2));
#12551=CARTESIAN_POINT('Ctrl Pts',(20.4311052151024,6.28206007182598,0.));
#12552=CARTESIAN_POINT('Ctrl Pts',(20.3811202369816,6.36249996389057,0.));
#12553=CARTESIAN_POINT('Ctrl Pts',(20.2690136767888,6.54291095816638,0.));
#12554=CARTESIAN_POINT('Ctrl Pts',(20.2627041180625,6.75626341914986,0.));
#12555=CARTESIAN_POINT('Ctrl Pts',(20.259207803756,6.87448836863041,0.));
#12556=CARTESIAN_POINT('Ctrl Pts',(20.4311052151024,6.28206007182598,0.2));
#12557=CARTESIAN_POINT('Ctrl Pts',(20.3811202369816,6.36249996389057,0.2));
#12558=CARTESIAN_POINT('Ctrl Pts',(20.2690136767888,6.54291095816638,0.2));
#12559=CARTESIAN_POINT('Ctrl Pts',(20.2627041180625,6.75626341914986,0.2));
#12560=CARTESIAN_POINT('Ctrl Pts',(20.259207803756,6.87448836863041,0.2));
#12561=CARTESIAN_POINT('Ctrl Pts',(20.8137789554894,8.88199187815189,0.));
#12562=CARTESIAN_POINT('Ctrl Pts',(20.8137789554894,8.88199187815189,0.2));
#12563=CARTESIAN_POINT('Ctrl Pts',(20.6938136211096,8.87706302663483,0.));
#12564=CARTESIAN_POINT('Ctrl Pts',(20.6938136211096,8.87706302663483,0.2));
#12565=CARTESIAN_POINT('Ctrl Pts',(20.4700982102538,8.86787153771106,0.));
#12566=CARTESIAN_POINT('Ctrl Pts',(20.4700982102538,8.86787153771106,0.2));
#12567=CARTESIAN_POINT('Ctrl Pts',(20.2756950828218,8.75798630540443,0.));
#12568=CARTESIAN_POINT('Ctrl Pts',(20.2756950828218,8.75798630540443,0.2));
#12569=CARTESIAN_POINT('Ctrl Pts',(20.1855388469994,8.70702601969242,0.));
#12570=CARTESIAN_POINT('Ctrl Pts',(20.1855388469994,8.70702601969242,0.2));
#12571=CARTESIAN_POINT('',(20.8137789554894,8.88199187815189,0.));
#12572=CARTESIAN_POINT('',(20.1855388469994,8.70702601969242,0.));
#12573=CARTESIAN_POINT('Ctrl Pts',(20.8137789554894,8.88199187815189,0.));
#12574=CARTESIAN_POINT('Ctrl Pts',(20.6938136211096,8.87706302663483,0.));
#12575=CARTESIAN_POINT('Ctrl Pts',(20.4700982102538,8.86787153771106,0.));
#12576=CARTESIAN_POINT('Ctrl Pts',(20.2756950828218,8.75798630540443,0.));
#12577=CARTESIAN_POINT('Ctrl Pts',(20.1855388469994,8.70702601969242,0.));
#12578=CARTESIAN_POINT('',(20.8137789554894,8.88199187815189,0.2));
#12579=CARTESIAN_POINT('',(20.8137789554894,8.88199187815189,0.));
#12580=CARTESIAN_POINT('',(20.1855388469994,8.70702601969242,0.2));
#12581=CARTESIAN_POINT('Ctrl Pts',(20.8137789554894,8.88199187815189,0.2));
#12582=CARTESIAN_POINT('Ctrl Pts',(20.6938136211096,8.87706302663483,0.2));
#12583=CARTESIAN_POINT('Ctrl Pts',(20.4700982102538,8.86787153771106,0.2));
#12584=CARTESIAN_POINT('Ctrl Pts',(20.2756950828218,8.75798630540443,0.2));
#12585=CARTESIAN_POINT('Ctrl Pts',(20.1855388469994,8.70702601969242,0.2));
#12586=CARTESIAN_POINT('',(20.1855388469994,8.70702601969242,0.));
#12587=CARTESIAN_POINT('Ctrl Pts',(21.365279275924,8.7592089921236,0.));
#12588=CARTESIAN_POINT('Ctrl Pts',(21.365279275924,8.7592089921236,0.2));
#12589=CARTESIAN_POINT('Ctrl Pts',(21.2831479033107,8.7949804945934,0.));
#12590=CARTESIAN_POINT('Ctrl Pts',(21.2831479033107,8.7949804945934,0.2));
#12591=CARTESIAN_POINT('Ctrl Pts',(21.1075365070313,8.87146629162636,0.));
#12592=CARTESIAN_POINT('Ctrl Pts',(21.1075365070313,8.87146629162636,0.2));
#12593=CARTESIAN_POINT('Ctrl Pts',(20.9158277791784,8.87833538075147,0.));
#12594=CARTESIAN_POINT('Ctrl Pts',(20.9158277791784,8.87833538075147,0.2));
#12595=CARTESIAN_POINT('Ctrl Pts',(20.8137789554894,8.88199187815189,0.));
#12596=CARTESIAN_POINT('Ctrl Pts',(20.8137789554894,8.88199187815189,0.2));
#12597=CARTESIAN_POINT('',(21.365279275924,8.7592089921236,0.));
#12598=CARTESIAN_POINT('Ctrl Pts',(21.365279275924,8.7592089921236,0.));
#12599=CARTESIAN_POINT('Ctrl Pts',(21.2831479033107,8.7949804945934,0.));
#12600=CARTESIAN_POINT('Ctrl Pts',(21.1075365070313,8.87146629162636,0.));
#12601=CARTESIAN_POINT('Ctrl Pts',(20.9158277791784,8.87833538075147,0.));
#12602=CARTESIAN_POINT('Ctrl Pts',(20.8137789554894,8.88199187815189,0.));
#12603=CARTESIAN_POINT('',(21.365279275924,8.7592089921236,0.2));
#12604=CARTESIAN_POINT('',(21.365279275924,8.7592089921236,0.));
#12605=CARTESIAN_POINT('Ctrl Pts',(21.365279275924,8.7592089921236,0.2));
#12606=CARTESIAN_POINT('Ctrl Pts',(21.2831479033107,8.7949804945934,0.2));
#12607=CARTESIAN_POINT('Ctrl Pts',(21.1075365070313,8.87146629162636,0.2));
#12608=CARTESIAN_POINT('Ctrl Pts',(20.9158277791784,8.87833538075147,0.2));
#12609=CARTESIAN_POINT('Ctrl Pts',(20.8137789554894,8.88199187815189,0.2));
#12610=CARTESIAN_POINT('Ctrl Pts',(21.692700702697,8.4246251732111,0.));
#12611=CARTESIAN_POINT('Ctrl Pts',(21.692700702697,8.4246251732111,0.2));
#12612=CARTESIAN_POINT('Ctrl Pts',(21.6524417545656,8.49193797671026,0.));
#12613=CARTESIAN_POINT('Ctrl Pts',(21.6524417545656,8.49193797671026,0.2));
#12614=CARTESIAN_POINT('Ctrl Pts',(21.5701386315183,8.62954847589587,0.));
#12615=CARTESIAN_POINT('Ctrl Pts',(21.5701386315183,8.62954847589587,0.2));
#12616=CARTESIAN_POINT('Ctrl Pts',(21.4345461013464,8.71536831755119,0.));
#12617=CARTESIAN_POINT('Ctrl Pts',(21.4345461013464,8.71536831755119,0.2));
#12618=CARTESIAN_POINT('Ctrl Pts',(21.365279275924,8.7592089921236,0.));
#12619=CARTESIAN_POINT('Ctrl Pts',(21.365279275924,8.7592089921236,0.2));
#12620=CARTESIAN_POINT('',(21.692700702697,8.4246251732111,0.));
#12621=CARTESIAN_POINT('Ctrl Pts',(21.692700702697,8.4246251732111,0.));
#12622=CARTESIAN_POINT('Ctrl Pts',(21.6524417545656,8.49193797671026,0.));
#12623=CARTESIAN_POINT('Ctrl Pts',(21.5701386315183,8.62954847589587,0.));
#12624=CARTESIAN_POINT('Ctrl Pts',(21.4345461013464,8.71536831755119,0.));
#12625=CARTESIAN_POINT('Ctrl Pts',(21.365279275924,8.7592089921236,0.));
#12626=CARTESIAN_POINT('',(21.692700702697,8.4246251732111,0.2));
#12627=CARTESIAN_POINT('',(21.692700702697,8.4246251732111,0.));
#12628=CARTESIAN_POINT('Ctrl Pts',(21.692700702697,8.4246251732111,0.2));
#12629=CARTESIAN_POINT('Ctrl Pts',(21.6524417545656,8.49193797671026,0.2));
#12630=CARTESIAN_POINT('Ctrl Pts',(21.5701386315183,8.62954847589587,0.2));
#12631=CARTESIAN_POINT('Ctrl Pts',(21.4345461013464,8.71536831755119,0.2));
#12632=CARTESIAN_POINT('Ctrl Pts',(21.365279275924,8.7592089921236,0.2));
#12633=CARTESIAN_POINT('Ctrl Pts',(21.7960432358086,7.70532079041004,0.));
#12634=CARTESIAN_POINT('Ctrl Pts',(21.7960432358086,7.70532079041004,0.2));
#12635=CARTESIAN_POINT('Ctrl Pts',(21.7961413391607,7.8512720276154,0.));
#12636=CARTESIAN_POINT('Ctrl Pts',(21.7961413391607,7.8512720276154,0.2));
#12637=CARTESIAN_POINT('Ctrl Pts',(21.7963063101119,8.09670415509629,0.));
#12638=CARTESIAN_POINT('Ctrl Pts',(21.7963063101119,8.09670415509629,0.2));
#12639=CARTESIAN_POINT('Ctrl Pts',(21.7225829557074,8.33004516856437,0.));
#12640=CARTESIAN_POINT('Ctrl Pts',(21.7225829557074,8.33004516856437,0.2));
#12641=CARTESIAN_POINT('Ctrl Pts',(21.692700702697,8.4246251732111,0.));
#12642=CARTESIAN_POINT('Ctrl Pts',(21.692700702697,8.4246251732111,0.2));
#12643=CARTESIAN_POINT('',(21.7960432358086,7.70532079041004,0.));
#12644=CARTESIAN_POINT('Ctrl Pts',(21.7960432358086,7.70532079041004,0.));
#12645=CARTESIAN_POINT('Ctrl Pts',(21.7961413391607,7.8512720276154,0.));
#12646=CARTESIAN_POINT('Ctrl Pts',(21.7963063101119,8.09670415509629,0.));
#12647=CARTESIAN_POINT('Ctrl Pts',(21.7225829557074,8.33004516856437,0.));
#12648=CARTESIAN_POINT('Ctrl Pts',(21.692700702697,8.4246251732111,0.));
#12649=CARTESIAN_POINT('',(21.7960432358086,7.70532079041004,0.2));
#12650=CARTESIAN_POINT('',(21.7960432358086,7.70532079041004,0.));
#12651=CARTESIAN_POINT('Ctrl Pts',(21.7960432358086,7.70532079041004,0.2));
#12652=CARTESIAN_POINT('Ctrl Pts',(21.7961413391607,7.8512720276154,0.2));
#12653=CARTESIAN_POINT('Ctrl Pts',(21.7963063101119,8.09670415509629,0.2));
#12654=CARTESIAN_POINT('Ctrl Pts',(21.7225829557074,8.33004516856437,0.2));
#12655=CARTESIAN_POINT('Ctrl Pts',(21.692700702697,8.4246251732111,0.2));
#12656=CARTESIAN_POINT('Origin',(21.7960432358086,5.82673959434032,0.));
#12657=CARTESIAN_POINT('',(21.7960432358086,5.82673959434032,0.));
#12658=CARTESIAN_POINT('',(21.7960432358086,22.1633697971702,0.));
#12659=CARTESIAN_POINT('',(21.7960432358086,5.82673959434032,0.2));
#12660=CARTESIAN_POINT('',(21.7960432358086,5.82673959434032,0.));
#12661=CARTESIAN_POINT('',(21.7960432358086,5.82673959434032,0.2));
#12662=CARTESIAN_POINT('Origin',(21.4563432522118,5.82673959434032,0.));
#12663=CARTESIAN_POINT('',(21.4563432522118,5.82673959434032,0.));
#12664=CARTESIAN_POINT('',(25.4781716261059,5.82673959434032,0.));
#12665=CARTESIAN_POINT('',(21.4563432522118,5.82673959434032,0.2));
#12666=CARTESIAN_POINT('',(21.4563432522118,5.82673959434032,0.));
#12667=CARTESIAN_POINT('',(21.4563432522118,5.82673959434032,0.2));
#12668=CARTESIAN_POINT('Origin',(21.4563432522118,6.08867697417736,0.));
#12669=CARTESIAN_POINT('',(21.4563432522118,6.08867697417736,0.));
#12670=CARTESIAN_POINT('',(21.4563432522118,22.2943384870887,0.));
#12671=CARTESIAN_POINT('',(21.4563432522118,6.08867697417736,0.2));
#12672=CARTESIAN_POINT('',(21.4563432522118,6.08867697417736,0.));
#12673=CARTESIAN_POINT('',(21.4563432522118,6.08867697417736,0.2));
#12674=CARTESIAN_POINT('Ctrl Pts',(20.82196386531,5.77762626111507,0.));
#12675=CARTESIAN_POINT('Ctrl Pts',(20.82196386531,5.77762626111507,0.2));
#12676=CARTESIAN_POINT('Ctrl Pts',(20.9450028180443,5.79112182325862,0.));
#12677=CARTESIAN_POINT('Ctrl Pts',(20.9450028180443,5.79112182325862,0.2));
#12678=CARTESIAN_POINT('Ctrl Pts',(21.193688448742,5.81839897662104,0.));
#12679=CARTESIAN_POINT('Ctrl Pts',(21.193688448742,5.81839897662104,0.2));
#12680=CARTESIAN_POINT('Ctrl Pts',(21.3681817370459,5.99795669240151,0.));
#12681=CARTESIAN_POINT('Ctrl Pts',(21.3681817370459,5.99795669240151,0.2));
#12682=CARTESIAN_POINT('Ctrl Pts',(21.4563432522118,6.08867697417736,0.));
#12683=CARTESIAN_POINT('Ctrl Pts',(21.4563432522118,6.08867697417736,0.2));
#12684=CARTESIAN_POINT('',(20.82196386531,5.77762626111507,0.));
#12685=CARTESIAN_POINT('Ctrl Pts',(20.82196386531,5.77762626111507,0.));
#12686=CARTESIAN_POINT('Ctrl Pts',(20.9450028180443,5.79112182325862,0.));
#12687=CARTESIAN_POINT('Ctrl Pts',(21.193688448742,5.81839897662104,0.));
#12688=CARTESIAN_POINT('Ctrl Pts',(21.3681817370459,5.99795669240151,0.));
#12689=CARTESIAN_POINT('Ctrl Pts',(21.4563432522118,6.08867697417736,0.));
#12690=CARTESIAN_POINT('',(20.82196386531,5.77762626111507,0.2));
#12691=CARTESIAN_POINT('',(20.82196386531,5.77762626111507,0.));
#12692=CARTESIAN_POINT('Ctrl Pts',(20.82196386531,5.77762626111507,0.2));
#12693=CARTESIAN_POINT('Ctrl Pts',(20.9450028180443,5.79112182325862,0.2));
#12694=CARTESIAN_POINT('Ctrl Pts',(21.193688448742,5.81839897662104,0.2));
#12695=CARTESIAN_POINT('Ctrl Pts',(21.3681817370459,5.99795669240151,0.2));
#12696=CARTESIAN_POINT('Ctrl Pts',(21.4563432522118,6.08867697417736,0.2));
#12697=CARTESIAN_POINT('Ctrl Pts',(20.3195765800774,5.9208732098341,0.));
#12698=CARTESIAN_POINT('Ctrl Pts',(20.3195765800774,5.9208732098341,0.2));
#12699=CARTESIAN_POINT('Ctrl Pts',(20.3953547167862,5.87910363219614,0.));
#12700=CARTESIAN_POINT('Ctrl Pts',(20.3953547167862,5.87910363219614,0.2));
#12701=CARTESIAN_POINT('Ctrl Pts',(20.5516719080252,5.79294021700566,0.));
#12702=CARTESIAN_POINT('Ctrl Pts',(20.5516719080252,5.79294021700566,0.2));
#12703=CARTESIAN_POINT('Ctrl Pts',(20.7300555492926,5.78283351889516,0.));
#12704=CARTESIAN_POINT('Ctrl Pts',(20.7300555492926,5.78283351889516,0.2));
#12705=CARTESIAN_POINT('Ctrl Pts',(20.82196386531,5.77762626111507,0.));
#12706=CARTESIAN_POINT('Ctrl Pts',(20.82196386531,5.77762626111507,0.2));
#12707=CARTESIAN_POINT('',(20.3195765800774,5.9208732098341,0.));
#12708=CARTESIAN_POINT('Ctrl Pts',(20.3195765800774,5.9208732098341,0.));
#12709=CARTESIAN_POINT('Ctrl Pts',(20.3953547167862,5.87910363219614,0.));
#12710=CARTESIAN_POINT('Ctrl Pts',(20.5516719080252,5.79294021700566,0.));
#12711=CARTESIAN_POINT('Ctrl Pts',(20.7300555492926,5.78283351889516,0.));
#12712=CARTESIAN_POINT('Ctrl Pts',(20.82196386531,5.77762626111507,0.));
#12713=CARTESIAN_POINT('',(20.3195765800774,5.9208732098341,0.2));
#12714=CARTESIAN_POINT('',(20.3195765800774,5.9208732098341,0.));
#12715=CARTESIAN_POINT('Ctrl Pts',(20.3195765800774,5.9208732098341,0.2));
#12716=CARTESIAN_POINT('Ctrl Pts',(20.3953547167862,5.87910363219614,0.2));
#12717=CARTESIAN_POINT('Ctrl Pts',(20.5516719080252,5.79294021700566,0.2));
#12718=CARTESIAN_POINT('Ctrl Pts',(20.7300555492926,5.78283351889516,0.2));
#12719=CARTESIAN_POINT('Ctrl Pts',(20.82196386531,5.77762626111507,0.2));
#12720=CARTESIAN_POINT('Ctrl Pts',(19.9931779690087,6.32708065211773,0.));
#12721=CARTESIAN_POINT('Ctrl Pts',(19.9931779690087,6.32708065211773,0.2));
#12722=CARTESIAN_POINT('Ctrl Pts',(20.0338650671532,6.24513159169473,0.));
#12723=CARTESIAN_POINT('Ctrl Pts',(20.0338650671532,6.24513159169473,0.2));
#12724=CARTESIAN_POINT('Ctrl Pts',(20.1130190958443,6.0857051745813,0.));
#12725=CARTESIAN_POINT('Ctrl Pts',(20.1130190958443,6.0857051745813,0.2));
#12726=CARTESIAN_POINT('Ctrl Pts',(20.252023718314,5.97478009667532,0.));
#12727=CARTESIAN_POINT('Ctrl Pts',(20.252023718314,5.97478009667532,0.2));
#12728=CARTESIAN_POINT('Ctrl Pts',(20.3195765800774,5.9208732098341,0.));
#12729=CARTESIAN_POINT('Ctrl Pts',(20.3195765800774,5.9208732098341,0.2));
#12730=CARTESIAN_POINT('',(19.9931779690087,6.32708065211773,0.));
#12731=CARTESIAN_POINT('Ctrl Pts',(19.9931779690087,6.32708065211773,0.));
#12732=CARTESIAN_POINT('Ctrl Pts',(20.0338650671532,6.24513159169473,0.));
#12733=CARTESIAN_POINT('Ctrl Pts',(20.1130190958443,6.0857051745813,0.));
#12734=CARTESIAN_POINT('Ctrl Pts',(20.252023718314,5.97478009667532,0.));
#12735=CARTESIAN_POINT('Ctrl Pts',(20.3195765800774,5.9208732098341,0.));
#12736=CARTESIAN_POINT('',(19.9931779690087,6.32708065211773,0.2));
#12737=CARTESIAN_POINT('',(19.9931779690087,6.32708065211773,0.));
#12738=CARTESIAN_POINT('Ctrl Pts',(19.9931779690087,6.32708065211773,0.2));
#12739=CARTESIAN_POINT('Ctrl Pts',(20.0338650671532,6.24513159169473,0.2));
#12740=CARTESIAN_POINT('Ctrl Pts',(20.1130190958443,6.0857051745813,0.2));
#12741=CARTESIAN_POINT('Ctrl Pts',(20.252023718314,5.97478009667532,0.2));
#12742=CARTESIAN_POINT('Ctrl Pts',(20.3195765800774,5.9208732098341,0.2));
#12743=CARTESIAN_POINT('Ctrl Pts',(19.8806277103722,6.90109170973301,0.));
#12744=CARTESIAN_POINT('Ctrl Pts',(19.8806277103722,6.90109170973301,0.2));
#12745=CARTESIAN_POINT('Ctrl Pts',(19.8848983835976,6.80040229942519,0.));
#12746=CARTESIAN_POINT('Ctrl Pts',(19.8848983835976,6.80040229942519,0.2));
#12747=CARTESIAN_POINT('Ctrl Pts',(19.8932591296378,6.60328148401721,0.));
#12748=CARTESIAN_POINT('Ctrl Pts',(19.8932591296378,6.60328148401721,0.2));
#12749=CARTESIAN_POINT('Ctrl Pts',(19.9603548002388,6.41781215557492,0.));
#12750=CARTESIAN_POINT('Ctrl Pts',(19.9603548002388,6.41781215557492,0.2));
#12751=CARTESIAN_POINT('Ctrl Pts',(19.9931779690087,6.32708065211773,0.));
#12752=CARTESIAN_POINT('Ctrl Pts',(19.9931779690087,6.32708065211773,0.2));
#12753=CARTESIAN_POINT('',(19.8806277103722,6.90109170973301,0.));
#12754=CARTESIAN_POINT('Ctrl Pts',(19.8806277103722,6.90109170973301,0.));
#12755=CARTESIAN_POINT('Ctrl Pts',(19.8848983835976,6.80040229942519,0.));
#12756=CARTESIAN_POINT('Ctrl Pts',(19.8932591296378,6.60328148401721,0.));
#12757=CARTESIAN_POINT('Ctrl Pts',(19.9603548002388,6.41781215557492,0.));
#12758=CARTESIAN_POINT('Ctrl Pts',(19.9931779690087,6.32708065211773,0.));
#12759=CARTESIAN_POINT('',(19.8806277103722,6.90109170973301,0.2));
#12760=CARTESIAN_POINT('',(19.8806277103722,6.90109170973301,0.));
#12761=CARTESIAN_POINT('Ctrl Pts',(19.8806277103722,6.90109170973301,0.2));
#12762=CARTESIAN_POINT('Ctrl Pts',(19.8848983835976,6.80040229942519,0.2));
#12763=CARTESIAN_POINT('Ctrl Pts',(19.8932591296378,6.60328148401721,0.2));
#12764=CARTESIAN_POINT('Ctrl Pts',(19.9603548002388,6.41781215557492,0.2));
#12765=CARTESIAN_POINT('Ctrl Pts',(19.9931779690087,6.32708065211773,0.2));
#12766=CARTESIAN_POINT('Ctrl Pts',(20.1261940784752,7.67667151987553,0.));
#12767=CARTESIAN_POINT('Ctrl Pts',(20.1261940784752,7.67667151987553,0.2));
#12768=CARTESIAN_POINT('Ctrl Pts',(20.0545880480552,7.56144103749952,0.));
#12769=CARTESIAN_POINT('Ctrl Pts',(20.0545880480552,7.56144103749952,0.2));
#12770=CARTESIAN_POINT('Ctrl Pts',(19.9070743181036,7.3240577031673,0.));
#12771=CARTESIAN_POINT('Ctrl Pts',(19.9070743181036,7.3240577031673,0.2));
#12772=CARTESIAN_POINT('Ctrl Pts',(19.8896129771747,7.04479491499826,0.));
#12773=CARTESIAN_POINT('Ctrl Pts',(19.8896129771747,7.04479491499826,0.2));
#12774=CARTESIAN_POINT('Ctrl Pts',(19.8806277103722,6.90109170973301,0.));
#12775=CARTESIAN_POINT('Ctrl Pts',(19.8806277103722,6.90109170973301,0.2));
#12776=CARTESIAN_POINT('',(20.1261940784752,7.67667151987553,0.));
#12777=CARTESIAN_POINT('Ctrl Pts',(20.1261940784752,7.67667151987553,0.));
#12778=CARTESIAN_POINT('Ctrl Pts',(20.0545880480552,7.56144103749952,0.));
#12779=CARTESIAN_POINT('Ctrl Pts',(19.9070743181036,7.3240577031673,0.));
#12780=CARTESIAN_POINT('Ctrl Pts',(19.8896129771747,7.04479491499826,0.));
#12781=CARTESIAN_POINT('Ctrl Pts',(19.8806277103722,6.90109170973301,0.));
#12782=CARTESIAN_POINT('',(20.1261940784752,7.67667151987553,0.2));
#12783=CARTESIAN_POINT('',(20.1261940784752,7.67667151987553,0.));
#12784=CARTESIAN_POINT('Ctrl Pts',(20.1261940784752,7.67667151987553,0.2));
#12785=CARTESIAN_POINT('Ctrl Pts',(20.0545880480552,7.56144103749952,0.2));
#12786=CARTESIAN_POINT('Ctrl Pts',(19.9070743181036,7.3240577031673,0.2));
#12787=CARTESIAN_POINT('Ctrl Pts',(19.8896129771747,7.04479491499826,0.2));
#12788=CARTESIAN_POINT('Ctrl Pts',(19.8806277103722,6.90109170973301,0.2));
#12789=CARTESIAN_POINT('Ctrl Pts',(20.8199182339013,8.0000001937151,0.));
#12790=CARTESIAN_POINT('Ctrl Pts',(20.8199182339013,8.0000001937151,0.2));
#12791=CARTESIAN_POINT('Ctrl Pts',(20.6802436968503,7.98815834159775,0.));
#12792=CARTESIAN_POINT('Ctrl Pts',(20.6802436968503,7.98815834159775,0.2));
#12793=CARTESIAN_POINT('Ctrl Pts',(20.4087559829719,7.96514113726472,0.));
#12794=CARTESIAN_POINT('Ctrl Pts',(20.4087559829719,7.96514113726472,0.2));
#12795=CARTESIAN_POINT('Ctrl Pts',(20.2185454298866,7.77095372346727,0.));
#12796=CARTESIAN_POINT('Ctrl Pts',(20.2185454298866,7.77095372346727,0.2));
#12797=CARTESIAN_POINT('Ctrl Pts',(20.1261940784752,7.67667151987553,0.));
#12798=CARTESIAN_POINT('Ctrl Pts',(20.1261940784752,7.67667151987553,0.2));
#12799=CARTESIAN_POINT('',(20.8199182339013,8.0000001937151,0.));
#12800=CARTESIAN_POINT('Ctrl Pts',(20.8199182339013,8.0000001937151,0.));
#12801=CARTESIAN_POINT('Ctrl Pts',(20.6802436968503,7.98815834159775,0.));
#12802=CARTESIAN_POINT('Ctrl Pts',(20.4087559829719,7.96514113726472,0.));
#12803=CARTESIAN_POINT('Ctrl Pts',(20.2185454298866,7.77095372346727,0.));
#12804=CARTESIAN_POINT('Ctrl Pts',(20.1261940784752,7.67667151987553,0.));
#12805=CARTESIAN_POINT('',(20.8199182339013,8.0000001937151,0.2));
#12806=CARTESIAN_POINT('',(20.8199182339013,8.0000001937151,0.));
#12807=CARTESIAN_POINT('Ctrl Pts',(20.8199182339013,8.0000001937151,0.2));
#12808=CARTESIAN_POINT('Ctrl Pts',(20.6802436968503,7.98815834159775,0.2));
#12809=CARTESIAN_POINT('Ctrl Pts',(20.4087559829719,7.96514113726472,0.2));
#12810=CARTESIAN_POINT('Ctrl Pts',(20.2185454298866,7.77095372346727,0.2));
#12811=CARTESIAN_POINT('Ctrl Pts',(20.1261940784752,7.67667151987553,0.2));
#12812=CARTESIAN_POINT('Ctrl Pts',(21.4215555973351,7.71555282175541,0.));
#12813=CARTESIAN_POINT('Ctrl Pts',(21.4215555973351,7.71555282175541,0.2));
#12814=CARTESIAN_POINT('Ctrl Pts',(21.3367417040724,7.79851426778912,0.));
#12815=CARTESIAN_POINT('Ctrl Pts',(21.3367417040724,7.79851426778912,0.2));
#12816=CARTESIAN_POINT('Ctrl Pts',(21.168823852873,7.9627645717721,0.));
#12817=CARTESIAN_POINT('Ctrl Pts',(21.168823852873,7.9627645717721,0.2));
#12818=CARTESIAN_POINT('Ctrl Pts',(20.9354278702261,7.98767286817176,0.));
#12819=CARTESIAN_POINT('Ctrl Pts',(20.9354278702261,7.98767286817176,0.2));
#12820=CARTESIAN_POINT('Ctrl Pts',(20.8199182339013,8.0000001937151,0.));
#12821=CARTESIAN_POINT('Ctrl Pts',(20.8199182339013,8.0000001937151,0.2));
#12822=CARTESIAN_POINT('',(21.4215555973351,7.71555282175541,0.));
#12823=CARTESIAN_POINT('Ctrl Pts',(21.4215555973351,7.71555282175541,0.));
#12824=CARTESIAN_POINT('Ctrl Pts',(21.3367417040724,7.79851426778912,0.));
#12825=CARTESIAN_POINT('Ctrl Pts',(21.168823852873,7.9627645717721,0.));
#12826=CARTESIAN_POINT('Ctrl Pts',(20.9354278702261,7.98767286817176,0.));
#12827=CARTESIAN_POINT('Ctrl Pts',(20.8199182339013,8.0000001937151,0.));
#12828=CARTESIAN_POINT('',(21.4215555973351,7.71555282175541,0.2));
#12829=CARTESIAN_POINT('',(21.4215555973351,7.71555282175541,0.));
#12830=CARTESIAN_POINT('Ctrl Pts',(21.4215555973351,7.71555282175541,0.2));
#12831=CARTESIAN_POINT('Ctrl Pts',(21.3367417040724,7.79851426778912,0.2));
#12832=CARTESIAN_POINT('Ctrl Pts',(21.168823852873,7.9627645717721,0.2));
#12833=CARTESIAN_POINT('Ctrl Pts',(20.9354278702261,7.98767286817176,0.2));
#12834=CARTESIAN_POINT('Ctrl Pts',(20.8199182339013,8.0000001937151,0.2));
#12835=CARTESIAN_POINT('Ctrl Pts',(21.3949516601861,8.18826772272587,0.));
#12836=CARTESIAN_POINT('Ctrl Pts',(21.3949516601861,8.18826772272587,0.2));
#12837=CARTESIAN_POINT('Ctrl Pts',(21.4030342719739,8.13019192617293,0.));
#12838=CARTESIAN_POINT('Ctrl Pts',(21.4030342719739,8.13019192617293,0.2));
#12839=CARTESIAN_POINT('Ctrl Pts',(21.4248391599506,7.97351778775988,0.));
#12840=CARTESIAN_POINT('Ctrl Pts',(21.4248391599506,7.97351778775988,0.2));
#12841=CARTESIAN_POINT('Ctrl Pts',(21.4228238649875,7.81519112933491,0.));
#12842=CARTESIAN_POINT('Ctrl Pts',(21.4228238649875,7.81519112933491,0.2));
#12843=CARTESIAN_POINT('Ctrl Pts',(21.4215555973351,7.71555282175541,0.));
#12844=CARTESIAN_POINT('Ctrl Pts',(21.4215555973351,7.71555282175541,0.2));
#12845=CARTESIAN_POINT('',(21.3949516601861,8.18826772272587,0.));
#12846=CARTESIAN_POINT('Ctrl Pts',(21.3949516601861,8.18826772272587,0.));
#12847=CARTESIAN_POINT('Ctrl Pts',(21.4030342719739,8.13019192617293,0.));
#12848=CARTESIAN_POINT('Ctrl Pts',(21.4248391599506,7.97351778775988,0.));
#12849=CARTESIAN_POINT('Ctrl Pts',(21.4228238649875,7.81519112933491,0.));
#12850=CARTESIAN_POINT('Ctrl Pts',(21.4215555973351,7.71555282175541,0.));
#12851=CARTESIAN_POINT('',(21.3949516601861,8.18826772272587,0.2));
#12852=CARTESIAN_POINT('',(21.3949516601861,8.18826772272587,0.));
#12853=CARTESIAN_POINT('Ctrl Pts',(21.3949516601861,8.18826772272587,0.2));
#12854=CARTESIAN_POINT('Ctrl Pts',(21.4030342719739,8.13019192617293,0.2));
#12855=CARTESIAN_POINT('Ctrl Pts',(21.4248391599506,7.97351778775988,0.2));
#12856=CARTESIAN_POINT('Ctrl Pts',(21.4228238649875,7.81519112933491,0.2));
#12857=CARTESIAN_POINT('Ctrl Pts',(21.4215555973351,7.71555282175541,0.2));
#12858=CARTESIAN_POINT('Ctrl Pts',(21.2066844291985,8.47476162016392,0.));
#12859=CARTESIAN_POINT('Ctrl Pts',(21.2066844291985,8.47476162016392,0.2));
#12860=CARTESIAN_POINT('Ctrl Pts',(21.2495202949189,8.43645933439742,0.));
#12861=CARTESIAN_POINT('Ctrl Pts',(21.2495202949189,8.43645933439742,0.2));
#12862=CARTESIAN_POINT('Ctrl Pts',(21.3375535618317,8.35774316304072,0.));
#12863=CARTESIAN_POINT('Ctrl Pts',(21.3375535618317,8.35774316304072,0.2));
#12864=CARTESIAN_POINT('Ctrl Pts',(21.3754798304947,8.2457608628348,0.));
#12865=CARTESIAN_POINT('Ctrl Pts',(21.3754798304947,8.2457608628348,0.2));
#12866=CARTESIAN_POINT('Ctrl Pts',(21.3949516601861,8.18826772272587,0.));
#12867=CARTESIAN_POINT('Ctrl Pts',(21.3949516601861,8.18826772272587,0.2));
#12868=CARTESIAN_POINT('',(21.2066844291985,8.47476162016392,0.));
#12869=CARTESIAN_POINT('Ctrl Pts',(21.2066844291985,8.47476162016392,0.));
#12870=CARTESIAN_POINT('Ctrl Pts',(21.2495202949189,8.43645933439742,0.));
#12871=CARTESIAN_POINT('Ctrl Pts',(21.3375535618317,8.35774316304072,0.));
#12872=CARTESIAN_POINT('Ctrl Pts',(21.3754798304947,8.2457608628348,0.));
#12873=CARTESIAN_POINT('Ctrl Pts',(21.3949516601861,8.18826772272587,0.));
#12874=CARTESIAN_POINT('',(21.2066844291985,8.47476162016392,0.2));
#12875=CARTESIAN_POINT('',(21.2066844291985,8.47476162016392,0.));
#12876=CARTESIAN_POINT('Ctrl Pts',(21.2066844291985,8.47476162016392,0.2));
#12877=CARTESIAN_POINT('Ctrl Pts',(21.2495202949189,8.43645933439742,0.2));
#12878=CARTESIAN_POINT('Ctrl Pts',(21.3375535618317,8.35774316304072,0.2));
#12879=CARTESIAN_POINT('Ctrl Pts',(21.3754798304947,8.2457608628348,0.2));
#12880=CARTESIAN_POINT('Ctrl Pts',(21.3949516601861,8.18826772272587,0.2));
#12881=CARTESIAN_POINT('Ctrl Pts',(20.8117321319878,8.5770807415247,0.));
#12882=CARTESIAN_POINT('Ctrl Pts',(20.8117321319878,8.5770807415247,0.2));
#12883=CARTESIAN_POINT('Ctrl Pts',(20.8890366897597,8.57490727766303,0.));
#12884=CARTESIAN_POINT('Ctrl Pts',(20.8890366897597,8.57490727766303,0.2));
#12885=CARTESIAN_POINT('Ctrl Pts',(21.0290399134055,8.57097100332318,0.));
#12886=CARTESIAN_POINT('Ctrl Pts',(21.0290399134055,8.57097100332318,0.2));
#12887=CARTESIAN_POINT('Ctrl Pts',(21.1517363763391,8.50452059272669,0.));
#12888=CARTESIAN_POINT('Ctrl Pts',(21.1517363763391,8.50452059272669,0.2));
#12889=CARTESIAN_POINT('Ctrl Pts',(21.2066844291985,8.47476162016392,0.));
#12890=CARTESIAN_POINT('Ctrl Pts',(21.2066844291985,8.47476162016392,0.2));
#12891=CARTESIAN_POINT('',(20.8117321319878,8.5770807415247,0.));
#12892=CARTESIAN_POINT('Ctrl Pts',(20.8117321319878,8.5770807415247,0.));
#12893=CARTESIAN_POINT('Ctrl Pts',(20.8890366897597,8.57490727766303,0.));
#12894=CARTESIAN_POINT('Ctrl Pts',(21.0290399134055,8.57097100332318,0.));
#12895=CARTESIAN_POINT('Ctrl Pts',(21.1517363763391,8.50452059272669,0.));
#12896=CARTESIAN_POINT('Ctrl Pts',(21.2066844291985,8.47476162016392,0.));
#12897=CARTESIAN_POINT('',(20.8117321319878,8.5770807415247,0.2));
#12898=CARTESIAN_POINT('',(20.8117321319878,8.5770807415247,0.));
#12899=CARTESIAN_POINT('Ctrl Pts',(20.8117321319878,8.5770807415247,0.2));
#12900=CARTESIAN_POINT('Ctrl Pts',(20.8890366897597,8.57490727766303,0.2));
#12901=CARTESIAN_POINT('Ctrl Pts',(21.0290399134055,8.57097100332318,0.2));
#12902=CARTESIAN_POINT('Ctrl Pts',(21.1517363763391,8.50452059272669,0.2));
#12903=CARTESIAN_POINT('Ctrl Pts',(21.2066844291985,8.47476162016392,0.2));
#12904=CARTESIAN_POINT('Ctrl Pts',(20.4372444935143,8.47476162016392,0.));
#12905=CARTESIAN_POINT('Ctrl Pts',(20.4372444935143,8.47476162016392,0.2));
#12906=CARTESIAN_POINT('Ctrl Pts',(20.4900898242347,8.5045445190753,0.));
#12907=CARTESIAN_POINT('Ctrl Pts',(20.4900898242347,8.5045445190753,0.2));
#12908=CARTESIAN_POINT('Ctrl Pts',(20.6059227681096,8.56982636727283,0.));
#12909=CARTESIAN_POINT('Ctrl Pts',(20.6059227681096,8.56982636727283,0.2));
#12910=CARTESIAN_POINT('Ctrl Pts',(20.7392380026165,8.57452546641178,0.));
#12911=CARTESIAN_POINT('Ctrl Pts',(20.7392380026165,8.57452546641178,0.2));
#12912=CARTESIAN_POINT('Ctrl Pts',(20.8117321319878,8.5770807415247,0.));
#12913=CARTESIAN_POINT('Ctrl Pts',(20.8117321319878,8.5770807415247,0.2));
#12914=CARTESIAN_POINT('',(20.4372444935143,8.47476162016392,0.));
#12915=CARTESIAN_POINT('Ctrl Pts',(20.4372444935143,8.47476162016392,0.));
#12916=CARTESIAN_POINT('Ctrl Pts',(20.4900898242347,8.5045445190753,0.));
#12917=CARTESIAN_POINT('Ctrl Pts',(20.6059227681096,8.56982636727283,0.));
#12918=CARTESIAN_POINT('Ctrl Pts',(20.7392380026165,8.57452546641178,0.));
#12919=CARTESIAN_POINT('Ctrl Pts',(20.8117321319878,8.5770807415247,0.));
#12920=CARTESIAN_POINT('',(20.4372444935143,8.47476162016392,0.2));
#12921=CARTESIAN_POINT('',(20.4372444935143,8.47476162016392,0.));
#12922=CARTESIAN_POINT('Ctrl Pts',(20.4372444935143,8.47476162016392,0.2));
#12923=CARTESIAN_POINT('Ctrl Pts',(20.4900898242347,8.5045445190753,0.2));
#12924=CARTESIAN_POINT('Ctrl Pts',(20.6059227681096,8.56982636727283,0.2));
#12925=CARTESIAN_POINT('Ctrl Pts',(20.7392380026165,8.57452546641178,0.2));
#12926=CARTESIAN_POINT('Ctrl Pts',(20.8117321319878,8.5770807415247,0.2));
#12927=CARTESIAN_POINT('Ctrl Pts',(20.3124144859612,8.23328800499439,0.));
#12928=CARTESIAN_POINT('Ctrl Pts',(20.3124144859612,8.23328800499439,0.2));
#12929=CARTESIAN_POINT('Ctrl Pts',(20.3217666382811,8.28361699630322,0.));
#12930=CARTESIAN_POINT('Ctrl Pts',(20.3217666382811,8.28361699630322,0.2));
#12931=CARTESIAN_POINT('Ctrl Pts',(20.3391428008524,8.37712752790288,0.));
#12932=CARTESIAN_POINT('Ctrl Pts',(20.3391428008524,8.37712752790288,0.2));
#12933=CARTESIAN_POINT('Ctrl Pts',(20.4062537993527,8.44391864272989,0.));
#12934=CARTESIAN_POINT('Ctrl Pts',(20.4062537993527,8.44391864272989,0.2));
#12935=CARTESIAN_POINT('Ctrl Pts',(20.4372444935143,8.47476162016392,0.));
#12936=CARTESIAN_POINT('Ctrl Pts',(20.4372444935143,8.47476162016392,0.2));
#12937=CARTESIAN_POINT('',(20.3124144859612,8.23328800499439,0.));
#12938=CARTESIAN_POINT('Ctrl Pts',(20.3124144859612,8.23328800499439,0.));
#12939=CARTESIAN_POINT('Ctrl Pts',(20.3217666382811,8.28361699630322,0.));
#12940=CARTESIAN_POINT('Ctrl Pts',(20.3391428008524,8.37712752790288,0.));
#12941=CARTESIAN_POINT('Ctrl Pts',(20.4062537993527,8.44391864272989,0.));
#12942=CARTESIAN_POINT('Ctrl Pts',(20.4372444935143,8.47476162016392,0.));
#12943=CARTESIAN_POINT('',(20.3124144859612,8.23328800499439,0.2));
#12944=CARTESIAN_POINT('',(20.3124144859612,8.23328800499439,0.));
#12945=CARTESIAN_POINT('Ctrl Pts',(20.3124144859612,8.23328800499439,0.2));
#12946=CARTESIAN_POINT('Ctrl Pts',(20.3217666382811,8.28361699630322,0.2));
#12947=CARTESIAN_POINT('Ctrl Pts',(20.3391428008524,8.37712752790288,0.2));
#12948=CARTESIAN_POINT('Ctrl Pts',(20.4062537993527,8.44391864272989,0.2));
#12949=CARTESIAN_POINT('Ctrl Pts',(20.4372444935143,8.47476162016392,0.2));
#12950=CARTESIAN_POINT('Origin',(19.9542966671288,8.18008221685886,0.));
#12951=CARTESIAN_POINT('',(19.9542966671288,8.18008221685886,0.));
#12952=CARTESIAN_POINT('',(26.8277535020606,9.2012759941203,0.));
#12953=CARTESIAN_POINT('',(19.9542966671288,8.18008221685886,0.2));
#12954=CARTESIAN_POINT('',(19.9542966671288,8.18008221685886,0.));
#12955=CARTESIAN_POINT('',(19.9542966671288,8.18008221685886,0.2));
#12956=CARTESIAN_POINT('Ctrl Pts',(20.1855388469994,8.70702601969242,0.));
#12957=CARTESIAN_POINT('Ctrl Pts',(20.1855388469994,8.70702601969242,0.2));
#12958=CARTESIAN_POINT('Ctrl Pts',(20.1161607478625,8.63859261358879,0.));
#12959=CARTESIAN_POINT('Ctrl Pts',(20.1161607478625,8.63859261358879,0.2));
#12960=CARTESIAN_POINT('Ctrl Pts',(19.9699537876447,8.49437649339757,0.));
#12961=CARTESIAN_POINT('Ctrl Pts',(19.9699537876447,8.49437649339757,0.2));
#12962=CARTESIAN_POINT('Ctrl Pts',(19.9596900551955,8.28834676006147,0.));
#12963=CARTESIAN_POINT('Ctrl Pts',(19.9596900551955,8.28834676006147,0.2));
#12964=CARTESIAN_POINT('Ctrl Pts',(19.9542966671288,8.18008221685886,0.));
#12965=CARTESIAN_POINT('Ctrl Pts',(19.9542966671288,8.18008221685886,0.2));
#12966=CARTESIAN_POINT('Ctrl Pts',(20.1855388469994,8.70702601969242,0.));
#12967=CARTESIAN_POINT('Ctrl Pts',(20.1161607478625,8.63859261358879,0.));
#12968=CARTESIAN_POINT('Ctrl Pts',(19.9699537876447,8.49437649339757,0.));
#12969=CARTESIAN_POINT('Ctrl Pts',(19.9596900551955,8.28834676006147,0.));
#12970=CARTESIAN_POINT('Ctrl Pts',(19.9542966671288,8.18008221685886,0.));
#12971=CARTESIAN_POINT('Ctrl Pts',(20.1855388469994,8.70702601969242,0.2));
#12972=CARTESIAN_POINT('Ctrl Pts',(20.1161607478625,8.63859261358879,0.2));
#12973=CARTESIAN_POINT('Ctrl Pts',(19.9699537876447,8.49437649339757,0.2));
#12974=CARTESIAN_POINT('Ctrl Pts',(19.9596900551955,8.28834676006147,0.2));
#12975=CARTESIAN_POINT('Ctrl Pts',(19.9542966671288,8.18008221685886,0.2));
#12976=CARTESIAN_POINT('Origin',(29.9999997206032,6.94099597632885,0.2));
#12977=CARTESIAN_POINT('Origin',(19.4611182995141,5.00000007450581,0.));
#12978=CARTESIAN_POINT('',(19.4611182995141,5.00000007450581,0.));
#12979=CARTESIAN_POINT('',(19.4611182995141,5.42360164225101,0.));
#12980=CARTESIAN_POINT('',(19.4611182995141,21.7500000372529,0.));
#12981=CARTESIAN_POINT('',(19.4611182995141,5.00000007450581,0.2));
#12982=CARTESIAN_POINT('',(19.4611182995141,5.00000007450581,0.));
#12983=CARTESIAN_POINT('',(19.4611182995141,5.42360164225101,0.2));
#12984=CARTESIAN_POINT('',(19.4611182995141,5.00000007450581,0.2));
#12985=CARTESIAN_POINT('',(19.4611182995141,5.42360164225101,0.));
#12986=CARTESIAN_POINT('Origin',(19.0927687473595,5.00000007450581,0.));
#12987=CARTESIAN_POINT('',(19.0927687473595,5.00000007450581,0.));
#12988=CARTESIAN_POINT('',(24.2963843736798,5.00000007450581,0.));
#12989=CARTESIAN_POINT('',(19.0927687473595,5.00000007450581,0.2));
#12990=CARTESIAN_POINT('',(19.0927687473595,5.00000007450581,0.));
#12991=CARTESIAN_POINT('',(19.0927687473595,5.00000007450581,0.2));
#12992=CARTESIAN_POINT('Origin',(19.0927687473595,5.42360164225101,0.));
#12993=CARTESIAN_POINT('',(19.0927687473595,5.42360164225101,0.));
#12994=CARTESIAN_POINT('',(19.0927687473595,21.9618008211255,0.));
#12995=CARTESIAN_POINT('',(19.0927687473595,5.42360164225101,0.2));
#12996=CARTESIAN_POINT('',(19.0927687473595,5.42360164225101,0.));
#12997=CARTESIAN_POINT('',(19.0927687473595,5.42360164225101,0.2));
#12998=CARTESIAN_POINT('Origin',(19.4611182995141,5.42360164225101,0.));
#12999=CARTESIAN_POINT('',(24.480559149757,5.42360164225101,0.));
#13000=CARTESIAN_POINT('',(19.4611182995141,5.42360164225101,0.2));
#13001=CARTESIAN_POINT('Origin',(29.9999997206032,6.94099597632885,0.2));
#13002=CARTESIAN_POINT('Origin',(15.9270110912621,5.35402484238148,0.));
#13003=CARTESIAN_POINT('',(15.9270110912621,5.35402484238148,0.));
#13004=CARTESIAN_POINT('',(15.3274205513299,5.35402484238148,0.));
#13005=CARTESIAN_POINT('',(22.7135055456311,5.35402484238148,0.));
#13006=CARTESIAN_POINT('',(15.9270110912621,5.35402484238148,0.2));
#13007=CARTESIAN_POINT('',(15.9270110912621,5.35402484238148,0.));
#13008=CARTESIAN_POINT('',(15.3274205513299,5.35402484238148,0.2));
#13009=CARTESIAN_POINT('',(15.9270110912621,5.35402484238148,0.2));
#13010=CARTESIAN_POINT('',(15.3274205513299,5.35402484238148,0.));
#13011=CARTESIAN_POINT('Ctrl Pts',(16.3833561725914,5.39597548544407,0.));
#13012=CARTESIAN_POINT('Ctrl Pts',(16.3833561725914,5.39597548544407,0.2));
#13013=CARTESIAN_POINT('Ctrl Pts',(16.3233300179062,5.38385823415517,0.));
#13014=CARTESIAN_POINT('Ctrl Pts',(16.3233300179062,5.38385823415517,0.2));
#13015=CARTESIAN_POINT('Ctrl Pts',(16.1729447799658,5.35350053878355,0.));
#13016=CARTESIAN_POINT('Ctrl Pts',(16.1729447799658,5.35350053878355,0.2));
#13017=CARTESIAN_POINT('Ctrl Pts',(16.0193179109722,5.35382805438573,0.));
#13018=CARTESIAN_POINT('Ctrl Pts',(16.0193179109722,5.35382805438573,0.2));
#13019=CARTESIAN_POINT('Ctrl Pts',(15.9270110912621,5.35402484238148,0.));
#13020=CARTESIAN_POINT('Ctrl Pts',(15.9270110912621,5.35402484238148,0.2));
#13021=CARTESIAN_POINT('',(16.3833561725914,5.39597548544407,0.));
#13022=CARTESIAN_POINT('Ctrl Pts',(16.3833561725914,5.39597548544407,0.));
#13023=CARTESIAN_POINT('Ctrl Pts',(16.3233300179062,5.38385823415517,0.));
#13024=CARTESIAN_POINT('Ctrl Pts',(16.1729447799658,5.35350053878355,0.));
#13025=CARTESIAN_POINT('Ctrl Pts',(16.0193179109722,5.35382805438573,0.));
#13026=CARTESIAN_POINT('Ctrl Pts',(15.9270110912621,5.35402484238148,0.));
#13027=CARTESIAN_POINT('',(16.3833561725914,5.39597548544407,0.2));
#13028=CARTESIAN_POINT('',(16.3833561725914,5.39597548544407,0.));
#13029=CARTESIAN_POINT('Ctrl Pts',(16.3833561725914,5.39597548544407,0.2));
#13030=CARTESIAN_POINT('Ctrl Pts',(16.3233300179062,5.38385823415517,0.2));
#13031=CARTESIAN_POINT('Ctrl Pts',(16.1729447799658,5.35350053878355,0.2));
#13032=CARTESIAN_POINT('Ctrl Pts',(16.0193179109722,5.35382805438573,0.2));
#13033=CARTESIAN_POINT('Ctrl Pts',(15.9270110912621,5.35402484238148,0.2));
#13034=CARTESIAN_POINT('Ctrl Pts',(16.587994415313,5.55150084197521,0.));
#13035=CARTESIAN_POINT('Ctrl Pts',(16.587994415313,5.55150084197521,0.2));
#13036=CARTESIAN_POINT('Ctrl Pts',(16.5613349713254,5.51655625995139,0.));
#13037=CARTESIAN_POINT('Ctrl Pts',(16.5613349713254,5.51655625995139,0.2));
#13038=CARTESIAN_POINT('Ctrl Pts',(16.5074544379911,5.44593090416899,0.));
#13039=CARTESIAN_POINT('Ctrl Pts',(16.5074544379911,5.44593090416899,0.2));
#13040=CARTESIAN_POINT('Ctrl Pts',(16.4250087296987,5.41274260885675,0.));
#13041=CARTESIAN_POINT('Ctrl Pts',(16.4250087296987,5.41274260885675,0.2));
#13042=CARTESIAN_POINT('Ctrl Pts',(16.3833561725914,5.39597548544407,0.));
#13043=CARTESIAN_POINT('Ctrl Pts',(16.3833561725914,5.39597548544407,0.2));
#13044=CARTESIAN_POINT('',(16.587994415313,5.55150084197521,0.));
#13045=CARTESIAN_POINT('Ctrl Pts',(16.587994415313,5.55150084197521,0.));
#13046=CARTESIAN_POINT('Ctrl Pts',(16.5613349713254,5.51655625995139,0.));
#13047=CARTESIAN_POINT('Ctrl Pts',(16.5074544379911,5.44593090416899,0.));
#13048=CARTESIAN_POINT('Ctrl Pts',(16.4250087296987,5.41274260885675,0.));
#13049=CARTESIAN_POINT('Ctrl Pts',(16.3833561725914,5.39597548544407,0.));
#13050=CARTESIAN_POINT('',(16.587994415313,5.55150084197521,0.2));
#13051=CARTESIAN_POINT('',(16.587994415313,5.55150084197521,0.));
#13052=CARTESIAN_POINT('Ctrl Pts',(16.587994415313,5.55150084197521,0.2));
#13053=CARTESIAN_POINT('Ctrl Pts',(16.5613349713254,5.51655625995139,0.2));
#13054=CARTESIAN_POINT('Ctrl Pts',(16.5074544379911,5.44593090416899,0.2));
#13055=CARTESIAN_POINT('Ctrl Pts',(16.4250087296987,5.41274260885675,0.2));
#13056=CARTESIAN_POINT('Ctrl Pts',(16.3833561725914,5.39597548544407,0.2));
#13057=CARTESIAN_POINT('Ctrl Pts',(16.6596177406609,5.81446133553982,0.));
#13058=CARTESIAN_POINT('Ctrl Pts',(16.6596177406609,5.81446133553982,0.2));
#13059=CARTESIAN_POINT('Ctrl Pts',(16.6569853736611,5.76672685075291,0.));
#13060=CARTESIAN_POINT('Ctrl Pts',(16.6569853736611,5.76672685075291,0.2));
#13061=CARTESIAN_POINT('Ctrl Pts',(16.6518654010894,5.67388293770883,0.));
#13062=CARTESIAN_POINT('Ctrl Pts',(16.6518654010894,5.67388293770883,0.2));
#13063=CARTESIAN_POINT('Ctrl Pts',(16.608879619132,5.59151862128657,0.));
#13064=CARTESIAN_POINT('Ctrl Pts',(16.608879619132,5.59151862128657,0.2));
#13065=CARTESIAN_POINT('Ctrl Pts',(16.587994415313,5.55150084197521,0.));
#13066=CARTESIAN_POINT('Ctrl Pts',(16.587994415313,5.55150084197521,0.2));
#13067=CARTESIAN_POINT('',(16.6596177406609,5.81446133553982,0.));
#13068=CARTESIAN_POINT('Ctrl Pts',(16.6596177406609,5.81446133553982,0.));
#13069=CARTESIAN_POINT('Ctrl Pts',(16.6569853736611,5.76672685075291,0.));
#13070=CARTESIAN_POINT('Ctrl Pts',(16.6518654010894,5.67388293770883,0.));
#13071=CARTESIAN_POINT('Ctrl Pts',(16.608879619132,5.59151862128657,0.));
#13072=CARTESIAN_POINT('Ctrl Pts',(16.587994415313,5.55150084197521,0.));
#13073=CARTESIAN_POINT('',(16.6596177406609,5.81446133553982,0.2));
#13074=CARTESIAN_POINT('',(16.6596177406609,5.81446133553982,0.));
#13075=CARTESIAN_POINT('Ctrl Pts',(16.6596177406609,5.81446133553982,0.2));
#13076=CARTESIAN_POINT('Ctrl Pts',(16.6569853736611,5.76672685075291,0.2));
#13077=CARTESIAN_POINT('Ctrl Pts',(16.6518654010894,5.67388293770883,0.2));
#13078=CARTESIAN_POINT('Ctrl Pts',(16.608879619132,5.59151862128657,0.2));
#13079=CARTESIAN_POINT('Ctrl Pts',(16.587994415313,5.55150084197521,0.2));
#13080=CARTESIAN_POINT('Ctrl Pts',(16.5828779526055,6.07639856636524,0.));
#13081=CARTESIAN_POINT('Ctrl Pts',(16.5828779526055,6.07639856636524,0.2));
#13082=CARTESIAN_POINT('Ctrl Pts',(16.6052438571339,6.03813775082993,0.));
#13083=CARTESIAN_POINT('Ctrl Pts',(16.6052438571339,6.03813775082993,0.2));
#13084=CARTESIAN_POINT('Ctrl Pts',(16.6524601946879,5.95736589655005,0.));
#13085=CARTESIAN_POINT('Ctrl Pts',(16.6524601946879,5.95736589655005,0.2));
#13086=CARTESIAN_POINT('Ctrl Pts',(16.6571496389908,5.86373841836004,0.));
#13087=CARTESIAN_POINT('Ctrl Pts',(16.6571496389908,5.86373841836004,0.2));
#13088=CARTESIAN_POINT('Ctrl Pts',(16.6596177406609,5.81446133553982,0.));
#13089=CARTESIAN_POINT('Ctrl Pts',(16.6596177406609,5.81446133553982,0.2));
#13090=CARTESIAN_POINT('',(16.5828779526055,6.07639856636524,0.));
#13091=CARTESIAN_POINT('Ctrl Pts',(16.5828779526055,6.07639856636524,0.));
#13092=CARTESIAN_POINT('Ctrl Pts',(16.6052438571339,6.03813775082993,0.));
#13093=CARTESIAN_POINT('Ctrl Pts',(16.6524601946879,5.95736589655005,0.));
#13094=CARTESIAN_POINT('Ctrl Pts',(16.6571496389908,5.86373841836004,0.));
#13095=CARTESIAN_POINT('Ctrl Pts',(16.6596177406609,5.81446133553982,0.));
#13096=CARTESIAN_POINT('',(16.5828779526055,6.07639856636524,0.2));
#13097=CARTESIAN_POINT('',(16.5828779526055,6.07639856636524,0.));
#13098=CARTESIAN_POINT('Ctrl Pts',(16.5828779526055,6.07639856636524,0.2));
#13099=CARTESIAN_POINT('Ctrl Pts',(16.6052438571339,6.03813775082993,0.2));
#13100=CARTESIAN_POINT('Ctrl Pts',(16.6524601946879,5.95736589655005,0.2));
#13101=CARTESIAN_POINT('Ctrl Pts',(16.6571496389908,5.86373841836004,0.2));
#13102=CARTESIAN_POINT('Ctrl Pts',(16.6596177406609,5.81446133553982,0.2));
#13103=CARTESIAN_POINT('Ctrl Pts',(16.3547066040337,6.22578464448452,0.));
#13104=CARTESIAN_POINT('Ctrl Pts',(16.3547066040337,6.22578464448452,0.2));
#13105=CARTESIAN_POINT('Ctrl Pts',(16.401291346875,6.209325820848,0.));
#13106=CARTESIAN_POINT('Ctrl Pts',(16.401291346875,6.209325820848,0.2));
#13107=CARTESIAN_POINT('Ctrl Pts',(16.48973017835,6.17807955777797,0.));
#13108=CARTESIAN_POINT('Ctrl Pts',(16.48973017835,6.17807955777797,0.2));
#13109=CARTESIAN_POINT('Ctrl Pts',(16.5529560259461,6.10906162452224,0.));
#13110=CARTESIAN_POINT('Ctrl Pts',(16.5529560259461,6.10906162452224,0.2));
#13111=CARTESIAN_POINT('Ctrl Pts',(16.5828779526055,6.07639856636524,0.));
#13112=CARTESIAN_POINT('Ctrl Pts',(16.5828779526055,6.07639856636524,0.2));
#13113=CARTESIAN_POINT('',(16.3547066040337,6.22578464448452,0.));
#13114=CARTESIAN_POINT('Ctrl Pts',(16.3547066040337,6.22578464448452,0.));
#13115=CARTESIAN_POINT('Ctrl Pts',(16.401291346875,6.209325820848,0.));
#13116=CARTESIAN_POINT('Ctrl Pts',(16.48973017835,6.17807955777797,0.));
#13117=CARTESIAN_POINT('Ctrl Pts',(16.5529560259461,6.10906162452224,0.));
#13118=CARTESIAN_POINT('Ctrl Pts',(16.5828779526055,6.07639856636524,0.));
#13119=CARTESIAN_POINT('',(16.3547066040337,6.22578464448452,0.2));
#13120=CARTESIAN_POINT('',(16.3547066040337,6.22578464448452,0.));
#13121=CARTESIAN_POINT('Ctrl Pts',(16.3547066040337,6.22578464448452,0.2));
#13122=CARTESIAN_POINT('Ctrl Pts',(16.401291346875,6.209325820848,0.2));
#13123=CARTESIAN_POINT('Ctrl Pts',(16.48973017835,6.17807955777797,0.2));
#13124=CARTESIAN_POINT('Ctrl Pts',(16.5529560259461,6.10906162452224,0.2));
#13125=CARTESIAN_POINT('Ctrl Pts',(16.5828779526055,6.07639856636524,0.2));
#13126=CARTESIAN_POINT('Ctrl Pts',(15.976125318557,6.2605731934309,0.));
#13127=CARTESIAN_POINT('Ctrl Pts',(15.976125318557,6.2605731934309,0.2));
#13128=CARTESIAN_POINT('Ctrl Pts',(16.0519790987227,6.26061979982999,0.));
#13129=CARTESIAN_POINT('Ctrl Pts',(16.0519790987227,6.26061979982999,0.2));
#13130=CARTESIAN_POINT('Ctrl Pts',(16.1793938484164,6.26069808653715,0.));
#13131=CARTESIAN_POINT('Ctrl Pts',(16.1793938484164,6.26069808653715,0.2));
#13132=CARTESIAN_POINT('Ctrl Pts',(16.3042008947142,6.23584282963737,0.));
#13133=CARTESIAN_POINT('Ctrl Pts',(16.3042008947142,6.23584282963737,0.2));
#13134=CARTESIAN_POINT('Ctrl Pts',(16.3547066040337,6.22578464448452,0.));
#13135=CARTESIAN_POINT('Ctrl Pts',(16.3547066040337,6.22578464448452,0.2));
#13136=CARTESIAN_POINT('',(15.976125318557,6.2605731934309,0.));
#13137=CARTESIAN_POINT('Ctrl Pts',(15.976125318557,6.2605731934309,0.));
#13138=CARTESIAN_POINT('Ctrl Pts',(16.0519790987227,6.26061979982999,0.));
#13139=CARTESIAN_POINT('Ctrl Pts',(16.1793938484164,6.26069808653715,0.));
#13140=CARTESIAN_POINT('Ctrl Pts',(16.3042008947142,6.23584282963737,0.));
#13141=CARTESIAN_POINT('Ctrl Pts',(16.3547066040337,6.22578464448452,0.));
#13142=CARTESIAN_POINT('',(15.976125318557,6.2605731934309,0.2));
#13143=CARTESIAN_POINT('',(15.976125318557,6.2605731934309,0.));
#13144=CARTESIAN_POINT('Ctrl Pts',(15.976125318557,6.2605731934309,0.2));
#13145=CARTESIAN_POINT('Ctrl Pts',(16.0519790987227,6.26061979982999,0.2));
#13146=CARTESIAN_POINT('Ctrl Pts',(16.1793938484164,6.26069808653715,0.2));
#13147=CARTESIAN_POINT('Ctrl Pts',(16.3042008947142,6.23584282963737,0.2));
#13148=CARTESIAN_POINT('Ctrl Pts',(16.3547066040337,6.22578464448452,0.2));
#13149=CARTESIAN_POINT('Origin',(15.3274205513299,6.2605731934309,0.));
#13150=CARTESIAN_POINT('',(15.3274205513299,6.2605731934309,0.));
#13151=CARTESIAN_POINT('',(22.4137102756649,6.2605731934309,0.));
#13152=CARTESIAN_POINT('',(15.3274205513299,6.2605731934309,0.2));
#13153=CARTESIAN_POINT('',(15.3274205513299,6.2605731934309,0.));
#13154=CARTESIAN_POINT('',(15.3274205513299,6.2605731934309,0.2));
#13155=CARTESIAN_POINT('Origin',(15.3274205513299,5.35402484238148,0.));
#13156=CARTESIAN_POINT('',(15.3274205513299,21.9270124211907,0.));
#13157=CARTESIAN_POINT('',(15.3274205513299,5.35402484238148,0.2));
#13158=CARTESIAN_POINT('Origin',(16.0211458988488,6.61459766328335,0.));
#13159=CARTESIAN_POINT('',(16.0211458988488,6.61459766328335,0.));
#13160=CARTESIAN_POINT('',(15.3274205513299,6.61459766328335,0.));
#13161=CARTESIAN_POINT('',(22.7605729494244,6.61459766328335,0.));
#13162=CARTESIAN_POINT('',(16.0211458988488,6.61459766328335,0.2));
#13163=CARTESIAN_POINT('',(16.0211458988488,6.61459766328335,0.));
#13164=CARTESIAN_POINT('',(15.3274205513299,6.61459766328335,0.2));
#13165=CARTESIAN_POINT('',(16.0211458988488,6.61459766328335,0.2));
#13166=CARTESIAN_POINT('',(15.3274205513299,6.61459766328335,0.));
#13167=CARTESIAN_POINT('Ctrl Pts',(16.460094768554,6.66473411023617,0.));
#13168=CARTESIAN_POINT('Ctrl Pts',(16.460094768554,6.66473411023617,0.2));
#13169=CARTESIAN_POINT('Ctrl Pts',(16.3983583727277,6.65018619903157,0.));
#13170=CARTESIAN_POINT('Ctrl Pts',(16.3983583727277,6.65018619903157,0.2));
#13171=CARTESIAN_POINT('Ctrl Pts',(16.254201969842,6.61621637425177,0.));
#13172=CARTESIAN_POINT('Ctrl Pts',(16.254201969842,6.61621637425177,0.2));
#13173=CARTESIAN_POINT('Ctrl Pts',(16.1059229637743,6.61518648967298,0.));
#13174=CARTESIAN_POINT('Ctrl Pts',(16.1059229637743,6.61518648967298,0.2));
#13175=CARTESIAN_POINT('Ctrl Pts',(16.0211458988488,6.61459766328335,0.));
#13176=CARTESIAN_POINT('Ctrl Pts',(16.0211458988488,6.61459766328335,0.2));
#13177=CARTESIAN_POINT('',(16.460094768554,6.66473411023617,0.));
#13178=CARTESIAN_POINT('Ctrl Pts',(16.460094768554,6.66473411023617,0.));
#13179=CARTESIAN_POINT('Ctrl Pts',(16.3983583727277,6.65018619903157,0.));
#13180=CARTESIAN_POINT('Ctrl Pts',(16.254201969842,6.61621637425177,0.));
#13181=CARTESIAN_POINT('Ctrl Pts',(16.1059229637743,6.61518648967298,0.));
#13182=CARTESIAN_POINT('Ctrl Pts',(16.0211458988488,6.61459766328335,0.));
#13183=CARTESIAN_POINT('',(16.460094768554,6.66473411023617,0.2));
#13184=CARTESIAN_POINT('',(16.460094768554,6.66473411023617,0.));
#13185=CARTESIAN_POINT('Ctrl Pts',(16.460094768554,6.66473411023617,0.2));
#13186=CARTESIAN_POINT('Ctrl Pts',(16.3983583727277,6.65018619903157,0.2));
#13187=CARTESIAN_POINT('Ctrl Pts',(16.254201969842,6.61621637425177,0.2));
#13188=CARTESIAN_POINT('Ctrl Pts',(16.1059229637743,6.61518648967298,0.2));
#13189=CARTESIAN_POINT('Ctrl Pts',(16.0211458988488,6.61459766328335,0.2));
#13190=CARTESIAN_POINT('Ctrl Pts',(16.6984990425408,6.83867670595646,0.));
#13191=CARTESIAN_POINT('Ctrl Pts',(16.6984990425408,6.83867670595646,0.2));
#13192=CARTESIAN_POINT('Ctrl Pts',(16.666659856966,6.80034207754551,0.));
#13193=CARTESIAN_POINT('Ctrl Pts',(16.666659856966,6.80034207754551,0.2));
#13194=CARTESIAN_POINT('Ctrl Pts',(16.6018810559803,6.72234789459554,0.));
#13195=CARTESIAN_POINT('Ctrl Pts',(16.6018810559803,6.72234789459554,0.2));
#13196=CARTESIAN_POINT('Ctrl Pts',(16.5078890938264,6.68415497243541,0.));
#13197=CARTESIAN_POINT('Ctrl Pts',(16.5078890938264,6.68415497243541,0.2));
#13198=CARTESIAN_POINT('Ctrl Pts',(16.460094768554,6.66473411023617,0.));
#13199=CARTESIAN_POINT('Ctrl Pts',(16.460094768554,6.66473411023617,0.2));
#13200=CARTESIAN_POINT('',(16.6984990425408,6.83867670595646,0.));
#13201=CARTESIAN_POINT('Ctrl Pts',(16.6984990425408,6.83867670595646,0.));
#13202=CARTESIAN_POINT('Ctrl Pts',(16.666659856966,6.80034207754551,0.));
#13203=CARTESIAN_POINT('Ctrl Pts',(16.6018810559803,6.72234789459554,0.));
#13204=CARTESIAN_POINT('Ctrl Pts',(16.5078890938264,6.68415497243541,0.));
#13205=CARTESIAN_POINT('Ctrl Pts',(16.460094768554,6.66473411023617,0.));
#13206=CARTESIAN_POINT('',(16.6984990425408,6.83867670595646,0.2));
#13207=CARTESIAN_POINT('',(16.6984990425408,6.83867670595646,0.));
#13208=CARTESIAN_POINT('Ctrl Pts',(16.6984990425408,6.83867670595646,0.2));
#13209=CARTESIAN_POINT('Ctrl Pts',(16.666659856966,6.80034207754551,0.2));
#13210=CARTESIAN_POINT('Ctrl Pts',(16.6018810559803,6.72234789459554,0.2));
#13211=CARTESIAN_POINT('Ctrl Pts',(16.5078890938264,6.68415497243541,0.2));
#13212=CARTESIAN_POINT('Ctrl Pts',(16.460094768554,6.66473411023617,0.2));
#13213=CARTESIAN_POINT('Ctrl Pts',(16.7844465561211,7.1302867680788,0.));
#13214=CARTESIAN_POINT('Ctrl Pts',(16.7844465561211,7.1302867680788,0.2));
#13215=CARTESIAN_POINT('Ctrl Pts',(16.7812957464287,7.07681679842271,0.));
#13216=CARTESIAN_POINT('Ctrl Pts',(16.7812957464287,7.07681679842271,0.2));
#13217=CARTESIAN_POINT('Ctrl Pts',(16.7751702030712,6.97286491004101,0.));
#13218=CARTESIAN_POINT('Ctrl Pts',(16.7751702030712,6.97286491004101,0.2));
#13219=CARTESIAN_POINT('Ctrl Pts',(16.7235616073185,6.88254066385154,0.));
#13220=CARTESIAN_POINT('Ctrl Pts',(16.7235616073185,6.88254066385154,0.2));
#13221=CARTESIAN_POINT('Ctrl Pts',(16.6984990425408,6.83867670595646,0.));
#13222=CARTESIAN_POINT('Ctrl Pts',(16.6984990425408,6.83867670595646,0.2));
#13223=CARTESIAN_POINT('',(16.7844465561211,7.1302867680788,0.));
#13224=CARTESIAN_POINT('Ctrl Pts',(16.7844465561211,7.1302867680788,0.));
#13225=CARTESIAN_POINT('Ctrl Pts',(16.7812957464287,7.07681679842271,0.));
#13226=CARTESIAN_POINT('Ctrl Pts',(16.7751702030712,6.97286491004101,0.));
#13227=CARTESIAN_POINT('Ctrl Pts',(16.7235616073185,6.88254066385154,0.));
#13228=CARTESIAN_POINT('Ctrl Pts',(16.6984990425408,6.83867670595646,0.));
#13229=CARTESIAN_POINT('',(16.7844465561211,7.1302867680788,0.2));
#13230=CARTESIAN_POINT('',(16.7844465561211,7.1302867680788,0.));
#13231=CARTESIAN_POINT('Ctrl Pts',(16.7844465561211,7.1302867680788,0.2));
#13232=CARTESIAN_POINT('Ctrl Pts',(16.7812957464287,7.07681679842271,0.2));
#13233=CARTESIAN_POINT('Ctrl Pts',(16.7751702030712,6.97286491004101,0.2));
#13234=CARTESIAN_POINT('Ctrl Pts',(16.7235616073185,6.88254066385154,0.2));
#13235=CARTESIAN_POINT('Ctrl Pts',(16.6984990425408,6.83867670595646,0.2));
#13236=CARTESIAN_POINT('Ctrl Pts',(16.7251017875969,7.38301523029804,0.));
#13237=CARTESIAN_POINT('Ctrl Pts',(16.7251017875969,7.38301523029804,0.2));
#13238=CARTESIAN_POINT('Ctrl Pts',(16.7424039969549,7.34429870654161,0.));
#13239=CARTESIAN_POINT('Ctrl Pts',(16.7424039969549,7.34429870654161,0.2));
#13240=CARTESIAN_POINT('Ctrl Pts',(16.7783230203453,7.26392401602463,0.));
#13241=CARTESIAN_POINT('Ctrl Pts',(16.7783230203453,7.26392401602463,0.2));
#13242=CARTESIAN_POINT('Ctrl Pts',(16.7823561742338,7.17590630764008,0.));
#13243=CARTESIAN_POINT('Ctrl Pts',(16.7823561742338,7.17590630764008,0.2));
#13244=CARTESIAN_POINT('Ctrl Pts',(16.7844465561211,7.1302867680788,0.));
#13245=CARTESIAN_POINT('Ctrl Pts',(16.7844465561211,7.1302867680788,0.2));
#13246=CARTESIAN_POINT('',(16.7251017875969,7.38301523029804,0.));
#13247=CARTESIAN_POINT('Ctrl Pts',(16.7251017875969,7.38301523029804,0.));
#13248=CARTESIAN_POINT('Ctrl Pts',(16.7424039969549,7.34429870654161,0.));
#13249=CARTESIAN_POINT('Ctrl Pts',(16.7783230203453,7.26392401602463,0.));
#13250=CARTESIAN_POINT('Ctrl Pts',(16.7823561742338,7.17590630764008,0.));
#13251=CARTESIAN_POINT('Ctrl Pts',(16.7844465561211,7.1302867680788,0.));
#13252=CARTESIAN_POINT('',(16.7251017875969,7.38301523029804,0.2));
#13253=CARTESIAN_POINT('',(16.7251017875969,7.38301523029804,0.));
#13254=CARTESIAN_POINT('Ctrl Pts',(16.7251017875969,7.38301523029804,0.2));
#13255=CARTESIAN_POINT('Ctrl Pts',(16.7424039969549,7.34429870654161,0.2));
#13256=CARTESIAN_POINT('Ctrl Pts',(16.7783230203453,7.26392401602463,0.2));
#13257=CARTESIAN_POINT('Ctrl Pts',(16.7823561742338,7.17590630764008,0.2));
#13258=CARTESIAN_POINT('Ctrl Pts',(16.7844465561211,7.1302867680788,0.2));
#13259=CARTESIAN_POINT('Ctrl Pts',(16.5736690349877,7.54979558289051,0.));
#13260=CARTESIAN_POINT('Ctrl Pts',(16.5736690349877,7.54979558289051,0.2));
#13261=CARTESIAN_POINT('Ctrl Pts',(16.6033307227246,7.52790072940778,0.));
#13262=CARTESIAN_POINT('Ctrl Pts',(16.6033307227246,7.52790072940778,0.2));
#13263=CARTESIAN_POINT('Ctrl Pts',(16.6648865517311,7.48246313094531,0.));
#13264=CARTESIAN_POINT('Ctrl Pts',(16.6648865517311,7.48246313094531,0.2));
#13265=CARTESIAN_POINT('Ctrl Pts',(16.7045505425445,7.41695644379273,0.));
#13266=CARTESIAN_POINT('Ctrl Pts',(16.7045505425445,7.41695644379273,0.2));
#13267=CARTESIAN_POINT('Ctrl Pts',(16.7251017875969,7.38301523029804,0.));
#13268=CARTESIAN_POINT('Ctrl Pts',(16.7251017875969,7.38301523029804,0.2));
#13269=CARTESIAN_POINT('',(16.5736690349877,7.54979558289051,0.));
#13270=CARTESIAN_POINT('Ctrl Pts',(16.5736690349877,7.54979558289051,0.));
#13271=CARTESIAN_POINT('Ctrl Pts',(16.6033307227246,7.52790072940778,0.));
#13272=CARTESIAN_POINT('Ctrl Pts',(16.6648865517311,7.48246313094531,0.));
#13273=CARTESIAN_POINT('Ctrl Pts',(16.7045505425445,7.41695644379273,0.));
#13274=CARTESIAN_POINT('Ctrl Pts',(16.7251017875969,7.38301523029804,0.));
#13275=CARTESIAN_POINT('',(16.5736690349877,7.54979558289051,0.2));
#13276=CARTESIAN_POINT('',(16.5736690349877,7.54979558289051,0.));
#13277=CARTESIAN_POINT('Ctrl Pts',(16.5736690349877,7.54979558289051,0.2));
#13278=CARTESIAN_POINT('Ctrl Pts',(16.6033307227246,7.52790072940778,0.2));
#13279=CARTESIAN_POINT('Ctrl Pts',(16.6648865517311,7.48246313094531,0.2));
#13280=CARTESIAN_POINT('Ctrl Pts',(16.7045505425445,7.41695644379273,0.2));
#13281=CARTESIAN_POINT('Ctrl Pts',(16.7251017875969,7.38301523029804,0.2));
#13282=CARTESIAN_POINT('Ctrl Pts',(16.3444736786187,7.63165093958378,0.));
#13283=CARTESIAN_POINT('Ctrl Pts',(16.3444736786187,7.63165093958378,0.2));
#13284=CARTESIAN_POINT('Ctrl Pts',(16.3871693477637,7.62278293423592,0.));
#13285=CARTESIAN_POINT('Ctrl Pts',(16.3871693477637,7.62278293423592,0.2));
#13286=CARTESIAN_POINT('Ctrl Pts',(16.4674313826238,7.60611229366223,0.));
#13287=CARTESIAN_POINT('Ctrl Pts',(16.4674313826238,7.60611229366223,0.2));
#13288=CARTESIAN_POINT('Ctrl Pts',(16.5397980626081,7.56775062719556,0.));
#13289=CARTESIAN_POINT('Ctrl Pts',(16.5397980626081,7.56775062719556,0.2));
#13290=CARTESIAN_POINT('Ctrl Pts',(16.5736690349877,7.54979558289051,0.));
#13291=CARTESIAN_POINT('Ctrl Pts',(16.5736690349877,7.54979558289051,0.2));
#13292=CARTESIAN_POINT('',(16.3444736786187,7.63165093958378,0.));
#13293=CARTESIAN_POINT('Ctrl Pts',(16.3444736786187,7.63165093958378,0.));
#13294=CARTESIAN_POINT('Ctrl Pts',(16.3871693477637,7.62278293423592,0.));
#13295=CARTESIAN_POINT('Ctrl Pts',(16.4674313826238,7.60611229366223,0.));
#13296=CARTESIAN_POINT('Ctrl Pts',(16.5397980626081,7.56775062719556,0.));
#13297=CARTESIAN_POINT('Ctrl Pts',(16.5736690349877,7.54979558289051,0.));
#13298=CARTESIAN_POINT('',(16.3444736786187,7.63165093958378,0.2));
#13299=CARTESIAN_POINT('',(16.3444736786187,7.63165093958378,0.));
#13300=CARTESIAN_POINT('Ctrl Pts',(16.3444736786187,7.63165093958378,0.2));
#13301=CARTESIAN_POINT('Ctrl Pts',(16.3871693477637,7.62278293423592,0.2));
#13302=CARTESIAN_POINT('Ctrl Pts',(16.4674313826238,7.60611229366223,0.2));
#13303=CARTESIAN_POINT('Ctrl Pts',(16.5397980626081,7.56775062719556,0.2));
#13304=CARTESIAN_POINT('Ctrl Pts',(16.5736690349877,7.54979558289051,0.2));
#13305=CARTESIAN_POINT('Ctrl Pts',(16.0743513889611,7.64597572386265,0.));
#13306=CARTESIAN_POINT('Ctrl Pts',(16.0743513889611,7.64597572386265,0.2));
#13307=CARTESIAN_POINT('Ctrl Pts',(16.1290009841444,7.64607936283983,0.));
#13308=CARTESIAN_POINT('Ctrl Pts',(16.1290009841444,7.64607936283983,0.2));
#13309=CARTESIAN_POINT('Ctrl Pts',(16.2193450684633,7.64625069381606,0.));
#13310=CARTESIAN_POINT('Ctrl Pts',(16.2193450684633,7.64625069381606,0.2));
#13311=CARTESIAN_POINT('Ctrl Pts',(16.3090368937255,7.63578563227779,0.));
#13312=CARTESIAN_POINT('Ctrl Pts',(16.3090368937255,7.63578563227779,0.2));
#13313=CARTESIAN_POINT('Ctrl Pts',(16.3444736786187,7.63165093958378,0.));
#13314=CARTESIAN_POINT('Ctrl Pts',(16.3444736786187,7.63165093958378,0.2));
#13315=CARTESIAN_POINT('',(16.0743513889611,7.64597572386265,0.));
#13316=CARTESIAN_POINT('Ctrl Pts',(16.0743513889611,7.64597572386265,0.));
#13317=CARTESIAN_POINT('Ctrl Pts',(16.1290009841444,7.64607936283983,0.));
#13318=CARTESIAN_POINT('Ctrl Pts',(16.2193450684633,7.64625069381606,0.));
#13319=CARTESIAN_POINT('Ctrl Pts',(16.3090368937255,7.63578563227779,0.));
#13320=CARTESIAN_POINT('Ctrl Pts',(16.3444736786187,7.63165093958378,0.));
#13321=CARTESIAN_POINT('',(16.0743513889611,7.64597572386265,0.2));
#13322=CARTESIAN_POINT('',(16.0743513889611,7.64597572386265,0.));
#13323=CARTESIAN_POINT('Ctrl Pts',(16.0743513889611,7.64597572386265,0.2));
#13324=CARTESIAN_POINT('Ctrl Pts',(16.1290009841444,7.64607936283983,0.2));
#13325=CARTESIAN_POINT('Ctrl Pts',(16.2193450684633,7.64625069381606,0.2));
#13326=CARTESIAN_POINT('Ctrl Pts',(16.3090368937255,7.63578563227779,0.2));
#13327=CARTESIAN_POINT('Ctrl Pts',(16.3444736786187,7.63165093958378,0.2));
#13328=CARTESIAN_POINT('Origin',(15.3274205513299,7.64597572386265,0.));
#13329=CARTESIAN_POINT('',(15.3274205513299,7.64597572386265,0.));
#13330=CARTESIAN_POINT('',(22.4137102756649,7.64597572386265,0.));
#13331=CARTESIAN_POINT('',(15.3274205513299,7.64597572386265,0.2));
#13332=CARTESIAN_POINT('',(15.3274205513299,7.64597572386265,0.));
#13333=CARTESIAN_POINT('',(15.3274205513299,7.64597572386265,0.2));
#13334=CARTESIAN_POINT('Origin',(15.3274205513299,6.61459766328335,0.));
#13335=CARTESIAN_POINT('',(15.3274205513299,22.5572988316417,0.));
#13336=CARTESIAN_POINT('',(15.3274205513299,6.61459766328335,0.2));
#13337=CARTESIAN_POINT('Ctrl Pts',(16.5583220310509,7.94986374676228,0.));
#13338=CARTESIAN_POINT('Ctrl Pts',(16.5583220310509,7.94986374676228,0.2));
#13339=CARTESIAN_POINT('Ctrl Pts',(16.4853026344745,7.9644588979478,0.));
#13340=CARTESIAN_POINT('Ctrl Pts',(16.4853026344745,7.9644588979478,0.2));
#13341=CARTESIAN_POINT('Ctrl Pts',(16.3256341816378,7.99637350307976,0.));
#13342=CARTESIAN_POINT('Ctrl Pts',(16.3256341816378,7.99637350307976,0.2));
#13343=CARTESIAN_POINT('Ctrl Pts',(16.1627471222555,7.99872440409684,0.));
#13344=CARTESIAN_POINT('Ctrl Pts',(16.1627471222555,7.99872440409684,0.2));
#13345=CARTESIAN_POINT('Ctrl Pts',(16.0743513889611,8.0000001937151,0.));
#13346=CARTESIAN_POINT('Ctrl Pts',(16.0743513889611,8.0000001937151,0.2));
#13347=CARTESIAN_POINT('',(16.5583220310509,7.94986374676228,0.));
#13348=CARTESIAN_POINT('',(16.0743513889611,8.0000001937151,0.));
#13349=CARTESIAN_POINT('Ctrl Pts',(16.5583220310509,7.94986374676228,0.));
#13350=CARTESIAN_POINT('Ctrl Pts',(16.4853026344745,7.9644588979478,0.));
#13351=CARTESIAN_POINT('Ctrl Pts',(16.3256341816378,7.99637350307976,0.));
#13352=CARTESIAN_POINT('Ctrl Pts',(16.1627471222555,7.99872440409684,0.));
#13353=CARTESIAN_POINT('Ctrl Pts',(16.0743513889611,8.0000001937151,0.));
#13354=CARTESIAN_POINT('',(16.5583220310509,7.94986374676228,0.2));
#13355=CARTESIAN_POINT('',(16.5583220310509,7.94986374676228,0.));
#13356=CARTESIAN_POINT('',(16.0743513889611,8.0000001937151,0.2));
#13357=CARTESIAN_POINT('Ctrl Pts',(16.5583220310509,7.94986374676228,0.2));
#13358=CARTESIAN_POINT('Ctrl Pts',(16.4853026344745,7.9644588979478,0.2));
#13359=CARTESIAN_POINT('Ctrl Pts',(16.3256341816378,7.99637350307976,0.2));
#13360=CARTESIAN_POINT('Ctrl Pts',(16.1627471222555,7.99872440409684,0.2));
#13361=CARTESIAN_POINT('Ctrl Pts',(16.0743513889611,8.0000001937151,0.2));
#13362=CARTESIAN_POINT('',(16.0743513889611,8.0000001937151,0.));
#13363=CARTESIAN_POINT('Ctrl Pts',(16.8867662735283,7.80150093138218,0.));
#13364=CARTESIAN_POINT('Ctrl Pts',(16.8867662735283,7.80150093138218,0.2));
#13365=CARTESIAN_POINT('Ctrl Pts',(16.8386724603416,7.83264610128333,0.));
#13366=CARTESIAN_POINT('Ctrl Pts',(16.8386724603416,7.83264610128333,0.2));
#13367=CARTESIAN_POINT('Ctrl Pts',(16.7367714830822,7.89863636155898,0.));
#13368=CARTESIAN_POINT('Ctrl Pts',(16.7367714830822,7.89863636155898,0.2));
#13369=CARTESIAN_POINT('Ctrl Pts',(16.6199877786604,7.93216139480387,0.));
#13370=CARTESIAN_POINT('Ctrl Pts',(16.6199877786604,7.93216139480387,0.2));
#13371=CARTESIAN_POINT('Ctrl Pts',(16.5583220310509,7.94986374676228,0.));
#13372=CARTESIAN_POINT('Ctrl Pts',(16.5583220310509,7.94986374676228,0.2));
#13373=CARTESIAN_POINT('',(16.8867662735283,7.80150093138218,0.));
#13374=CARTESIAN_POINT('Ctrl Pts',(16.8867662735283,7.80150093138218,0.));
#13375=CARTESIAN_POINT('Ctrl Pts',(16.8386724603416,7.83264610128333,0.));
#13376=CARTESIAN_POINT('Ctrl Pts',(16.7367714830822,7.89863636155898,0.));
#13377=CARTESIAN_POINT('Ctrl Pts',(16.6199877786604,7.93216139480387,0.));
#13378=CARTESIAN_POINT('Ctrl Pts',(16.5583220310509,7.94986374676228,0.));
#13379=CARTESIAN_POINT('',(16.8867662735283,7.80150093138218,0.2));
#13380=CARTESIAN_POINT('',(16.8867662735283,7.80150093138218,0.));
#13381=CARTESIAN_POINT('Ctrl Pts',(16.8867662735283,7.80150093138218,0.2));
#13382=CARTESIAN_POINT('Ctrl Pts',(16.8386724603416,7.83264610128333,0.2));
#13383=CARTESIAN_POINT('Ctrl Pts',(16.7367714830822,7.89863636155898,0.2));
#13384=CARTESIAN_POINT('Ctrl Pts',(16.6199877786604,7.93216139480387,0.2));
#13385=CARTESIAN_POINT('Ctrl Pts',(16.5583220310509,7.94986374676228,0.2));
#13386=CARTESIAN_POINT('Ctrl Pts',(17.1067527122796,7.52216942608356,0.));
#13387=CARTESIAN_POINT('Ctrl Pts',(17.1067527122796,7.52216942608356,0.2));
#13388=CARTESIAN_POINT('Ctrl Pts',(17.0766421822179,7.57807176884738,0.));
#13389=CARTESIAN_POINT('Ctrl Pts',(17.0766421822179,7.57807176884738,0.2));
#13390=CARTESIAN_POINT('Ctrl Pts',(17.0195226992612,7.68411815554965,0.));
#13391=CARTESIAN_POINT('Ctrl Pts',(17.0195226992612,7.68411815554965,0.2));
#13392=CARTESIAN_POINT('Ctrl Pts',(16.9293869642951,7.76381586293837,0.));
#13393=CARTESIAN_POINT('Ctrl Pts',(16.9293869642951,7.76381586293837,0.2));
#13394=CARTESIAN_POINT('Ctrl Pts',(16.8867662735283,7.80150093138218,0.));
#13395=CARTESIAN_POINT('Ctrl Pts',(16.8867662735283,7.80150093138218,0.2));
#13396=CARTESIAN_POINT('',(17.1067527122796,7.52216942608356,0.));
#13397=CARTESIAN_POINT('Ctrl Pts',(17.1067527122796,7.52216942608356,0.));
#13398=CARTESIAN_POINT('Ctrl Pts',(17.0766421822179,7.57807176884738,0.));
#13399=CARTESIAN_POINT('Ctrl Pts',(17.0195226992612,7.68411815554965,0.));
#13400=CARTESIAN_POINT('Ctrl Pts',(16.9293869642951,7.76381586293837,0.));
#13401=CARTESIAN_POINT('Ctrl Pts',(16.8867662735283,7.80150093138218,0.));
#13402=CARTESIAN_POINT('',(17.1067527122796,7.52216942608356,0.2));
#13403=CARTESIAN_POINT('',(17.1067527122796,7.52216942608356,0.));
#13404=CARTESIAN_POINT('Ctrl Pts',(17.1067527122796,7.52216942608356,0.2));
#13405=CARTESIAN_POINT('Ctrl Pts',(17.0766421822179,7.57807176884738,0.2));
#13406=CARTESIAN_POINT('Ctrl Pts',(17.0195226992612,7.68411815554965,0.2));
#13407=CARTESIAN_POINT('Ctrl Pts',(16.9293869642951,7.76381586293837,0.2));
#13408=CARTESIAN_POINT('Ctrl Pts',(16.8867662735283,7.80150093138218,0.2));
#13409=CARTESIAN_POINT('Ctrl Pts',(17.1957698650658,7.1302867680788,0.));
#13410=CARTESIAN_POINT('Ctrl Pts',(17.1957698650658,7.1302867680788,0.2));
#13411=CARTESIAN_POINT('Ctrl Pts',(17.1922317176255,7.19895992669966,0.));
#13412=CARTESIAN_POINT('Ctrl Pts',(17.1922317176255,7.19895992669966,0.2));
#13413=CARTESIAN_POINT('Ctrl Pts',(17.1852345938882,7.33476958313549,0.));
#13414=CARTESIAN_POINT('Ctrl Pts',(17.1852345938882,7.33476958313549,0.2));
#13415=CARTESIAN_POINT('Ctrl Pts',(17.1327152573329,7.46017579435866,0.));
#13416=CARTESIAN_POINT('Ctrl Pts',(17.1327152573329,7.46017579435866,0.2));
#13417=CARTESIAN_POINT('Ctrl Pts',(17.1067527122796,7.52216942608356,0.));
#13418=CARTESIAN_POINT('Ctrl Pts',(17.1067527122796,7.52216942608356,0.2));
#13419=CARTESIAN_POINT('',(17.1957698650658,7.1302867680788,0.));
#13420=CARTESIAN_POINT('Ctrl Pts',(17.1957698650658,7.1302867680788,0.));
#13421=CARTESIAN_POINT('Ctrl Pts',(17.1922317176255,7.19895992669966,0.));
#13422=CARTESIAN_POINT('Ctrl Pts',(17.1852345938882,7.33476958313549,0.));
#13423=CARTESIAN_POINT('Ctrl Pts',(17.1327152573329,7.46017579435866,0.));
#13424=CARTESIAN_POINT('Ctrl Pts',(17.1067527122796,7.52216942608356,0.));
#13425=CARTESIAN_POINT('',(17.1957698650658,7.1302867680788,0.2));
#13426=CARTESIAN_POINT('',(17.1957698650658,7.1302867680788,0.));
#13427=CARTESIAN_POINT('Ctrl Pts',(17.1957698650658,7.1302867680788,0.2));
#13428=CARTESIAN_POINT('Ctrl Pts',(17.1922317176255,7.19895992669966,0.2));
#13429=CARTESIAN_POINT('Ctrl Pts',(17.1852345938882,7.33476958313549,0.2));
#13430=CARTESIAN_POINT('Ctrl Pts',(17.1327152573329,7.46017579435866,0.2));
#13431=CARTESIAN_POINT('Ctrl Pts',(17.1067527122796,7.52216942608356,0.2));
#13432=CARTESIAN_POINT('Ctrl Pts',(17.0494535751641,6.6759892553091,0.));
#13433=CARTESIAN_POINT('Ctrl Pts',(17.0494535751641,6.6759892553091,0.2));
#13434=CARTESIAN_POINT('Ctrl Pts',(17.0921233559333,6.74392109814233,0.));
#13435=CARTESIAN_POINT('Ctrl Pts',(17.0921233559333,6.74392109814233,0.2));
#13436=CARTESIAN_POINT('Ctrl Pts',(17.1793623369388,6.88280872867985,0.));
#13437=CARTESIAN_POINT('Ctrl Pts',(17.1793623369388,6.88280872867985,0.2));
#13438=CARTESIAN_POINT('Ctrl Pts',(17.1902218755588,7.04660532897438,0.));
#13439=CARTESIAN_POINT('Ctrl Pts',(17.1902218755588,7.04660532897438,0.2));
#13440=CARTESIAN_POINT('Ctrl Pts',(17.1957698650658,7.1302867680788,0.));
#13441=CARTESIAN_POINT('Ctrl Pts',(17.1957698650658,7.1302867680788,0.2));
#13442=CARTESIAN_POINT('',(17.0494535751641,6.6759892553091,0.));
#13443=CARTESIAN_POINT('Ctrl Pts',(17.0494535751641,6.6759892553091,0.));
#13444=CARTESIAN_POINT('Ctrl Pts',(17.0921233559333,6.74392109814233,0.));
#13445=CARTESIAN_POINT('Ctrl Pts',(17.1793623369388,6.88280872867985,0.));
#13446=CARTESIAN_POINT('Ctrl Pts',(17.1902218755588,7.04660532897438,0.));
#13447=CARTESIAN_POINT('Ctrl Pts',(17.1957698650658,7.1302867680788,0.));
#13448=CARTESIAN_POINT('',(17.0494535751641,6.6759892553091,0.2));
#13449=CARTESIAN_POINT('',(17.0494535751641,6.6759892553091,0.));
#13450=CARTESIAN_POINT('Ctrl Pts',(17.0494535751641,6.6759892553091,0.2));
#13451=CARTESIAN_POINT('Ctrl Pts',(17.0921233559333,6.74392109814233,0.2));
#13452=CARTESIAN_POINT('Ctrl Pts',(17.1793623369388,6.88280872867985,0.2));
#13453=CARTESIAN_POINT('Ctrl Pts',(17.1902218755588,7.04660532897438,0.2));
#13454=CARTESIAN_POINT('Ctrl Pts',(17.1957698650658,7.1302867680788,0.2));
#13455=CARTESIAN_POINT('Ctrl Pts',(16.6309681721032,6.40382014214993,0.));
#13456=CARTESIAN_POINT('Ctrl Pts',(16.6309681721032,6.40382014214993,0.2));
#13457=CARTESIAN_POINT('Ctrl Pts',(16.7152825711198,6.43362618587716,0.));
#13458=CARTESIAN_POINT('Ctrl Pts',(16.7152825711198,6.43362618587716,0.2));
#13459=CARTESIAN_POINT('Ctrl Pts',(16.8769497648846,6.49077727160877,0.));
#13460=CARTESIAN_POINT('Ctrl Pts',(16.8769497648846,6.49077727160877,0.2));
#13461=CARTESIAN_POINT('Ctrl Pts',(16.9936270649511,6.61605006507988,0.));
#13462=CARTESIAN_POINT('Ctrl Pts',(16.9936270649511,6.61605006507988,0.2));
#13463=CARTESIAN_POINT('Ctrl Pts',(17.0494535751641,6.6759892553091,0.));
#13464=CARTESIAN_POINT('Ctrl Pts',(17.0494535751641,6.6759892553091,0.2));
#13465=CARTESIAN_POINT('',(16.6309681721032,6.40382014214993,0.));
#13466=CARTESIAN_POINT('Ctrl Pts',(16.6309681721032,6.40382014214993,0.));
#13467=CARTESIAN_POINT('Ctrl Pts',(16.7152825711198,6.43362618587716,0.));
#13468=CARTESIAN_POINT('Ctrl Pts',(16.8769497648846,6.49077727160877,0.));
#13469=CARTESIAN_POINT('Ctrl Pts',(16.9936270649511,6.61605006507988,0.));
#13470=CARTESIAN_POINT('Ctrl Pts',(17.0494535751641,6.6759892553091,0.));
#13471=CARTESIAN_POINT('',(16.6309681721032,6.40382014214993,0.2));
#13472=CARTESIAN_POINT('',(16.6309681721032,6.40382014214993,0.));
#13473=CARTESIAN_POINT('Ctrl Pts',(16.6309681721032,6.40382014214993,0.2));
#13474=CARTESIAN_POINT('Ctrl Pts',(16.7152825711198,6.43362618587716,0.2));
#13475=CARTESIAN_POINT('Ctrl Pts',(16.8769497648846,6.49077727160877,0.2));
#13476=CARTESIAN_POINT('Ctrl Pts',(16.9936270649511,6.61605006507988,0.2));
#13477=CARTESIAN_POINT('Ctrl Pts',(17.0494535751641,6.6759892553091,0.2));
#13478=CARTESIAN_POINT('Ctrl Pts',(16.9461110420525,6.12960450351238,0.));
#13479=CARTESIAN_POINT('Ctrl Pts',(16.9461110420525,6.12960450351238,0.2));
#13480=CARTESIAN_POINT('Ctrl Pts',(16.9054643384068,6.18417971715671,0.));
#13481=CARTESIAN_POINT('Ctrl Pts',(16.9054643384068,6.18417971715671,0.2));
#13482=CARTESIAN_POINT('Ctrl Pts',(16.8204526847442,6.29832253181962,0.));
#13483=CARTESIAN_POINT('Ctrl Pts',(16.8204526847442,6.29832253181962,0.2));
#13484=CARTESIAN_POINT('Ctrl Pts',(16.6959449197779,6.36764361504926,0.));
#13485=CARTESIAN_POINT('Ctrl Pts',(16.6959449197779,6.36764361504926,0.2));
#13486=CARTESIAN_POINT('Ctrl Pts',(16.6309681721032,6.40382014214993,0.));
#13487=CARTESIAN_POINT('Ctrl Pts',(16.6309681721032,6.40382014214993,0.2));
#13488=CARTESIAN_POINT('',(16.9461110420525,6.12960450351238,0.));
#13489=CARTESIAN_POINT('Ctrl Pts',(16.9461110420525,6.12960450351238,0.));
#13490=CARTESIAN_POINT('Ctrl Pts',(16.9054643384068,6.18417971715671,0.));
#13491=CARTESIAN_POINT('Ctrl Pts',(16.8204526847442,6.29832253181962,0.));
#13492=CARTESIAN_POINT('Ctrl Pts',(16.6959449197779,6.36764361504926,0.));
#13493=CARTESIAN_POINT('Ctrl Pts',(16.6309681721032,6.40382014214993,0.));
#13494=CARTESIAN_POINT('',(16.9461110420525,6.12960450351238,0.2));
#13495=CARTESIAN_POINT('',(16.9461110420525,6.12960450351238,0.));
#13496=CARTESIAN_POINT('Ctrl Pts',(16.9461110420525,6.12960450351238,0.2));
#13497=CARTESIAN_POINT('Ctrl Pts',(16.9054643384068,6.18417971715671,0.2));
#13498=CARTESIAN_POINT('Ctrl Pts',(16.8204526847442,6.29832253181962,0.2));
#13499=CARTESIAN_POINT('Ctrl Pts',(16.6959449197779,6.36764361504926,0.2));
#13500=CARTESIAN_POINT('Ctrl Pts',(16.6309681721032,6.40382014214993,0.2));
#13501=CARTESIAN_POINT('Ctrl Pts',(17.0504775829613,5.76739437878132,0.));
#13502=CARTESIAN_POINT('Ctrl Pts',(17.0504775829613,5.76739437878132,0.2));
#13503=CARTESIAN_POINT('Ctrl Pts',(17.045967065124,5.8308388806675,0.));
#13504=CARTESIAN_POINT('Ctrl Pts',(17.045967065124,5.8308388806675,0.2));
#13505=CARTESIAN_POINT('Ctrl Pts',(17.0368599722798,5.95893835615574,0.));
#13506=CARTESIAN_POINT('Ctrl Pts',(17.0368599722798,5.95893835615574,0.2));
#13507=CARTESIAN_POINT('Ctrl Pts',(16.9765506491067,6.07235853433146,0.));
#13508=CARTESIAN_POINT('Ctrl Pts',(16.9765506491067,6.07235853433146,0.2));
#13509=CARTESIAN_POINT('Ctrl Pts',(16.9461110420525,6.12960450351238,0.));
#13510=CARTESIAN_POINT('Ctrl Pts',(16.9461110420525,6.12960450351238,0.2));
#13511=CARTESIAN_POINT('',(17.0504775829613,5.76739437878132,0.));
#13512=CARTESIAN_POINT('Ctrl Pts',(17.0504775829613,5.76739437878132,0.));
#13513=CARTESIAN_POINT('Ctrl Pts',(17.045967065124,5.8308388806675,0.));
#13514=CARTESIAN_POINT('Ctrl Pts',(17.0368599722798,5.95893835615574,0.));
#13515=CARTESIAN_POINT('Ctrl Pts',(16.9765506491067,6.07235853433146,0.));
#13516=CARTESIAN_POINT('Ctrl Pts',(16.9461110420525,6.12960450351238,0.));
#13517=CARTESIAN_POINT('',(17.0504775829613,5.76739437878132,0.2));
#13518=CARTESIAN_POINT('',(17.0504775829613,5.76739437878132,0.));
#13519=CARTESIAN_POINT('Ctrl Pts',(17.0504775829613,5.76739437878132,0.2));
#13520=CARTESIAN_POINT('Ctrl Pts',(17.045967065124,5.8308388806675,0.2));
#13521=CARTESIAN_POINT('Ctrl Pts',(17.0368599722798,5.95893835615574,0.2));
#13522=CARTESIAN_POINT('Ctrl Pts',(16.9765506491067,6.07235853433146,0.2));
#13523=CARTESIAN_POINT('Ctrl Pts',(16.9461110420525,6.12960450351238,0.2));
#13524=CARTESIAN_POINT('Ctrl Pts',(16.9328096695244,5.37141896784306,0.));
#13525=CARTESIAN_POINT('Ctrl Pts',(16.9328096695244,5.37141896784306,0.2));
#13526=CARTESIAN_POINT('Ctrl Pts',(16.9671253318724,5.43452478921183,0.));
#13527=CARTESIAN_POINT('Ctrl Pts',(16.9671253318724,5.43452478921183,0.2));
#13528=CARTESIAN_POINT('Ctrl Pts',(17.0344121864323,5.55826397807754,0.));
#13529=CARTESIAN_POINT('Ctrl Pts',(17.0344121864323,5.55826397807754,0.2));
#13530=CARTESIAN_POINT('Ctrl Pts',(17.0451942636271,5.69861906486902,0.));
#13531=CARTESIAN_POINT('Ctrl Pts',(17.0451942636271,5.69861906486902,0.2));
#13532=CARTESIAN_POINT('Ctrl Pts',(17.0504775829613,5.76739437878132,0.));
#13533=CARTESIAN_POINT('Ctrl Pts',(17.0504775829613,5.76739437878132,0.2));
#13534=CARTESIAN_POINT('',(16.9328096695244,5.37141896784306,0.));
#13535=CARTESIAN_POINT('Ctrl Pts',(16.9328096695244,5.37141896784306,0.));
#13536=CARTESIAN_POINT('Ctrl Pts',(16.9671253318724,5.43452478921183,0.));
#13537=CARTESIAN_POINT('Ctrl Pts',(17.0344121864323,5.55826397807754,0.));
#13538=CARTESIAN_POINT('Ctrl Pts',(17.0451942636271,5.69861906486902,0.));
#13539=CARTESIAN_POINT('Ctrl Pts',(17.0504775829613,5.76739437878132,0.));
#13540=CARTESIAN_POINT('',(16.9328096695244,5.37141896784306,0.2));
#13541=CARTESIAN_POINT('',(16.9328096695244,5.37141896784306,0.));
#13542=CARTESIAN_POINT('Ctrl Pts',(16.9328096695244,5.37141896784306,0.2));
#13543=CARTESIAN_POINT('Ctrl Pts',(16.9671253318724,5.43452478921183,0.2));
#13544=CARTESIAN_POINT('Ctrl Pts',(17.0344121864323,5.55826397807754,0.2));
#13545=CARTESIAN_POINT('Ctrl Pts',(17.0451942636271,5.69861906486902,0.2));
#13546=CARTESIAN_POINT('Ctrl Pts',(17.0504775829613,5.76739437878132,0.2));
#13547=CARTESIAN_POINT('Ctrl Pts',(16.6074350662529,5.09106434881687,0.));
#13548=CARTESIAN_POINT('Ctrl Pts',(16.6074350662529,5.09106434881687,0.2));
#13549=CARTESIAN_POINT('Ctrl Pts',(16.6728269981025,5.12536372109302,0.));
#13550=CARTESIAN_POINT('Ctrl Pts',(16.6728269981025,5.12536372109302,0.2));
#13551=CARTESIAN_POINT('Ctrl Pts',(16.8030048399967,5.19364459512358,0.));
#13552=CARTESIAN_POINT('Ctrl Pts',(16.8030048399967,5.19364459512358,0.2));
#13553=CARTESIAN_POINT('Ctrl Pts',(16.8896758873443,5.31234504048624,0.));
#13554=CARTESIAN_POINT('Ctrl Pts',(16.8896758873443,5.31234504048624,0.2));
#13555=CARTESIAN_POINT('Ctrl Pts',(16.9328096695244,5.37141896784306,0.));
#13556=CARTESIAN_POINT('Ctrl Pts',(16.9328096695244,5.37141896784306,0.2));
#13557=CARTESIAN_POINT('',(16.6074350662529,5.09106434881687,0.));
#13558=CARTESIAN_POINT('Ctrl Pts',(16.6074350662529,5.09106434881687,0.));
#13559=CARTESIAN_POINT('Ctrl Pts',(16.6728269981025,5.12536372109302,0.));
#13560=CARTESIAN_POINT('Ctrl Pts',(16.8030048399967,5.19364459512358,0.));
#13561=CARTESIAN_POINT('Ctrl Pts',(16.8896758873443,5.31234504048624,0.));
#13562=CARTESIAN_POINT('Ctrl Pts',(16.9328096695244,5.37141896784306,0.));
#13563=CARTESIAN_POINT('',(16.6074350662529,5.09106434881687,0.2));
#13564=CARTESIAN_POINT('',(16.6074350662529,5.09106434881687,0.));
#13565=CARTESIAN_POINT('Ctrl Pts',(16.6074350662529,5.09106434881687,0.2));
#13566=CARTESIAN_POINT('Ctrl Pts',(16.6728269981025,5.12536372109302,0.2));
#13567=CARTESIAN_POINT('Ctrl Pts',(16.8030048399967,5.19364459512358,0.2));
#13568=CARTESIAN_POINT('Ctrl Pts',(16.8896758873443,5.31234504048624,0.2));
#13569=CARTESIAN_POINT('Ctrl Pts',(16.9328096695244,5.37141896784306,0.2));
#13570=CARTESIAN_POINT('Ctrl Pts',(16.0559335537255,5.00000007450581,0.));
#13571=CARTESIAN_POINT('Ctrl Pts',(16.0559335537255,5.00000007450581,0.2));
#13572=CARTESIAN_POINT('Ctrl Pts',(16.160191919646,5.00190460040108,0.));
#13573=CARTESIAN_POINT('Ctrl Pts',(16.160191919646,5.00190460040108,0.2));
#13574=CARTESIAN_POINT('Ctrl Pts',(16.348765958216,5.00534935168279,0.));
#13575=CARTESIAN_POINT('Ctrl Pts',(16.348765958216,5.00534935168279,0.2));
#13576=CARTESIAN_POINT('Ctrl Pts',(16.5275131822789,5.06458069134509,0.));
#13577=CARTESIAN_POINT('Ctrl Pts',(16.5275131822789,5.06458069134509,0.2));
#13578=CARTESIAN_POINT('Ctrl Pts',(16.6074350662529,5.09106434881687,0.));
#13579=CARTESIAN_POINT('Ctrl Pts',(16.6074350662529,5.09106434881687,0.2));
#13580=CARTESIAN_POINT('',(16.0559335537255,5.00000007450581,0.));
#13581=CARTESIAN_POINT('Ctrl Pts',(16.0559335537255,5.00000007450581,0.));
#13582=CARTESIAN_POINT('Ctrl Pts',(16.160191919646,5.00190460040108,0.));
#13583=CARTESIAN_POINT('Ctrl Pts',(16.348765958216,5.00534935168279,0.));
#13584=CARTESIAN_POINT('Ctrl Pts',(16.5275131822789,5.06458069134509,0.));
#13585=CARTESIAN_POINT('Ctrl Pts',(16.6074350662529,5.09106434881687,0.));
#13586=CARTESIAN_POINT('',(16.0559335537255,5.00000007450581,0.2));
#13587=CARTESIAN_POINT('',(16.0559335537255,5.00000007450581,0.));
#13588=CARTESIAN_POINT('Ctrl Pts',(16.0559335537255,5.00000007450581,0.2));
#13589=CARTESIAN_POINT('Ctrl Pts',(16.160191919646,5.00190460040108,0.2));
#13590=CARTESIAN_POINT('Ctrl Pts',(16.348765958216,5.00534935168279,0.2));
#13591=CARTESIAN_POINT('Ctrl Pts',(16.5275131822789,5.06458069134509,0.2));
#13592=CARTESIAN_POINT('Ctrl Pts',(16.6074350662529,5.09106434881687,0.2));
#13593=CARTESIAN_POINT('Origin',(14.9304226227105,5.00000007450581,0.));
#13594=CARTESIAN_POINT('',(14.9304226227105,5.00000007450581,0.));
#13595=CARTESIAN_POINT('',(22.2152113113552,5.00000007450581,0.));
#13596=CARTESIAN_POINT('',(14.9304226227105,5.00000007450581,0.2));
#13597=CARTESIAN_POINT('',(14.9304226227105,5.00000007450581,0.));
#13598=CARTESIAN_POINT('',(14.9304226227105,5.00000007450581,0.2));
#13599=CARTESIAN_POINT('Origin',(14.9304226227105,8.0000001937151,0.));
#13600=CARTESIAN_POINT('',(14.9304226227105,8.0000001937151,0.));
#13601=CARTESIAN_POINT('',(14.9304226227105,23.2500000968575,0.));
#13602=CARTESIAN_POINT('',(14.9304226227105,8.0000001937151,0.2));
#13603=CARTESIAN_POINT('',(14.9304226227105,8.0000001937151,0.));
#13604=CARTESIAN_POINT('',(14.9304226227105,8.0000001937151,0.2));
#13605=CARTESIAN_POINT('Origin',(16.0743513889611,8.0000001937151,0.));
#13606=CARTESIAN_POINT('',(22.7871756944805,8.0000001937151,0.));
#13607=CARTESIAN_POINT('',(16.0743513889611,8.0000001937151,0.2));
#13608=CARTESIAN_POINT('Origin',(29.9999997206032,6.94099597632885,0.2));
#13609=CARTESIAN_POINT('Origin',(29.5,38.5,0.));
#13610=CARTESIAN_POINT('',(70.5,82.5,0.));
#13611=CARTESIAN_POINT('',(65.5,87.5,0.));
#13612=CARTESIAN_POINT('Origin',(65.5,82.5,0.));
#13613=CARTESIAN_POINT('',(70.5,-5.50000000000001,0.));
#13614=CARTESIAN_POINT('',(70.5,87.5,0.));
#13615=CARTESIAN_POINT('',(65.5,-10.5,0.));
#13616=CARTESIAN_POINT('Origin',(65.5,-5.50000000000001,0.));
#13617=CARTESIAN_POINT('',(-6.5,-10.5,0.));
#13618=CARTESIAN_POINT('',(70.5,-10.5,0.));
#13619=CARTESIAN_POINT('',(-11.5,-5.50000000000001,0.));
#13620=CARTESIAN_POINT('Origin',(-6.5,-5.50000000000001,0.));
#13621=CARTESIAN_POINT('',(-11.5,82.5,0.));
#13622=CARTESIAN_POINT('',(-11.5,-10.5,0.));
#13623=CARTESIAN_POINT('',(-6.5,87.5,0.));
#13624=CARTESIAN_POINT('Origin',(-6.5,82.5,0.));
#13625=CARTESIAN_POINT('',(-11.5,87.5,0.));
#13626=CARTESIAN_POINT('',(62.5,82.5,0.));
#13627=CARTESIAN_POINT('Origin',(65.5,82.5,0.));
#13628=CARTESIAN_POINT('',(-9.5,-5.50000000000001,0.));
#13629=CARTESIAN_POINT('Origin',(-6.5,-5.50000000000001,0.));
#13630=CARTESIAN_POINT('',(-9.5,82.5,0.));
#13631=CARTESIAN_POINT('Origin',(-6.5,82.5,0.));
#13632=CARTESIAN_POINT('',(62.5,-5.50000000000001,0.));
#13633=CARTESIAN_POINT('Origin',(65.5,-5.50000000000001,0.));
#13634=CARTESIAN_POINT('Origin',(29.5,38.5,0.));
#13635=CARTESIAN_POINT('Origin',(29.5,38.5,0.));
#13636=CARTESIAN_POINT('Origin',(29.5,38.5,0.));
#13637=CARTESIAN_POINT('Origin',(29.5,38.5,0.));
#13638=CARTESIAN_POINT('Origin',(29.5,38.5,0.));
#13639=CARTESIAN_POINT('Origin',(29.5,38.5,0.));
#13640=CARTESIAN_POINT('Origin',(65.5,82.5,0.));
#13641=CARTESIAN_POINT('',(65.5,87.5,13.));
#13642=CARTESIAN_POINT('',(70.5,82.5,13.));
#13643=CARTESIAN_POINT('Origin',(65.5,82.5,13.));
#13644=CARTESIAN_POINT('',(70.5,82.5,0.));
#13645=CARTESIAN_POINT('',(65.5,87.5,0.));
#13646=CARTESIAN_POINT('Origin',(-6.5,82.5,13.));
#13647=CARTESIAN_POINT('',(-6.5,87.5,13.));
#13648=CARTESIAN_POINT('',(-11.5,87.5,13.));
#13649=CARTESIAN_POINT('',(-11.5,82.5,13.));
#13650=CARTESIAN_POINT('Origin',(-6.5,82.5,13.));
#13651=CARTESIAN_POINT('',(-11.5,-5.50000000000001,13.));
#13652=CARTESIAN_POINT('',(-11.5,-10.5,13.));
#13653=CARTESIAN_POINT('',(-6.5,-10.5,13.));
#13654=CARTESIAN_POINT('Origin',(-6.5,-5.50000000000001,13.));
#13655=CARTESIAN_POINT('',(6.926,-10.5,13.));
#13656=CARTESIAN_POINT('',(70.5,-10.5,13.));
#13657=CARTESIAN_POINT('',(6.926,0.,13.));
#13658=CARTESIAN_POINT('',(6.926,36.,13.));
#13659=CARTESIAN_POINT('',(0.,0.,13.));
#13660=CARTESIAN_POINT('',(0.,0.,13.));
#13661=CARTESIAN_POINT('',(4.10566168032657E-15,78.,13.));
#13662=CARTESIAN_POINT('',(4.10566168032657E-15,78.,13.));
#13663=CARTESIAN_POINT('',(61.,78.,13.));
#13664=CARTESIAN_POINT('',(61.,78.,13.));
#13665=CARTESIAN_POINT('',(61.,0.,13.));
#13666=CARTESIAN_POINT('',(61.,0.,13.));
#13667=CARTESIAN_POINT('',(25.426,0.,13.));
#13668=CARTESIAN_POINT('',(0.,0.,13.));
#13669=CARTESIAN_POINT('',(25.426,-10.5,13.));
#13670=CARTESIAN_POINT('',(25.426,41.25,13.));
#13671=CARTESIAN_POINT('',(65.5,-10.5,13.));
#13672=CARTESIAN_POINT('',(70.5,-10.5,13.));
#13673=CARTESIAN_POINT('',(70.5,-5.50000000000001,13.));
#13674=CARTESIAN_POINT('Origin',(65.5,-5.50000000000001,13.));
#13675=CARTESIAN_POINT('',(70.5,87.5,13.));
#13676=CARTESIAN_POINT('',(-8.2,82.5,13.));
#13677=CARTESIAN_POINT('Origin',(-6.5,82.5,13.));
#13678=CARTESIAN_POINT('',(63.8,-5.50000000000001,13.));
#13679=CARTESIAN_POINT('Origin',(65.5,-5.50000000000001,13.));
#13680=CARTESIAN_POINT('',(63.8,82.5,13.));
#13681=CARTESIAN_POINT('Origin',(65.5,82.5,13.));
#13682=CARTESIAN_POINT('',(-8.2,-5.50000000000001,13.));
#13683=CARTESIAN_POINT('Origin',(-6.5,-5.50000000000001,13.));
#13684=CARTESIAN_POINT('Origin',(70.5,87.5,0.));
#13685=CARTESIAN_POINT('',(-6.5,87.5,0.));
#13686=CARTESIAN_POINT('Origin',(-6.5,82.5,0.));
#13687=CARTESIAN_POINT('',(-11.5,82.5,0.));
#13688=CARTESIAN_POINT('Origin',(-6.5,-5.50000000000001,0.));
#13689=CARTESIAN_POINT('',(-11.5,-5.50000000000001,0.));
#13690=CARTESIAN_POINT('',(-6.5,-10.5,0.));
#13691=CARTESIAN_POINT('Origin',(-11.5,-10.5,0.));
#13692=CARTESIAN_POINT('',(65.5,-10.5,0.));
#13693=CARTESIAN_POINT('',(25.426,-10.5,5.5));
#13694=CARTESIAN_POINT('',(25.426,-10.5,6.5));
#13695=CARTESIAN_POINT('',(6.926,-10.5,5.5));
#13696=CARTESIAN_POINT('',(2.338,-10.5,5.5));
#13697=CARTESIAN_POINT('',(6.926,-10.5,6.5));
#13698=CARTESIAN_POINT('Origin',(65.5,-5.50000000000001,0.));
#13699=CARTESIAN_POINT('',(70.5,-5.50000000000001,0.));
#13700=CARTESIAN_POINT('Origin',(25.426,0.,13.));
#13701=CARTESIAN_POINT('',(25.426,0.,5.5));
#13702=CARTESIAN_POINT('',(25.426,0.,6.5));
#13703=CARTESIAN_POINT('',(25.426,0.,5.5));
#13704=CARTESIAN_POINT('Origin',(6.926,-10.5,13.));
#13705=CARTESIAN_POINT('',(6.926,0.,5.5));
#13706=CARTESIAN_POINT('',(6.926,-10.5,5.5));
#13707=CARTESIAN_POINT('',(6.926,0.,6.5));
#13708=CARTESIAN_POINT('Origin',(16.176,-5.25,5.5));
#13709=CARTESIAN_POINT('',(38.588,0.,5.5));
#13710=CARTESIAN_POINT('Origin',(30.5,39.,3.));
#13711=CARTESIAN_POINT('',(0.,0.,3.));
#13712=CARTESIAN_POINT('',(4.10566168032657E-15,78.,3.));
#13713=CARTESIAN_POINT('',(0.,19.5,3.));
#13714=CARTESIAN_POINT('',(61.,0.,3.));
#13715=CARTESIAN_POINT('',(45.75,0.,3.));
#13716=CARTESIAN_POINT('',(61.,78.,3.));
#13717=CARTESIAN_POINT('',(61.,58.5,3.));
#13718=CARTESIAN_POINT('',(15.25,78.,3.));
#13719=CARTESIAN_POINT('Origin',(61.,78.,0.));
#13720=CARTESIAN_POINT('',(61.,0.,0.));
#13721=CARTESIAN_POINT('',(61.,78.,0.));
#13722=CARTESIAN_POINT('Origin',(61.,0.,0.));
#13723=CARTESIAN_POINT('',(0.,0.,0.));
#13724=CARTESIAN_POINT('Origin',(-6.5,82.5,0.));
#13725=CARTESIAN_POINT('',(-9.5,82.5,3.1));
#13726=CARTESIAN_POINT('Origin',(-6.5,82.5,3.1));
#13727=CARTESIAN_POINT('',(-9.5,82.5,0.));
#13728=CARTESIAN_POINT('Origin',(-6.5,-5.50000000000001,0.));
#13729=CARTESIAN_POINT('',(-9.5,-5.50000000000001,3.1));
#13730=CARTESIAN_POINT('Origin',(-6.5,-5.50000000000001,3.1));
#13731=CARTESIAN_POINT('',(-9.5,-5.50000000000001,0.));
#13732=CARTESIAN_POINT('Origin',(65.5,-5.50000000000001,0.));
#13733=CARTESIAN_POINT('',(62.5,-5.50000000000001,3.1));
#13734=CARTESIAN_POINT('Origin',(65.5,-5.50000000000001,3.1));
#13735=CARTESIAN_POINT('',(62.5,-5.50000000000001,0.));
#13736=CARTESIAN_POINT('Origin',(65.5,82.5,0.));
#13737=CARTESIAN_POINT('',(62.5,82.5,3.1));
#13738=CARTESIAN_POINT('Origin',(65.5,82.5,3.1));
#13739=CARTESIAN_POINT('',(62.5,82.5,0.));
#13740=CARTESIAN_POINT('Origin',(0.,78.,0.));
#13741=CARTESIAN_POINT('',(4.10566168032657E-15,78.,0.));
#13742=CARTESIAN_POINT('Origin',(0.,0.,0.));
#13743=CARTESIAN_POINT('Origin',(-11.5,87.5,0.));
#13744=CARTESIAN_POINT('Origin',(70.5,-10.5,0.));
#13745=CARTESIAN_POINT('Origin',(29.5,38.5,0.));
#13746=CARTESIAN_POINT('Origin',(65.5,82.5,3.1));
#13747=CARTESIAN_POINT('',(63.8,82.5,3.1));
#13748=CARTESIAN_POINT('',(63.8,82.5,3.1));
#13749=CARTESIAN_POINT('Origin',(65.5,82.5,3.1));
#13750=CARTESIAN_POINT('Origin',(65.5,82.5,3.1));
#13751=CARTESIAN_POINT('Origin',(65.5,-5.50000000000001,3.1));
#13752=CARTESIAN_POINT('',(63.8,-5.50000000000001,3.1));
#13753=CARTESIAN_POINT('',(63.8,-5.50000000000001,3.1));
#13754=CARTESIAN_POINT('Origin',(65.5,-5.50000000000001,3.1));
#13755=CARTESIAN_POINT('Origin',(65.5,-5.50000000000001,3.1));
#13756=CARTESIAN_POINT('Origin',(-6.5,-5.50000000000001,3.1));
#13757=CARTESIAN_POINT('',(-8.2,-5.50000000000001,3.1));
#13758=CARTESIAN_POINT('',(-8.2,-5.50000000000001,3.1));
#13759=CARTESIAN_POINT('Origin',(-6.5,-5.50000000000001,3.1));
#13760=CARTESIAN_POINT('Origin',(-6.5,-5.50000000000001,3.1));
#13761=CARTESIAN_POINT('Origin',(-6.5,82.5,3.1));
#13762=CARTESIAN_POINT('',(-8.2,82.5,3.1));
#13763=CARTESIAN_POINT('',(-8.2,82.5,3.1));
#13764=CARTESIAN_POINT('Origin',(-6.5,82.5,3.1));
#13765=CARTESIAN_POINT('Origin',(-6.5,82.5,3.1));
#13766=CARTESIAN_POINT('',(0.,0.,0.));
#13767=UNCERTAINTY_MEASURE_WITH_UNIT(LENGTH_MEASURE(0.01),#13773,
'DISTANCE_ACCURACY_VALUE',
'Maximum model space distance between geometric entities at asserted c
onnectivities');
#13768=UNCERTAINTY_MEASURE_WITH_UNIT(LENGTH_MEASURE(0.01),#13773,
'DISTANCE_ACCURACY_VALUE',
'Maximum model space distance between geometric entities at asserted c
onnectivities');
#13769=UNCERTAINTY_MEASURE_WITH_UNIT(LENGTH_MEASURE(0.01),#13773,
'DISTANCE_ACCURACY_VALUE',
'Maximum model space distance between geometric entities at asserted c
onnectivities');
#13770=(
GEOMETRIC_REPRESENTATION_CONTEXT(3)
GLOBAL_UNCERTAINTY_ASSIGNED_CONTEXT((#13767))
GLOBAL_UNIT_ASSIGNED_CONTEXT((#13773,#13775,#13776))
REPRESENTATION_CONTEXT('','3D')
);
#13771=(
GEOMETRIC_REPRESENTATION_CONTEXT(3)
GLOBAL_UNCERTAINTY_ASSIGNED_CONTEXT((#13768))
GLOBAL_UNIT_ASSIGNED_CONTEXT((#13773,#13775,#13776))
REPRESENTATION_CONTEXT('','3D')
);
#13772=(
GEOMETRIC_REPRESENTATION_CONTEXT(3)
GLOBAL_UNCERTAINTY_ASSIGNED_CONTEXT((#13769))
GLOBAL_UNIT_ASSIGNED_CONTEXT((#13773,#13775,#13776))
REPRESENTATION_CONTEXT('','3D')
);
#13773=(
LENGTH_UNIT()
NAMED_UNIT(*)
SI_UNIT(.MILLI.,.METRE.)
);
#13774=(
LENGTH_UNIT()
NAMED_UNIT(*)
SI_UNIT($,.METRE.)
);
#13775=(
NAMED_UNIT(*)
PLANE_ANGLE_UNIT()
SI_UNIT($,.RADIAN.)
);
#13776=(
NAMED_UNIT(*)
SI_UNIT($,.STERADIAN.)
SOLID_ANGLE_UNIT()
);
#13777=SHAPE_DEFINITION_REPRESENTATION(#13779,#13782);
#13778=SHAPE_DEFINITION_REPRESENTATION(#13780,#13783);
#13779=PRODUCT_DEFINITION_SHAPE('',$,#13785);
#13780=PRODUCT_DEFINITION_SHAPE('',$,#13786);
#13781=PRODUCT_DEFINITION_SHAPE($,$,#14);
#13782=SHAPE_REPRESENTATION('',(#6863,#7034),#13770);
#13783=SHAPE_REPRESENTATION('',(#6864),#13771);
#13784=PRODUCT_DEFINITION_CONTEXT('part definition',#13792,'design');
#13785=PRODUCT_DEFINITION('2025-11-23-20-39-16-389','MacroPadCase',#13787,
#13784);
#13786=PRODUCT_DEFINITION('2025-11-23-20-40-44-738','IDKCase?',#13788,#13784);
#13787=PRODUCT_DEFINITION_FORMATION('',$,#13794);
#13788=PRODUCT_DEFINITION_FORMATION('',$,#13795);
#13789=PRODUCT_RELATED_PRODUCT_CATEGORY('MacroPadCase','MacroPadCase',(#13794));
#13790=PRODUCT_RELATED_PRODUCT_CATEGORY('IDKCase?','IDKCase?',(#13795));
#13791=APPLICATION_PROTOCOL_DEFINITION('international standard',
'automotive_design',2009,#13792);
#13792=APPLICATION_CONTEXT(
'Core Data for Automotive Mechanical Design Process');
#13793=PRODUCT_CONTEXT('part definition',#13792,'mechanical');
#13794=PRODUCT('2025-11-23-20-39-16-389','MacroPadCase',$,(#13793));
#13795=PRODUCT('2025-11-23-20-40-44-738','IDKCase?',$,(#13793));
#13796=PRESENTATION_STYLE_ASSIGNMENT((#13797));
#13797=SURFACE_STYLE_USAGE(.BOTH.,#13798);
#13798=SURFACE_SIDE_STYLE('',(#13799));
#13799=SURFACE_STYLE_FILL_AREA(#13800);
#13800=FILL_AREA_STYLE('Steel - Satin',(#13801));
#13801=FILL_AREA_STYLE_COLOUR('Steel - Satin',#13802);
#13802=COLOUR_RGB('Steel - Satin',0.627450980392157,0.627450980392157,0.627450980392157);
ENDSEC;
END-ISO-10303-21;
